ligne,colonne,x_val,mu1,mu2,mu3
0,0,15.28800000000000026,1.00000000000000000,0.00000000000000000,0.00000000000000000
1,0,11.16039999999999921,1.00000000000000000,0.00000000000000000,0.00000000000000000
2,0,0.13586999999999999,1.00000000000000000,0.00000000000000000,0.00000000000000000
3,0,0.09164000000000000,1.00000000000000000,0.00000000000000000,0.00000000000000000
4,0,8.98296000000000028,1.00000000000000000,0.00000000000000000,0.00000000000000000
5,0,1.62864000000000009,1.00000000000000000,0.00000000000000000,0.00000000000000000
6,0,0.11747000000000000,1.00000000000000000,0.00000000000000000,0.00000000000000000
7,0,6.65491999999999972,1.00000000000000000,0.00000000000000000,0.00000000000000000
8,0,1.41385000000000005,1.00000000000000000,0.00000000000000000,0.00000000000000000
9,0,2.30039999999999978,1.00000000000000000,0.00000000000000000,0.00000000000000000
10,0,0.06162000000000000,1.00000000000000000,0.00000000000000000,0.00000000000000000
11,0,4.09740000000000038,1.00000000000000000,0.00000000000000000,0.00000000000000000
12,0,0.12650000000000000,1.00000000000000000,0.00000000000000000,0.00000000000000000
13,0,0.10290000000000001,1.00000000000000000,0.00000000000000000,0.00000000000000000
14,0,0.09064999999999999,1.00000000000000000,0.00000000000000000,0.00000000000000000
15,0,0.02543000000000000,1.00000000000000000,0.00000000000000000,0.00000000000000000
16,0,0.01301000000000000,1.00000000000000000,0.00000000000000000,0.00000000000000000
17,0,11.10810000000000031,1.00000000000000000,0.00000000000000000,0.00000000000000000
18,0,0.11132000000000000,1.00000000000000000,0.00000000000000000,0.00000000000000000
19,0,0.14932000000000001,1.00000000000000000,0.00000000000000000,0.00000000000000000
20,0,0.01538000000000000,1.00000000000000000,0.00000000000000000,0.00000000000000000
21,0,0.46295999999999998,1.00000000000000000,0.00000000000000000,0.00000000000000000
22,0,0.19802000000000000,1.00000000000000000,0.00000000000000000,0.00000000000000000
23,0,0.14455000000000001,1.00000000000000000,0.00000000000000000,0.00000000000000000
24,0,0.09178000000000000,1.00000000000000000,0.00000000000000000,0.00000000000000000
25,0,0.03871000000000000,1.00000000000000000,0.00000000000000000,0.00000000000000000
26,0,0.01951000000000000,1.00000000000000000,0.00000000000000000,0.00000000000000000
27,0,1.35471999999999992,1.00000000000000000,0.00000000000000000,0.00000000000000000
28,0,5.66636999999999968,1.00000000000000000,0.00000000000000000,0.00000000000000000
29,0,0.54452000000000000,1.00000000000000000,0.00000000000000000,0.00000000000000000
30,0,0.44790999999999997,1.00000000000000000,0.00000000000000000,0.00000000000000000
31,0,18.81099999999999994,1.00000000000000000,0.00000000000000000,0.00000000000000000
32,0,3.47427999999999981,1.00000000000000000,0.00000000000000000,0.00000000000000000
33,0,0.24979999999999999,1.00000000000000000,0.00000000000000000,0.00000000000000000
34,0,67.92079999999999984,0.00000000000000000,0.00000000000000000,1.00000000000000000
35,0,0.07013000000000000,1.00000000000000000,0.00000000000000000,0.00000000000000000
36,0,0.06417000000000000,1.00000000000000000,0.00000000000000000,0.00000000000000000
37,0,0.11069000000000000,1.00000000000000000,0.00000000000000000,0.00000000000000000
38,0,6.39311999999999969,1.00000000000000000,0.00000000000000000,0.00000000000000000
39,0,0.08706999999999999,1.00000000000000000,0.00000000000000000,0.00000000000000000
40,0,4.54192000000000018,1.00000000000000000,0.00000000000000000,0.00000000000000000
41,0,0.03738000000000000,1.00000000000000000,0.00000000000000000,0.00000000000000000
42,0,0.35232999999999998,1.00000000000000000,0.00000000000000000,0.00000000000000000
43,0,0.11432000000000000,1.00000000000000000,0.00000000000000000,0.00000000000000000
44,0,0.01870000000000000,1.00000000000000000,0.00000000000000000,0.00000000000000000
45,0,11.57789999999999964,1.00000000000000000,0.00000000000000000,0.00000000000000000
46,0,0.19539000000000001,1.00000000000000000,0.00000000000000000,0.00000000000000000
47,0,0.16760000000000000,1.00000000000000000,0.00000000000000000,0.00000000000000000
48,0,0.18836000000000000,1.00000000000000000,0.00000000000000000,0.00000000000000000
49,0,9.96654000000000018,1.00000000000000000,0.00000000000000000,0.00000000000000000
50,0,0.08370000000000000,1.00000000000000000,0.00000000000000000,0.00000000000000000
51,0,7.05041999999999991,1.00000000000000000,0.00000000000000000,0.00000000000000000
52,0,0.57528999999999997,1.00000000000000000,0.00000000000000000,0.00000000000000000
53,0,0.26938000000000001,1.00000000000000000,0.00000000000000000,0.00000000000000000
54,0,16.81180000000000163,1.00000000000000000,0.00000000000000000,0.00000000000000000
55,0,0.63795999999999997,1.00000000000000000,0.00000000000000000,0.00000000000000000
56,0,0.04544000000000000,1.00000000000000000,0.00000000000000000,0.00000000000000000
57,0,0.19186000000000000,1.00000000000000000,0.00000000000000000,0.00000000000000000
58,0,0.06617000000000001,1.00000000000000000,0.00000000000000000,0.00000000000000000
59,0,23.64819999999999922,0.93708387602635856,0.06291612397364138,0.00000000000000000
60,0,28.65579999999999927,0.71194700948231027,0.28805299051768973,0.00000000000000000
61,0,9.18702000000000041,1.00000000000000000,0.00000000000000000,0.00000000000000000
62,0,0.05302000000000000,1.00000000000000000,0.00000000000000000,0.00000000000000000
63,0,0.54010999999999998,1.00000000000000000,0.00000000000000000,0.00000000000000000
64,0,0.03615000000000000,1.00000000000000000,0.00000000000000000,0.00000000000000000
65,0,15.02340000000000053,1.00000000000000000,0.00000000000000000,0.00000000000000000
66,0,0.07151000000000000,1.00000000000000000,0.00000000000000000,0.00000000000000000
67,0,0.03551000000000000,1.00000000000000000,0.00000000000000000,0.00000000000000000
68,0,4.66882999999999981,1.00000000000000000,0.00000000000000000,0.00000000000000000
69,0,0.13058000000000000,1.00000000000000000,0.00000000000000000,0.00000000000000000
70,0,9.23230000000000040,1.00000000000000000,0.00000000000000000,0.00000000000000000
71,0,5.66997999999999980,1.00000000000000000,0.00000000000000000,0.00000000000000000
72,0,0.00632000000000000,1.00000000000000000,0.00000000000000000,0.00000000000000000
73,0,10.67179999999999929,1.00000000000000000,0.00000000000000000,0.00000000000000000
74,0,0.12579000000000001,1.00000000000000000,0.00000000000000000,0.00000000000000000
75,0,1.23246999999999995,1.00000000000000000,0.00000000000000000,0.00000000000000000
76,0,0.20746000000000001,1.00000000000000000,0.00000000000000000,0.00000000000000000
77,0,4.55586999999999964,1.00000000000000000,0.00000000000000000,0.00000000000000000
78,0,0.35809000000000002,1.00000000000000000,0.00000000000000000,0.00000000000000000
79,0,12.24719999999999942,1.00000000000000000,0.00000000000000000,0.00000000000000000
80,0,0.78569999999999995,1.00000000000000000,0.00000000000000000,0.00000000000000000
81,0,0.02498000000000000,1.00000000000000000,0.00000000000000000,0.00000000000000000
82,0,0.22489000000000001,1.00000000000000000,0.00000000000000000,0.00000000000000000
83,0,14.43829999999999991,1.00000000000000000,0.00000000000000000,0.00000000000000000
84,0,0.05660000000000000,1.00000000000000000,0.00000000000000000,0.00000000000000000
85,0,0.24102999999999999,1.00000000000000000,0.00000000000000000,0.00000000000000000
86,0,11.95110000000000028,1.00000000000000000,0.00000000000000000,0.00000000000000000
87,0,0.09068000000000000,1.00000000000000000,0.00000000000000000,0.00000000000000000
88,0,0.03445000000000000,1.00000000000000000,0.00000000000000000,0.00000000000000000
89,0,7.83931999999999984,1.00000000000000000,0.00000000000000000,0.00000000000000000
90,0,0.25198999999999999,1.00000000000000000,0.00000000000000000,0.00000000000000000
91,0,8.71674999999999933,1.00000000000000000,0.00000000000000000,0.00000000000000000
92,0,0.22438000000000000,1.00000000000000000,0.00000000000000000,0.00000000000000000
93,0,0.11459999999999999,1.00000000000000000,0.00000000000000000,0.00000000000000000
94,0,0.01311000000000000,1.00000000000000000,0.00000000000000000,0.00000000000000000
95,0,1.00245000000000006,1.00000000000000000,0.00000000000000000,0.00000000000000000
96,0,0.07165000000000001,1.00000000000000000,0.00000000000000000,0.00000000000000000
97,0,0.04417000000000000,1.00000000000000000,0.00000000000000000,0.00000000000000000
98,0,3.32105000000000006,1.00000000000000000,0.00000000000000000,0.00000000000000000
99,0,0.06047000000000000,1.00000000000000000,0.00000000000000000,0.00000000000000000
100,0,0.11425000000000000,1.00000000000000000,0.00000000000000000,0.00000000000000000
101,0,0.26168999999999998,1.00000000000000000,0.00000000000000000,0.00000000000000000
102,0,0.04462000000000000,1.00000000000000000,0.00000000000000000,0.00000000000000000
103,0,0.80271000000000003,1.00000000000000000,0.00000000000000000,0.00000000000000000
104,0,0.02055000000000000,1.00000000000000000,0.00000000000000000,0.00000000000000000
105,0,0.29819000000000001,1.00000000000000000,0.00000000000000000,0.00000000000000000
106,0,5.44113999999999987,1.00000000000000000,0.00000000000000000,0.00000000000000000
107,0,0.05497000000000000,1.00000000000000000,0.00000000000000000,0.00000000000000000
108,0,7.02259000000000011,1.00000000000000000,0.00000000000000000,0.00000000000000000
109,0,0.03466000000000000,1.00000000000000000,0.00000000000000000,0.00000000000000000
110,0,0.40201999999999999,1.00000000000000000,0.00000000000000000,0.00000000000000000
111,0,5.70817999999999959,1.00000000000000000,0.00000000000000000,0.00000000000000000
112,0,0.12744000000000000,1.00000000000000000,0.00000000000000000,0.00000000000000000
113,0,0.24521999999999999,1.00000000000000000,0.00000000000000000,0.00000000000000000
114,0,0.22212000000000001,1.00000000000000000,0.00000000000000000,0.00000000000000000
115,0,9.72418000000000049,1.00000000000000000,0.00000000000000000,0.00000000000000000
116,0,0.05561000000000000,1.00000000000000000,0.00000000000000000,0.00000000000000000
117,0,24.80170000000000030,0.88522362849090053,0.11477637150909949,0.00000000000000000
118,0,1.61281999999999992,1.00000000000000000,0.00000000000000000,0.00000000000000000
119,0,88.97620000000000573,0.00000000000000000,0.00000000000000000,1.00000000000000000
120,0,14.05070000000000086,1.00000000000000000,0.00000000000000000,0.00000000000000000
121,0,0.02899000000000000,1.00000000000000000,0.00000000000000000,0.00000000000000000
122,0,0.65664999999999996,1.00000000000000000,0.00000000000000000,0.00000000000000000
123,0,0.76161999999999996,1.00000000000000000,0.00000000000000000,0.00000000000000000
124,0,0.14476000000000000,1.00000000000000000,0.00000000000000000,0.00000000000000000
125,0,0.09378000000000000,1.00000000000000000,0.00000000000000000,0.00000000000000000
126,0,0.06151000000000000,1.00000000000000000,0.00000000000000000,0.00000000000000000
127,0,1.34284000000000003,1.00000000000000000,0.00000000000000000,0.00000000000000000
128,0,25.04609999999999914,0.87423564019643507,0.12576435980356493,0.00000000000000000
129,0,0.02763000000000000,1.00000000000000000,0.00000000000000000,0.00000000000000000
130,0,0.02177000000000000,1.00000000000000000,0.00000000000000000,0.00000000000000000
131,0,10.06230000000000047,1.00000000000000000,0.00000000000000000,0.00000000000000000
132,0,3.16360000000000019,1.00000000000000000,0.00000000000000000,0.00000000000000000
133,0,0.33983000000000002,1.00000000000000000,0.00000000000000000,0.00000000000000000
134,0,0.33045000000000002,1.00000000000000000,0.00000000000000000,0.00000000000000000
135,0,0.14052000000000001,1.00000000000000000,0.00000000000000000,0.00000000000000000
136,0,0.12931999999999999,1.00000000000000000,0.00000000000000000,0.00000000000000000
137,0,8.49212999999999951,1.00000000000000000,0.00000000000000000,0.00000000000000000
138,0,9.92484999999999928,1.00000000000000000,0.00000000000000000,0.00000000000000000
139,0,0.17782999999999999,1.00000000000000000,0.00000000000000000,0.00000000000000000
140,0,0.23912000000000000,1.00000000000000000,0.00000000000000000,0.00000000000000000
141,0,0.17505000000000001,1.00000000000000000,0.00000000000000000,0.00000000000000000
142,0,0.02009000000000000,1.00000000000000000,0.00000000000000000,0.00000000000000000
143,0,0.05372000000000000,1.00000000000000000,0.00000000000000000,0.00000000000000000
144,0,2.63547999999999982,1.00000000000000000,0.00000000000000000,0.00000000000000000
145,0,0.52058000000000004,1.00000000000000000,0.00000000000000000,0.00000000000000000
146,0,0.62975999999999999,1.00000000000000000,0.00000000000000000,0.00000000000000000
147,0,6.28807000000000027,1.00000000000000000,0.00000000000000000,0.00000000000000000
148,0,0.14230999999999999,1.00000000000000000,0.00000000000000000,0.00000000000000000
149,0,0.08873000000000000,1.00000000000000000,0.00000000000000000,0.00000000000000000
150,0,14.42079999999999984,1.00000000000000000,0.00000000000000000,0.00000000000000000
151,0,0.22927000000000000,1.00000000000000000,0.00000000000000000,0.00000000000000000
152,0,0.47547000000000000,1.00000000000000000,0.00000000000000000,0.00000000000000000
153,0,0.22875999999999999,1.00000000000000000,0.00000000000000000,0.00000000000000000
154,0,0.04932000000000000,1.00000000000000000,0.00000000000000000,0.00000000000000000
155,0,5.20176999999999978,1.00000000000000000,0.00000000000000000,0.00000000000000000
156,0,0.01360000000000000,1.00000000000000000,0.00000000000000000,0.00000000000000000
157,0,0.26838000000000001,1.00000000000000000,0.00000000000000000,0.00000000000000000
158,0,3.69310999999999989,1.00000000000000000,0.00000000000000000,0.00000000000000000
159,0,0.16439000000000001,1.00000000000000000,0.00000000000000000,0.00000000000000000
160,0,3.83684000000000003,1.00000000000000000,0.00000000000000000,0.00000000000000000
161,0,0.06905000000000000,1.00000000000000000,0.00000000000000000,0.00000000000000000
162,0,38.35179999999999723,0.27602420054966942,0.72397579945033053,0.00000000000000000
163,0,0.06859999999999999,1.00000000000000000,0.00000000000000000,0.00000000000000000
164,0,0.12329000000000000,1.00000000000000000,0.00000000000000000,0.00000000000000000
165,0,0.01096000000000000,1.00000000000000000,0.00000000000000000,0.00000000000000000
166,0,0.61470000000000002,1.00000000000000000,0.00000000000000000,0.00000000000000000
167,0,0.12268999999999999,1.00000000000000000,0.00000000000000000,0.00000000000000000
168,0,0.07244000000000000,1.00000000000000000,0.00000000000000000,0.00000000000000000
169,0,0.29089999999999999,1.00000000000000000,0.00000000000000000,0.00000000000000000
170,0,0.03584000000000000,1.00000000000000000,0.00000000000000000,0.00000000000000000
171,0,0.05789000000000000,1.00000000000000000,0.00000000000000000,0.00000000000000000
172,0,0.05479000000000000,1.00000000000000000,0.00000000000000000,0.00000000000000000
173,0,0.05188000000000000,1.00000000000000000,0.00000000000000000,0.00000000000000000
174,0,0.01778000000000000,1.00000000000000000,0.00000000000000000,0.00000000000000000
175,0,2.24236000000000013,1.00000000000000000,0.00000000000000000,0.00000000000000000
176,0,0.09512000000000000,1.00000000000000000,0.00000000000000000,0.00000000000000000
177,0,0.25914999999999999,1.00000000000000000,0.00000000000000000,0.00000000000000000
178,0,0.07950000000000000,1.00000000000000000,0.00000000000000000,0.00000000000000000
179,0,0.17899000000000001,1.00000000000000000,0.00000000000000000,0.00000000000000000
180,0,0.10793000000000000,1.00000000000000000,0.00000000000000000,0.00000000000000000
181,0,0.05023000000000000,1.00000000000000000,0.00000000000000000,0.00000000000000000
182,0,2.14917999999999987,1.00000000000000000,0.00000000000000000,0.00000000000000000
183,0,4.81212999999999980,1.00000000000000000,0.00000000000000000,0.00000000000000000
184,0,5.73116000000000003,1.00000000000000000,0.00000000000000000,0.00000000000000000
185,0,0.12204000000000000,1.00000000000000000,0.00000000000000000,0.00000000000000000
186,0,8.79212000000000060,1.00000000000000000,0.00000000000000000,0.00000000000000000
187,0,0.03548000000000000,1.00000000000000000,0.00000000000000000,0.00000000000000000
188,0,0.17119999999999999,1.00000000000000000,0.00000000000000000,0.00000000000000000
189,0,0.62739000000000000,1.00000000000000000,0.00000000000000000,0.00000000000000000
190,0,20.71620000000000061,1.00000000000000000,0.00000000000000000,0.00000000000000000
191,0,0.61153999999999997,1.00000000000000000,0.00000000000000000,0.00000000000000000
192,0,0.09299000000000000,1.00000000000000000,0.00000000000000000,0.00000000000000000
193,0,0.03537000000000000,1.00000000000000000,0.00000000000000000,0.00000000000000000
194,0,0.01432000000000000,1.00000000000000000,0.00000000000000000,0.00000000000000000
195,0,41.52920000000000300,0.13317136091450277,0.86682863908549723,0.00000000000000000
196,0,0.77298999999999995,1.00000000000000000,0.00000000000000000,0.00000000000000000
197,0,8.05579000000000001,1.00000000000000000,0.00000000000000000,0.00000000000000000
198,0,0.54049999999999998,1.00000000000000000,0.00000000000000000,0.00000000000000000
199,0,0.03705000000000000,1.00000000000000000,0.00000000000000000,0.00000000000000000
200,0,2.92399999999999993,1.00000000000000000,0.00000000000000000,0.00000000000000000
201,0,0.09604000000000000,1.00000000000000000,0.00000000000000000,0.00000000000000000
202,0,13.52219999999999978,1.00000000000000000,0.00000000000000000,0.00000000000000000
203,0,0.17330999999999999,1.00000000000000000,0.00000000000000000,0.00000000000000000
204,0,45.74609999999999843,0.00000000000000000,0.94358360379939843,0.05641639620060156
205,0,20.08490000000000109,1.00000000000000000,0.00000000000000000,0.00000000000000000
206,0,0.01381000000000000,1.00000000000000000,0.00000000000000000,0.00000000000000000
207,0,0.13642000000000001,1.00000000000000000,0.00000000000000000,0.00000000000000000
208,0,0.28960000000000002,1.00000000000000000,0.00000000000000000,0.00000000000000000
209,0,17.86670000000000158,1.00000000000000000,0.00000000000000000,0.00000000000000000
210,0,18.49820000000000064,1.00000000000000000,0.00000000000000000,0.00000000000000000
211,0,0.15098000000000000,1.00000000000000000,0.00000000000000000,0.00000000000000000
212,0,0.55006999999999995,1.00000000000000000,0.00000000000000000,0.00000000000000000
213,0,22.05110000000000170,1.00000000000000000,0.00000000000000000,0.00000000000000000
214,0,0.00906000000000000,1.00000000000000000,0.00000000000000000,0.00000000000000000
215,0,25.94059999999999988,0.83401978287483358,0.16598021712516639,0.00000000000000000
216,0,0.04560000000000000,1.00000000000000000,0.00000000000000000,0.00000000000000000
217,0,0.14030000000000001,1.00000000000000000,0.00000000000000000,0.00000000000000000
218,0,0.03237000000000000,1.00000000000000000,0.00000000000000000,0.00000000000000000
219,0,0.11027000000000001,1.00000000000000000,0.00000000000000000,0.00000000000000000
220,0,0.06587999999999999,1.00000000000000000,0.00000000000000000,0.00000000000000000
221,0,15.57569999999999943,1.00000000000000000,0.00000000000000000,0.00000000000000000
222,0,13.07510000000000083,1.00000000000000000,0.00000000000000000,0.00000000000000000
223,0,13.35979999999999990,1.00000000000000000,0.00000000000000000,0.00000000000000000
224,0,5.82115000000000027,1.00000000000000000,0.00000000000000000,0.00000000000000000
225,0,0.09103000000000000,1.00000000000000000,0.00000000000000000,0.00000000000000000
226,0,6.53875999999999991,1.00000000000000000,0.00000000000000000,0.00000000000000000
227,0,0.04297000000000000,1.00000000000000000,0.00000000000000000,0.00000000000000000
228,0,0.01709000000000000,1.00000000000000000,0.00000000000000000,0.00000000000000000
229,0,51.13580000000000325,0.00000000000000000,0.70126788976224319,0.29873211023775675
230,0,0.09848999999999999,1.00000000000000000,0.00000000000000000,0.00000000000000000
231,0,1.05393000000000003,1.00000000000000000,0.00000000000000000,0.00000000000000000
232,0,0.10574000000000000,1.00000000000000000,0.00000000000000000,0.00000000000000000
233,0,0.09266000000000001,1.00000000000000000,0.00000000000000000,0.00000000000000000
234,0,3.56868000000000007,1.00000000000000000,0.00000000000000000,0.00000000000000000
235,0,0.22969000000000001,1.00000000000000000,0.00000000000000000,0.00000000000000000
236,0,0.05515000000000000,1.00000000000000000,0.00000000000000000,0.00000000000000000
237,0,0.13117000000000001,1.00000000000000000,0.00000000000000000,0.00000000000000000
238,0,0.08387000000000000,1.00000000000000000,0.00000000000000000,0.00000000000000000
239,0,0.01501000000000000,1.00000000000000000,0.00000000000000000,0.00000000000000000
240,0,0.49297999999999997,1.00000000000000000,0.00000000000000000,0.00000000000000000
241,0,0.04981000000000000,1.00000000000000000,0.00000000000000000,0.00000000000000000
242,0,1.20741999999999994,1.00000000000000000,0.00000000000000000,0.00000000000000000
243,0,2.36861999999999995,1.00000000000000000,0.00000000000000000,0.00000000000000000
244,0,0.01501000000000000,1.00000000000000000,0.00000000000000000,0.00000000000000000
245,0,1.15172000000000008,1.00000000000000000,0.00000000000000000,0.00000000000000000
246,0,0.05425000000000000,1.00000000000000000,0.00000000000000000,0.00000000000000000
247,0,0.04203000000000000,1.00000000000000000,0.00000000000000000,0.00000000000000000
248,0,0.30347000000000002,1.00000000000000000,0.00000000000000000,0.00000000000000000
249,0,0.10084000000000000,1.00000000000000000,0.00000000000000000,0.00000000000000000
250,0,0.08265000000000000,1.00000000000000000,0.00000000000000000,0.00000000000000000
251,0,5.87204999999999977,1.00000000000000000,0.00000000000000000,0.00000000000000000
252,0,1.49632000000000009,1.00000000000000000,0.00000000000000000,0.00000000000000000
253,0,0.05602000000000000,1.00000000000000000,0.00000000000000000,0.00000000000000000
254,0,0.21409000000000000,1.00000000000000000,0.00000000000000000,0.00000000000000000
255,0,0.03961000000000000,1.00000000000000000,0.00000000000000000,0.00000000000000000
256,0,2.31389999999999985,1.00000000000000000,0.00000000000000000,0.00000000000000000
257,0,13.67810000000000059,1.00000000000000000,0.00000000000000000,0.00000000000000000
258,0,12.04819999999999958,1.00000000000000000,0.00000000000000000,0.00000000000000000
259,0,8.26725000000000065,1.00000000000000000,0.00000000000000000,0.00000000000000000
260,0,0.37578000000000000,1.00000000000000000,0.00000000000000000,0.00000000000000000
261,0,9.51362999999999914,1.00000000000000000,0.00000000000000000,0.00000000000000000
262,0,0.06263000000000001,1.00000000000000000,0.00000000000000000,0.00000000000000000
263,0,0.38735000000000003,1.00000000000000000,0.00000000000000000,0.00000000000000000
264,0,0.32982000000000000,1.00000000000000000,0.00000000000000000,0.00000000000000000
265,0,0.10000000000000001,1.00000000000000000,0.00000000000000000,0.00000000000000000
266,0,0.03768000000000000,1.00000000000000000,0.00000000000000000,0.00000000000000000
267,0,2.44668000000000019,1.00000000000000000,0.00000000000000000,0.00000000000000000
268,0,0.05059000000000000,1.00000000000000000,0.00000000000000000,0.00000000000000000
269,0,0.13158000000000000,1.00000000000000000,0.00000000000000000,0.00000000000000000
270,0,0.01965000000000000,1.00000000000000000,0.00000000000000000,0.00000000000000000
271,0,4.87141000000000002,1.00000000000000000,0.00000000000000000,0.00000000000000000
272,0,0.97616999999999998,1.00000000000000000,0.00000000000000000,0.00000000000000000
273,0,0.07503000000000000,1.00000000000000000,0.00000000000000000,0.00000000000000000
274,0,4.89822000000000024,1.00000000000000000,0.00000000000000000,0.00000000000000000
275,0,0.03932000000000000,1.00000000000000000,0.00000000000000000,0.00000000000000000
276,0,0.05780000000000000,1.00000000000000000,0.00000000000000000,0.00000000000000000
277,0,0.12083000000000001,1.00000000000000000,0.00000000000000000,0.00000000000000000
278,0,0.08826000000000001,1.00000000000000000,0.00000000000000000,0.00000000000000000
279,0,0.32543000000000000,1.00000000000000000,0.00000000000000000,0.00000000000000000
280,0,0.10612000000000001,1.00000000000000000,0.00000000000000000,0.00000000000000000
281,0,1.46335999999999999,1.00000000000000000,0.00000000000000000,0.00000000000000000
282,0,0.78420000000000001,1.00000000000000000,0.00000000000000000,0.00000000000000000
283,0,5.82401000000000035,1.00000000000000000,0.00000000000000000,0.00000000000000000
284,0,2.73396999999999979,1.00000000000000000,0.00000000000000000,0.00000000000000000
285,0,0.06127000000000000,1.00000000000000000,0.00000000000000000,0.00000000000000000
286,0,0.04590000000000000,1.00000000000000000,0.00000000000000000,0.00000000000000000
287,0,0.10153000000000000,1.00000000000000000,0.00000000000000000,0.00000000000000000
288,0,0.35114000000000001,1.00000000000000000,0.00000000000000000,0.00000000000000000
289,0,13.91339999999999932,1.00000000000000000,0.00000000000000000,0.00000000000000000
290,0,0.04294000000000000,1.00000000000000000,0.00000000000000000,0.00000000000000000
291,0,9.39062999999999981,1.00000000000000000,0.00000000000000000,0.00000000000000000
292,0,9.91655000000000086,1.00000000000000000,0.00000000000000000,0.00000000000000000
293,0,37.66190000000000282,0.30704143919267957,0.69295856080732043,0.00000000000000000
294,0,15.87439999999999962,1.00000000000000000,0.00000000000000000,0.00000000000000000
295,0,1.22357999999999989,1.00000000000000000,0.00000000000000000,0.00000000000000000
296,0,0.05735000000000000,1.00000000000000000,0.00000000000000000,0.00000000000000000
297,0,1.27346000000000004,1.00000000000000000,0.00000000000000000,0.00000000000000000
298,0,0.03502000000000000,1.00000000000000000,0.00000000000000000,0.00000000000000000
299,0,0.07896000000000000,1.00000000000000000,0.00000000000000000,0.00000000000000000
300,0,0.08244000000000000,1.00000000000000000,0.00000000000000000,0.00000000000000000
301,0,0.21160999999999999,1.00000000000000000,0.00000000000000000,0.00000000000000000
302,0,0.95577000000000001,1.00000000000000000,0.00000000000000000,0.00000000000000000
303,0,1.42501999999999995,1.00000000000000000,0.00000000000000000,0.00000000000000000
304,0,0.27956999999999999,1.00000000000000000,0.00000000000000000,0.00000000000000000
305,0,0.08221000000000001,1.00000000000000000,0.00000000000000000,0.00000000000000000
306,0,7.36711000000000027,1.00000000000000000,0.00000000000000000,0.00000000000000000
307,0,0.57833999999999997,1.00000000000000000,0.00000000000000000,0.00000000000000000
308,0,0.05083000000000000,1.00000000000000000,0.00000000000000000,0.00000000000000000
309,0,2.37856999999999985,1.00000000000000000,0.00000000000000000,0.00000000000000000
310,0,0.07978000000000000,1.00000000000000000,0.00000000000000000,0.00000000000000000
311,0,0.02187000000000000,1.00000000000000000,0.00000000000000000,0.00000000000000000
312,0,22.59710000000000107,0.98434031831896363,0.01565968168103639,0.00000000000000000
313,0,0.01439000000000000,1.00000000000000000,0.00000000000000000,0.00000000000000000
314,0,0.08187000000000000,1.00000000000000000,0.00000000000000000,0.00000000000000000
315,0,14.33370000000000033,1.00000000000000000,0.00000000000000000,0.00000000000000000
316,0,0.02729000000000000,1.00000000000000000,0.00000000000000000,0.00000000000000000
317,0,5.69174999999999986,1.00000000000000000,0.00000000000000000,0.00000000000000000
318,0,0.08663999999999999,1.00000000000000000,0.00000000000000000,0.00000000000000000
319,0,0.41238000000000002,1.00000000000000000,0.00000000000000000,0.00000000000000000
320,0,1.65660000000000007,1.00000000000000000,0.00000000000000000,0.00000000000000000
321,0,0.25386999999999998,1.00000000000000000,0.00000000000000000,0.00000000000000000
322,0,1.83376999999999990,1.00000000000000000,0.00000000000000000,0.00000000000000000
323,0,0.05646000000000000,1.00000000000000000,0.00000000000000000,0.00000000000000000
324,0,0.52014000000000005,1.00000000000000000,0.00000000000000000,0.00000000000000000
325,0,0.04819000000000000,1.00000000000000000,0.00000000000000000,0.00000000000000000
326,0,0.08198999999999999,1.00000000000000000,0.00000000000000000,0.00000000000000000
327,0,3.69695000000000018,1.00000000000000000,0.00000000000000000,0.00000000000000000
328,0,0.13261999999999999,1.00000000000000000,0.00000000000000000,0.00000000000000000
329,0,0.04113000000000000,1.00000000000000000,0.00000000000000000,0.00000000000000000
330,0,0.03427000000000000,1.00000000000000000,0.00000000000000000,0.00000000000000000
331,0,0.02731000000000000,1.00000000000000000,0.00000000000000000,0.00000000000000000
332,0,19.60910000000000153,1.00000000000000000,0.00000000000000000,0.00000000000000000
333,0,4.22238999999999987,1.00000000000000000,0.00000000000000000,0.00000000000000000
334,0,0.15445000000000000,1.00000000000000000,0.00000000000000000,0.00000000000000000
335,0,0.02985000000000000,1.00000000000000000,0.00000000000000000,0.00000000000000000
336,0,0.11504000000000000,1.00000000000000000,0.00000000000000000,0.00000000000000000
337,0,0.43570999999999999,1.00000000000000000,0.00000000000000000,0.00000000000000000
338,0,6.96215000000000028,1.00000000000000000,0.00000000000000000,0.00000000000000000
339,0,0.10008000000000000,1.00000000000000000,0.00000000000000000,0.00000000000000000
340,0,0.03578000000000000,1.00000000000000000,0.00000000000000000,0.00000000000000000
341,0,0.44178000000000001,1.00000000000000000,0.00000000000000000,0.00000000000000000
342,0,0.31533000000000000,1.00000000000000000,0.00000000000000000,0.00000000000000000
343,0,0.25356000000000001,1.00000000000000000,0.00000000000000000,0.00000000000000000
344,0,0.21976999999999999,1.00000000000000000,0.00000000000000000,0.00000000000000000
345,0,11.08740000000000059,1.00000000000000000,0.00000000000000000,0.00000000000000000
346,0,0.26362999999999998,1.00000000000000000,0.00000000000000000,0.00000000000000000
347,0,0.19656999999999999,1.00000000000000000,0.00000000000000000,0.00000000000000000
348,0,0.18337000000000001,1.00000000000000000,0.00000000000000000,0.00000000000000000
349,0,0.98843000000000003,1.00000000000000000,0.00000000000000000,0.00000000000000000
350,0,7.99247999999999958,1.00000000000000000,0.00000000000000000,0.00000000000000000
351,0,0.17133999999999999,1.00000000000000000,0.00000000000000000,0.00000000000000000
352,0,0.51183000000000001,1.00000000000000000,0.00000000000000000,0.00000000000000000
353,0,0.04684000000000000,1.00000000000000000,0.00000000000000000,0.00000000000000000
354,0,0.17446000000000000,1.00000000000000000,0.00000000000000000,0.00000000000000000
355,0,0.38213999999999998,1.00000000000000000,0.00000000000000000,0.00000000000000000
356,0,0.10469000000000001,1.00000000000000000,0.00000000000000000,0.00000000000000000
357,0,0.04011000000000000,1.00000000000000000,0.00000000000000000,0.00000000000000000
358,0,15.17719999999999914,1.00000000000000000,0.00000000000000000,0.00000000000000000
359,0,1.80028000000000010,1.00000000000000000,0.00000000000000000,0.00000000000000000
360,0,1.25178999999999996,1.00000000000000000,0.00000000000000000,0.00000000000000000
361,0,0.52693000000000001,1.00000000000000000,0.00000000000000000,0.00000000000000000
362,0,0.20608000000000001,1.00000000000000000,0.00000000000000000,0.00000000000000000
363,0,0.17171000000000000,1.00000000000000000,0.00000000000000000,0.00000000000000000
364,0,0.19073000000000001,1.00000000000000000,0.00000000000000000,0.00000000000000000
365,0,8.64475999999999978,1.00000000000000000,0.00000000000000000,0.00000000000000000
366,0,5.29305000000000003,1.00000000000000000,0.00000000000000000,0.00000000000000000
367,0,0.03510000000000000,1.00000000000000000,0.00000000000000000,0.00000000000000000
368,0,7.67201999999999984,1.00000000000000000,0.00000000000000000,0.00000000000000000
369,0,0.84053999999999995,1.00000000000000000,0.00000000000000000,0.00000000000000000
370,0,0.10328000000000000,1.00000000000000000,0.00000000000000000,0.00000000000000000
371,0,2.33098999999999990,1.00000000000000000,0.00000000000000000,0.00000000000000000
372,0,3.67366999999999999,1.00000000000000000,0.00000000000000000,0.00000000000000000
373,0,0.53700000000000003,1.00000000000000000,0.00000000000000000,0.00000000000000000
374,0,0.82525999999999999,1.00000000000000000,0.00000000000000000,0.00000000000000000
375,0,11.81230000000000047,1.00000000000000000,0.00000000000000000,0.00000000000000000
376,0,0.67191000000000001,1.00000000000000000,0.00000000000000000,0.00000000000000000
377,0,0.14102999999999999,1.00000000000000000,0.00000000000000000,0.00000000000000000
378,0,0.29915999999999998,1.00000000000000000,0.00000000000000000,0.00000000000000000
379,0,0.15038000000000001,1.00000000000000000,0.00000000000000000,0.00000000000000000
380,0,0.85204000000000002,1.00000000000000000,0.00000000000000000,0.00000000000000000
381,0,0.06129000000000000,1.00000000000000000,0.00000000000000000,0.00000000000000000
382,0,0.40771000000000002,1.00000000000000000,0.00000000000000000,0.00000000000000000
383,0,4.75236999999999998,1.00000000000000000,0.00000000000000000,0.00000000000000000
384,0,5.09016999999999964,1.00000000000000000,0.00000000000000000,0.00000000000000000
385,0,3.67822000000000005,1.00000000000000000,0.00000000000000000,0.00000000000000000
386,0,0.03041000000000000,1.00000000000000000,0.00000000000000000,0.00000000000000000
387,0,0.59004999999999996,1.00000000000000000,0.00000000000000000,0.00000000000000000
388,0,0.10659000000000000,1.00000000000000000,0.00000000000000000,0.00000000000000000
389,0,4.42227999999999977,1.00000000000000000,0.00000000000000000,0.00000000000000000
390,0,0.14149999999999999,1.00000000000000000,0.00000000000000000,0.00000000000000000
391,0,0.03113000000000000,1.00000000000000000,0.00000000000000000,0.00000000000000000
392,0,0.06723999999999999,1.00000000000000000,0.00000000000000000,0.00000000000000000
393,0,0.34939999999999999,1.00000000000000000,0.00000000000000000,0.00000000000000000
394,0,0.09744000000000000,1.00000000000000000,0.00000000000000000,0.00000000000000000
395,0,4.83567000000000036,1.00000000000000000,0.00000000000000000,0.00000000000000000
396,0,9.33888999999999925,1.00000000000000000,0.00000000000000000,0.00000000000000000
397,0,0.03049000000000000,1.00000000000000000,0.00000000000000000,0.00000000000000000
398,0,3.77497999999999978,1.00000000000000000,0.00000000000000000,0.00000000000000000
399,0,0.36919999999999997,1.00000000000000000,0.00000000000000000,0.00000000000000000
400,0,0.15876000000000001,1.00000000000000000,0.00000000000000000,0.00000000000000000
401,0,0.14865999999999999,1.00000000000000000,0.00000000000000000,0.00000000000000000
402,0,0.79040999999999995,1.00000000000000000,0.00000000000000000,0.00000000000000000
403,0,18.08459999999999823,1.00000000000000000,0.00000000000000000,0.00000000000000000
404,0,0.19133000000000000,1.00000000000000000,0.00000000000000000,0.00000000000000000
405,0,0.15085999999999999,1.00000000000000000,0.00000000000000000,0.00000000000000000
406,0,0.34005999999999997,1.00000000000000000,0.00000000000000000,0.00000000000000000
407,0,0.04337000000000000,1.00000000000000000,0.00000000000000000,0.00000000000000000
408,0,0.03659000000000000,1.00000000000000000,0.00000000000000000,0.00000000000000000
409,0,14.23620000000000019,1.00000000000000000,0.00000000000000000,0.00000000000000000
410,0,1.12657999999999991,1.00000000000000000,0.00000000000000000,0.00000000000000000
411,0,0.04301000000000000,1.00000000000000000,0.00000000000000000,0.00000000000000000
412,0,0.17141999999999999,1.00000000000000000,0.00000000000000000,0.00000000000000000
413,0,0.36893999999999999,1.00000000000000000,0.00000000000000000,0.00000000000000000
414,0,3.53501000000000021,1.00000000000000000,0.00000000000000000,0.00000000000000000
415,0,0.22187999999999999,1.00000000000000000,0.00000000000000000,0.00000000000000000
416,0,8.24808999999999948,1.00000000000000000,0.00000000000000000,0.00000000000000000
417,0,0.06466000000000000,1.00000000000000000,0.00000000000000000,0.00000000000000000
418,0,3.84969999999999990,1.00000000000000000,0.00000000000000000,0.00000000000000000
419,0,2.77973999999999988,1.00000000000000000,0.00000000000000000,0.00000000000000000
420,0,2.01019000000000014,1.00000000000000000,0.00000000000000000,0.00000000000000000
421,0,4.03840999999999983,1.00000000000000000,0.00000000000000000,0.00000000000000000
422,0,2.81837999999999989,1.00000000000000000,0.00000000000000000,0.00000000000000000
423,0,0.08447000000000000,1.00000000000000000,0.00000000000000000,0.00000000000000000
424,0,0.07022000000000000,1.00000000000000000,0.00000000000000000,0.00000000000000000
425,0,0.06664000000000000,1.00000000000000000,0.00000000000000000,0.00000000000000000
426,0,2.44953000000000021,1.00000000000000000,0.00000000000000000,0.00000000000000000
427,0,0.06642000000000001,1.00000000000000000,0.00000000000000000,0.00000000000000000
428,0,1.13081000000000009,1.00000000000000000,0.00000000000000000,0.00000000000000000
429,0,0.21124000000000001,1.00000000000000000,0.00000000000000000,0.00000000000000000
430,0,7.40388999999999964,1.00000000000000000,0.00000000000000000,0.00000000000000000
431,0,1.38799000000000006,1.00000000000000000,0.00000000000000000,0.00000000000000000
432,0,0.17004000000000000,1.00000000000000000,0.00000000000000000,0.00000000000000000
433,0,0.03306000000000000,1.00000000000000000,0.00000000000000000,0.00000000000000000
434,0,0.08828999999999999,1.00000000000000000,0.00000000000000000,0.00000000000000000
435,0,0.16211000000000000,1.00000000000000000,0.00000000000000000,0.00000000000000000
436,0,0.12756999999999999,1.00000000000000000,0.00000000000000000,0.00000000000000000
437,0,0.10959000000000001,1.00000000000000000,0.00000000000000000,0.00000000000000000
438,0,0.55778000000000005,1.00000000000000000,0.00000000000000000,0.00000000000000000
439,0,0.33146999999999999,1.00000000000000000,0.00000000000000000,0.00000000000000000
440,0,0.15936000000000000,1.00000000000000000,0.00000000000000000,0.00000000000000000
441,0,0.12801999999999999,1.00000000000000000,0.00000000000000000,0.00000000000000000
442,0,7.52601000000000031,1.00000000000000000,0.00000000000000000,0.00000000000000000
443,0,8.15174000000000021,1.00000000000000000,0.00000000000000000,0.00000000000000000
444,0,4.26130999999999993,1.00000000000000000,0.00000000000000000,0.00000000000000000
445,0,0.32263999999999998,1.00000000000000000,0.00000000000000000,0.00000000000000000
446,0,0.72580000000000000,1.00000000000000000,0.00000000000000000,0.00000000000000000
447,0,0.28392000000000001,1.00000000000000000,0.00000000000000000,0.00000000000000000
448,0,0.62356000000000000,1.00000000000000000,0.00000000000000000,0.00000000000000000
449,0,15.86030000000000051,1.00000000000000000,0.00000000000000000,0.00000000000000000
450,0,0.13914000000000001,1.00000000000000000,0.00000000000000000,0.00000000000000000
451,0,12.80230000000000068,1.00000000000000000,0.00000000000000000,0.00000000000000000
452,0,0.07875000000000000,1.00000000000000000,0.00000000000000000,0.00000000000000000
453,0,0.11329000000000000,1.00000000000000000,0.00000000000000000,0.00000000000000000
454,0,7.75222999999999995,1.00000000000000000,0.00000000000000000,0.00000000000000000
455,0,6.71771999999999991,1.00000000000000000,0.00000000000000000,0.00000000000000000
456,0,0.06911000000000000,1.00000000000000000,0.00000000000000000,0.00000000000000000
457,0,0.06888000000000000,1.00000000000000000,0.00000000000000000,0.00000000000000000
458,0,0.21718999999999999,1.00000000000000000,0.00000000000000000,0.00000000000000000
459,0,0.06899000000000000,1.00000000000000000,0.00000000000000000,0.00000000000000000
460,0,0.08308000000000000,1.00000000000000000,0.00000000000000000,0.00000000000000000
461,0,0.13960000000000000,1.00000000000000000,0.00000000000000000,0.00000000000000000
462,0,0.08014000000000000,1.00000000000000000,0.00000000000000000,0.00000000000000000
463,0,0.05644000000000000,1.00000000000000000,0.00000000000000000,0.00000000000000000
464,0,10.83419999999999916,1.00000000000000000,0.00000000000000000,0.00000000000000000
465,0,2.37934000000000001,1.00000000000000000,0.00000000000000000,0.00000000000000000
466,0,2.15505000000000013,1.00000000000000000,0.00000000000000000,0.00000000000000000
467,0,5.58107000000000042,1.00000000000000000,0.00000000000000000,0.00000000000000000
468,0,0.04527000000000000,1.00000000000000000,0.00000000000000000,0.00000000000000000
469,0,8.20058000000000042,1.00000000000000000,0.00000000000000000,0.00000000000000000
470,0,24.39379999999999882,0.90356241910183543,0.09643758089816458,0.00000000000000000
471,0,0.34109000000000000,1.00000000000000000,0.00000000000000000,0.00000000000000000
472,0,1.19293999999999989,1.00000000000000000,0.00000000000000000,0.00000000000000000
473,0,73.53409999999999513,0.00000000000000000,0.00000000000000000,1.00000000000000000
474,0,0.06076000000000000,1.00000000000000000,0.00000000000000000,0.00000000000000000
475,0,4.64688999999999997,1.00000000000000000,0.00000000000000000,0.00000000000000000
476,0,14.33370000000000033,1.00000000000000000,0.00000000000000000,0.00000000000000000
477,0,6.80116999999999994,1.00000000000000000,0.00000000000000000,0.00000000000000000
478,0,0.18159000000000000,1.00000000000000000,0.00000000000000000,0.00000000000000000
479,0,0.09252000000000001,1.00000000000000000,0.00000000000000000,0.00000000000000000
480,0,0.88124999999999998,1.00000000000000000,0.00000000000000000,0.00000000000000000
481,0,0.03150000000000000,1.00000000000000000,0.00000000000000000,0.00000000000000000
482,0,0.13553999999999999,1.00000000000000000,0.00000000000000000,0.00000000000000000
483,0,0.06211000000000000,1.00000000000000000,0.00000000000000000,0.00000000000000000
484,0,0.75026000000000004,1.00000000000000000,0.00000000000000000,0.00000000000000000
485,0,0.03359000000000000,1.00000000000000000,0.00000000000000000,0.00000000000000000
486,0,9.32909000000000077,1.00000000000000000,0.00000000000000000,0.00000000000000000
487,0,0.04379000000000000,1.00000000000000000,0.00000000000000000,0.00000000000000000
488,0,0.07886000000000000,1.00000000000000000,0.00000000000000000,0.00000000000000000
489,0,0.21038000000000001,1.00000000000000000,0.00000000000000000,0.00000000000000000
490,0,0.12816000000000000,1.00000000000000000,0.00000000000000000,0.00000000000000000
491,0,0.53412000000000004,1.00000000000000000,0.00000000000000000,0.00000000000000000
492,0,4.34879000000000016,1.00000000000000000,0.00000000000000000,0.00000000000000000
493,0,1.51902000000000004,1.00000000000000000,0.00000000000000000,0.00000000000000000
494,0,10.23300000000000054,1.00000000000000000,0.00000000000000000,0.00000000000000000
495,0,6.44404999999999983,1.00000000000000000,0.00000000000000000,0.00000000000000000
496,0,0.04666000000000000,1.00000000000000000,0.00000000000000000,0.00000000000000000
497,0,9.82348999999999961,1.00000000000000000,0.00000000000000000,0.00000000000000000
498,0,0.16902000000000000,1.00000000000000000,0.00000000000000000,0.00000000000000000
499,0,0.05360000000000000,1.00000000000000000,0.00000000000000000,0.00000000000000000
500,0,0.66351000000000004,1.00000000000000000,0.00000000000000000,0.00000000000000000
501,0,0.31827000000000000,1.00000000000000000,0.00000000000000000,0.00000000000000000
502,0,9.59571000000000041,1.00000000000000000,0.00000000000000000,0.00000000000000000
503,0,0.28954999999999997,1.00000000000000000,0.00000000000000000,0.00000000000000000
504,0,0.02875000000000000,1.00000000000000000,0.00000000000000000,0.00000000000000000
0,1,0.00000000000000000,1.00000000000000000,0.00000000000000000,0.00000000000000000
1,1,0.00000000000000000,1.00000000000000000,0.00000000000000000,0.00000000000000000
2,1,0.00000000000000000,1.00000000000000000,0.00000000000000000,0.00000000000000000
3,1,0.00000000000000000,1.00000000000000000,0.00000000000000000,0.00000000000000000
4,1,0.00000000000000000,1.00000000000000000,0.00000000000000000,0.00000000000000000
5,1,0.00000000000000000,1.00000000000000000,0.00000000000000000,0.00000000000000000
6,1,12.50000000000000000,1.00000000000000000,0.00000000000000000,0.00000000000000000
7,1,0.00000000000000000,1.00000000000000000,0.00000000000000000,0.00000000000000000
8,1,0.00000000000000000,1.00000000000000000,0.00000000000000000,0.00000000000000000
9,1,0.00000000000000000,1.00000000000000000,0.00000000000000000,0.00000000000000000
10,1,0.00000000000000000,1.00000000000000000,0.00000000000000000,0.00000000000000000
11,1,0.00000000000000000,1.00000000000000000,0.00000000000000000,0.00000000000000000
12,1,25.00000000000000000,1.00000000000000000,0.00000000000000000,0.00000000000000000
13,1,30.00000000000000000,0.80000000000000004,0.20000000000000001,0.00000000000000000
14,1,20.00000000000000000,1.00000000000000000,0.00000000000000000,0.00000000000000000
15,1,55.00000000000000000,0.00000000000000000,0.80000000000000004,0.20000000000000001
16,1,35.00000000000000000,0.59999999999999998,0.40000000000000002,0.00000000000000000
17,1,0.00000000000000000,1.00000000000000000,0.00000000000000000,0.00000000000000000
18,1,0.00000000000000000,1.00000000000000000,0.00000000000000000,0.00000000000000000
19,1,25.00000000000000000,1.00000000000000000,0.00000000000000000,0.00000000000000000
20,1,90.00000000000000000,0.00000000000000000,0.00000000000000000,1.00000000000000000
21,1,0.00000000000000000,1.00000000000000000,0.00000000000000000,0.00000000000000000
22,1,0.00000000000000000,1.00000000000000000,0.00000000000000000,0.00000000000000000
23,1,12.50000000000000000,1.00000000000000000,0.00000000000000000,0.00000000000000000
24,1,0.00000000000000000,1.00000000000000000,0.00000000000000000,0.00000000000000000
25,1,52.50000000000000000,0.00000000000000000,0.90000000000000002,0.10000000000000001
26,1,17.50000000000000000,1.00000000000000000,0.00000000000000000,0.00000000000000000
27,1,0.00000000000000000,1.00000000000000000,0.00000000000000000,0.00000000000000000
28,1,0.00000000000000000,1.00000000000000000,0.00000000000000000,0.00000000000000000
29,1,0.00000000000000000,1.00000000000000000,0.00000000000000000,0.00000000000000000
30,1,0.00000000000000000,1.00000000000000000,0.00000000000000000,0.00000000000000000
31,1,0.00000000000000000,1.00000000000000000,0.00000000000000000,0.00000000000000000
32,1,0.00000000000000000,1.00000000000000000,0.00000000000000000,0.00000000000000000
33,1,0.00000000000000000,1.00000000000000000,0.00000000000000000,0.00000000000000000
34,1,0.00000000000000000,1.00000000000000000,0.00000000000000000,0.00000000000000000
35,1,0.00000000000000000,1.00000000000000000,0.00000000000000000,0.00000000000000000
36,1,0.00000000000000000,1.00000000000000000,0.00000000000000000,0.00000000000000000
37,1,0.00000000000000000,1.00000000000000000,0.00000000000000000,0.00000000000000000
38,1,0.00000000000000000,1.00000000000000000,0.00000000000000000,0.00000000000000000
39,1,0.00000000000000000,1.00000000000000000,0.00000000000000000,0.00000000000000000
40,1,0.00000000000000000,1.00000000000000000,0.00000000000000000,0.00000000000000000
41,1,0.00000000000000000,1.00000000000000000,0.00000000000000000,0.00000000000000000
42,1,0.00000000000000000,1.00000000000000000,0.00000000000000000,0.00000000000000000
43,1,0.00000000000000000,1.00000000000000000,0.00000000000000000,0.00000000000000000
44,1,85.00000000000000000,0.00000000000000000,0.00000000000000000,1.00000000000000000
45,1,0.00000000000000000,1.00000000000000000,0.00000000000000000,0.00000000000000000
46,1,0.00000000000000000,1.00000000000000000,0.00000000000000000,0.00000000000000000
47,1,0.00000000000000000,1.00000000000000000,0.00000000000000000,0.00000000000000000
48,1,0.00000000000000000,1.00000000000000000,0.00000000000000000,0.00000000000000000
49,1,0.00000000000000000,1.00000000000000000,0.00000000000000000,0.00000000000000000
50,1,45.00000000000000000,0.20000000000000001,0.80000000000000004,0.00000000000000000
51,1,0.00000000000000000,1.00000000000000000,0.00000000000000000,0.00000000000000000
52,1,0.00000000000000000,1.00000000000000000,0.00000000000000000,0.00000000000000000
53,1,0.00000000000000000,1.00000000000000000,0.00000000000000000,0.00000000000000000
54,1,0.00000000000000000,1.00000000000000000,0.00000000000000000,0.00000000000000000
55,1,0.00000000000000000,1.00000000000000000,0.00000000000000000,0.00000000000000000
56,1,0.00000000000000000,1.00000000000000000,0.00000000000000000,0.00000000000000000
57,1,0.00000000000000000,1.00000000000000000,0.00000000000000000,0.00000000000000000
58,1,0.00000000000000000,1.00000000000000000,0.00000000000000000,0.00000000000000000
59,1,0.00000000000000000,1.00000000000000000,0.00000000000000000,0.00000000000000000
60,1,0.00000000000000000,1.00000000000000000,0.00000000000000000,0.00000000000000000
61,1,0.00000000000000000,1.00000000000000000,0.00000000000000000,0.00000000000000000
62,1,0.00000000000000000,1.00000000000000000,0.00000000000000000,0.00000000000000000
63,1,20.00000000000000000,1.00000000000000000,0.00000000000000000,0.00000000000000000
64,1,80.00000000000000000,0.00000000000000000,0.00000000000000000,1.00000000000000000
65,1,0.00000000000000000,1.00000000000000000,0.00000000000000000,0.00000000000000000
66,1,0.00000000000000000,1.00000000000000000,0.00000000000000000,0.00000000000000000
67,1,25.00000000000000000,1.00000000000000000,0.00000000000000000,0.00000000000000000
68,1,0.00000000000000000,1.00000000000000000,0.00000000000000000,0.00000000000000000
69,1,0.00000000000000000,1.00000000000000000,0.00000000000000000,0.00000000000000000
70,1,0.00000000000000000,1.00000000000000000,0.00000000000000000,0.00000000000000000
71,1,0.00000000000000000,1.00000000000000000,0.00000000000000000,0.00000000000000000
72,1,18.00000000000000000,1.00000000000000000,0.00000000000000000,0.00000000000000000
73,1,0.00000000000000000,1.00000000000000000,0.00000000000000000,0.00000000000000000
74,1,45.00000000000000000,0.20000000000000001,0.80000000000000004,0.00000000000000000
75,1,0.00000000000000000,1.00000000000000000,0.00000000000000000,0.00000000000000000
76,1,0.00000000000000000,1.00000000000000000,0.00000000000000000,0.00000000000000000
77,1,0.00000000000000000,1.00000000000000000,0.00000000000000000,0.00000000000000000
78,1,0.00000000000000000,1.00000000000000000,0.00000000000000000,0.00000000000000000
79,1,0.00000000000000000,1.00000000000000000,0.00000000000000000,0.00000000000000000
80,1,20.00000000000000000,1.00000000000000000,0.00000000000000000,0.00000000000000000
81,1,0.00000000000000000,1.00000000000000000,0.00000000000000000,0.00000000000000000
82,1,12.50000000000000000,1.00000000000000000,0.00000000000000000,0.00000000000000000
83,1,0.00000000000000000,1.00000000000000000,0.00000000000000000,0.00000000000000000
84,1,0.00000000000000000,1.00000000000000000,0.00000000000000000,0.00000000000000000
85,1,0.00000000000000000,1.00000000000000000,0.00000000000000000,0.00000000000000000
86,1,0.00000000000000000,1.00000000000000000,0.00000000000000000,0.00000000000000000
87,1,45.00000000000000000,0.20000000000000001,0.80000000000000004,0.00000000000000000
88,1,82.50000000000000000,0.00000000000000000,0.00000000000000000,1.00000000000000000
89,1,0.00000000000000000,1.00000000000000000,0.00000000000000000,0.00000000000000000
90,1,0.00000000000000000,1.00000000000000000,0.00000000000000000,0.00000000000000000
91,1,0.00000000000000000,1.00000000000000000,0.00000000000000000,0.00000000000000000
92,1,0.00000000000000000,1.00000000000000000,0.00000000000000000,0.00000000000000000
93,1,20.00000000000000000,1.00000000000000000,0.00000000000000000,0.00000000000000000
94,1,90.00000000000000000,0.00000000000000000,0.00000000000000000,1.00000000000000000
95,1,0.00000000000000000,1.00000000000000000,0.00000000000000000,0.00000000000000000
96,1,0.00000000000000000,1.00000000000000000,0.00000000000000000,0.00000000000000000
97,1,70.00000000000000000,0.00000000000000000,0.20000000000000001,0.80000000000000004
98,1,0.00000000000000000,1.00000000000000000,0.00000000000000000,0.00000000000000000
99,1,0.00000000000000000,1.00000000000000000,0.00000000000000000,0.00000000000000000
100,1,0.00000000000000000,1.00000000000000000,0.00000000000000000,0.00000000000000000
101,1,0.00000000000000000,1.00000000000000000,0.00000000000000000,0.00000000000000000
102,1,25.00000000000000000,1.00000000000000000,0.00000000000000000,0.00000000000000000
103,1,0.00000000000000000,1.00000000000000000,0.00000000000000000,0.00000000000000000
104,1,85.00000000000000000,0.00000000000000000,0.00000000000000000,1.00000000000000000
105,1,0.00000000000000000,1.00000000000000000,0.00000000000000000,0.00000000000000000
106,1,0.00000000000000000,1.00000000000000000,0.00000000000000000,0.00000000000000000
107,1,0.00000000000000000,1.00000000000000000,0.00000000000000000,0.00000000000000000
108,1,0.00000000000000000,1.00000000000000000,0.00000000000000000,0.00000000000000000
109,1,35.00000000000000000,0.59999999999999998,0.40000000000000002,0.00000000000000000
110,1,0.00000000000000000,1.00000000000000000,0.00000000000000000,0.00000000000000000
111,1,0.00000000000000000,1.00000000000000000,0.00000000000000000,0.00000000000000000
112,1,0.00000000000000000,1.00000000000000000,0.00000000000000000,0.00000000000000000
113,1,0.00000000000000000,1.00000000000000000,0.00000000000000000,0.00000000000000000
114,1,0.00000000000000000,1.00000000000000000,0.00000000000000000,0.00000000000000000
115,1,0.00000000000000000,1.00000000000000000,0.00000000000000000,0.00000000000000000
116,1,70.00000000000000000,0.00000000000000000,0.20000000000000001,0.80000000000000004
117,1,0.00000000000000000,1.00000000000000000,0.00000000000000000,0.00000000000000000
118,1,0.00000000000000000,1.00000000000000000,0.00000000000000000,0.00000000000000000
119,1,0.00000000000000000,1.00000000000000000,0.00000000000000000,0.00000000000000000
120,1,0.00000000000000000,1.00000000000000000,0.00000000000000000,0.00000000000000000
121,1,40.00000000000000000,0.40000000000000002,0.59999999999999998,0.00000000000000000
122,1,20.00000000000000000,1.00000000000000000,0.00000000000000000,0.00000000000000000
123,1,20.00000000000000000,1.00000000000000000,0.00000000000000000,0.00000000000000000
124,1,0.00000000000000000,1.00000000000000000,0.00000000000000000,0.00000000000000000
125,1,12.50000000000000000,1.00000000000000000,0.00000000000000000,0.00000000000000000
126,1,0.00000000000000000,1.00000000000000000,0.00000000000000000,0.00000000000000000
127,1,0.00000000000000000,1.00000000000000000,0.00000000000000000,0.00000000000000000
128,1,0.00000000000000000,1.00000000000000000,0.00000000000000000,0.00000000000000000
129,1,75.00000000000000000,0.00000000000000000,0.00000000000000000,1.00000000000000000
130,1,82.50000000000000000,0.00000000000000000,0.00000000000000000,1.00000000000000000
131,1,0.00000000000000000,1.00000000000000000,0.00000000000000000,0.00000000000000000
132,1,0.00000000000000000,1.00000000000000000,0.00000000000000000,0.00000000000000000
133,1,22.00000000000000000,1.00000000000000000,0.00000000000000000,0.00000000000000000
134,1,0.00000000000000000,1.00000000000000000,0.00000000000000000,0.00000000000000000
135,1,0.00000000000000000,1.00000000000000000,0.00000000000000000,0.00000000000000000
136,1,0.00000000000000000,1.00000000000000000,0.00000000000000000,0.00000000000000000
137,1,0.00000000000000000,1.00000000000000000,0.00000000000000000,0.00000000000000000
138,1,0.00000000000000000,1.00000000000000000,0.00000000000000000,0.00000000000000000
139,1,0.00000000000000000,1.00000000000000000,0.00000000000000000,0.00000000000000000
140,1,0.00000000000000000,1.00000000000000000,0.00000000000000000,0.00000000000000000
141,1,0.00000000000000000,1.00000000000000000,0.00000000000000000,0.00000000000000000
142,1,95.00000000000000000,0.00000000000000000,0.00000000000000000,1.00000000000000000
143,1,0.00000000000000000,1.00000000000000000,0.00000000000000000,0.00000000000000000
144,1,0.00000000000000000,1.00000000000000000,0.00000000000000000,0.00000000000000000
145,1,0.00000000000000000,1.00000000000000000,0.00000000000000000,0.00000000000000000
146,1,0.00000000000000000,1.00000000000000000,0.00000000000000000,0.00000000000000000
147,1,0.00000000000000000,1.00000000000000000,0.00000000000000000,0.00000000000000000
148,1,0.00000000000000000,1.00000000000000000,0.00000000000000000,0.00000000000000000
149,1,21.00000000000000000,1.00000000000000000,0.00000000000000000,0.00000000000000000
150,1,0.00000000000000000,1.00000000000000000,0.00000000000000000,0.00000000000000000
151,1,0.00000000000000000,1.00000000000000000,0.00000000000000000,0.00000000000000000
152,1,0.00000000000000000,1.00000000000000000,0.00000000000000000,0.00000000000000000
153,1,0.00000000000000000,1.00000000000000000,0.00000000000000000,0.00000000000000000
154,1,33.00000000000000000,0.68000000000000005,0.32000000000000001,0.00000000000000000
155,1,0.00000000000000000,1.00000000000000000,0.00000000000000000,0.00000000000000000
156,1,75.00000000000000000,0.00000000000000000,0.00000000000000000,1.00000000000000000
157,1,0.00000000000000000,1.00000000000000000,0.00000000000000000,0.00000000000000000
158,1,0.00000000000000000,1.00000000000000000,0.00000000000000000,0.00000000000000000
159,1,22.00000000000000000,1.00000000000000000,0.00000000000000000,0.00000000000000000
160,1,0.00000000000000000,1.00000000000000000,0.00000000000000000,0.00000000000000000
161,1,0.00000000000000000,1.00000000000000000,0.00000000000000000,0.00000000000000000
162,1,0.00000000000000000,1.00000000000000000,0.00000000000000000,0.00000000000000000
163,1,0.00000000000000000,1.00000000000000000,0.00000000000000000,0.00000000000000000
164,1,0.00000000000000000,1.00000000000000000,0.00000000000000000,0.00000000000000000
165,1,55.00000000000000000,0.00000000000000000,0.80000000000000004,0.20000000000000001
166,1,0.00000000000000000,1.00000000000000000,0.00000000000000000,0.00000000000000000
167,1,0.00000000000000000,1.00000000000000000,0.00000000000000000,0.00000000000000000
168,1,60.00000000000000000,0.00000000000000000,0.59999999999999998,0.40000000000000002
169,1,0.00000000000000000,1.00000000000000000,0.00000000000000000,0.00000000000000000
170,1,80.00000000000000000,0.00000000000000000,0.00000000000000000,1.00000000000000000
171,1,12.50000000000000000,1.00000000000000000,0.00000000000000000,0.00000000000000000
172,1,33.00000000000000000,0.68000000000000005,0.32000000000000001,0.00000000000000000
173,1,0.00000000000000000,1.00000000000000000,0.00000000000000000,0.00000000000000000
174,1,95.00000000000000000,0.00000000000000000,0.00000000000000000,1.00000000000000000
175,1,0.00000000000000000,1.00000000000000000,0.00000000000000000,0.00000000000000000
176,1,0.00000000000000000,1.00000000000000000,0.00000000000000000,0.00000000000000000
177,1,0.00000000000000000,1.00000000000000000,0.00000000000000000,0.00000000000000000
178,1,60.00000000000000000,0.00000000000000000,0.59999999999999998,0.40000000000000002
179,1,0.00000000000000000,1.00000000000000000,0.00000000000000000,0.00000000000000000
180,1,0.00000000000000000,1.00000000000000000,0.00000000000000000,0.00000000000000000
181,1,35.00000000000000000,0.59999999999999998,0.40000000000000002,0.00000000000000000
182,1,0.00000000000000000,1.00000000000000000,0.00000000000000000,0.00000000000000000
183,1,0.00000000000000000,1.00000000000000000,0.00000000000000000,0.00000000000000000
184,1,0.00000000000000000,1.00000000000000000,0.00000000000000000,0.00000000000000000
185,1,0.00000000000000000,1.00000000000000000,0.00000000000000000,0.00000000000000000
186,1,0.00000000000000000,1.00000000000000000,0.00000000000000000,0.00000000000000000
187,1,80.00000000000000000,0.00000000000000000,0.00000000000000000,1.00000000000000000
188,1,0.00000000000000000,1.00000000000000000,0.00000000000000000,0.00000000000000000
189,1,0.00000000000000000,1.00000000000000000,0.00000000000000000,0.00000000000000000
190,1,0.00000000000000000,1.00000000000000000,0.00000000000000000,0.00000000000000000
191,1,20.00000000000000000,1.00000000000000000,0.00000000000000000,0.00000000000000000
192,1,0.00000000000000000,1.00000000000000000,0.00000000000000000,0.00000000000000000
193,1,34.00000000000000000,0.64000000000000001,0.35999999999999999,0.00000000000000000
194,1,100.00000000000000000,0.00000000000000000,0.00000000000000000,1.00000000000000000
195,1,0.00000000000000000,1.00000000000000000,0.00000000000000000,0.00000000000000000
196,1,0.00000000000000000,1.00000000000000000,0.00000000000000000,0.00000000000000000
197,1,0.00000000000000000,1.00000000000000000,0.00000000000000000,0.00000000000000000
198,1,20.00000000000000000,1.00000000000000000,0.00000000000000000,0.00000000000000000
199,1,20.00000000000000000,1.00000000000000000,0.00000000000000000,0.00000000000000000
200,1,0.00000000000000000,1.00000000000000000,0.00000000000000000,0.00000000000000000
201,1,40.00000000000000000,0.40000000000000002,0.59999999999999998,0.00000000000000000
202,1,0.00000000000000000,1.00000000000000000,0.00000000000000000,0.00000000000000000
203,1,0.00000000000000000,1.00000000000000000,0.00000000000000000,0.00000000000000000
204,1,0.00000000000000000,1.00000000000000000,0.00000000000000000,0.00000000000000000
205,1,0.00000000000000000,1.00000000000000000,0.00000000000000000,0.00000000000000000
206,1,80.00000000000000000,0.00000000000000000,0.00000000000000000,1.00000000000000000
207,1,0.00000000000000000,1.00000000000000000,0.00000000000000000,0.00000000000000000
208,1,0.00000000000000000,1.00000000000000000,0.00000000000000000,0.00000000000000000
209,1,0.00000000000000000,1.00000000000000000,0.00000000000000000,0.00000000000000000
210,1,0.00000000000000000,1.00000000000000000,0.00000000000000000,0.00000000000000000
211,1,0.00000000000000000,1.00000000000000000,0.00000000000000000,0.00000000000000000
212,1,20.00000000000000000,1.00000000000000000,0.00000000000000000,0.00000000000000000
213,1,0.00000000000000000,1.00000000000000000,0.00000000000000000,0.00000000000000000
214,1,90.00000000000000000,0.00000000000000000,0.00000000000000000,1.00000000000000000
215,1,0.00000000000000000,1.00000000000000000,0.00000000000000000,0.00000000000000000
216,1,0.00000000000000000,1.00000000000000000,0.00000000000000000,0.00000000000000000
217,1,22.00000000000000000,1.00000000000000000,0.00000000000000000,0.00000000000000000
218,1,0.00000000000000000,1.00000000000000000,0.00000000000000000,0.00000000000000000
219,1,25.00000000000000000,1.00000000000000000,0.00000000000000000,0.00000000000000000
220,1,0.00000000000000000,1.00000000000000000,0.00000000000000000,0.00000000000000000
221,1,0.00000000000000000,1.00000000000000000,0.00000000000000000,0.00000000000000000
222,1,0.00000000000000000,1.00000000000000000,0.00000000000000000,0.00000000000000000
223,1,0.00000000000000000,1.00000000000000000,0.00000000000000000,0.00000000000000000
224,1,0.00000000000000000,1.00000000000000000,0.00000000000000000,0.00000000000000000
225,1,0.00000000000000000,1.00000000000000000,0.00000000000000000,0.00000000000000000
226,1,0.00000000000000000,1.00000000000000000,0.00000000000000000,0.00000000000000000
227,1,52.50000000000000000,0.00000000000000000,0.90000000000000002,0.10000000000000001
228,1,90.00000000000000000,0.00000000000000000,0.00000000000000000,1.00000000000000000
229,1,0.00000000000000000,1.00000000000000000,0.00000000000000000,0.00000000000000000
230,1,0.00000000000000000,1.00000000000000000,0.00000000000000000,0.00000000000000000
231,1,0.00000000000000000,1.00000000000000000,0.00000000000000000,0.00000000000000000
232,1,0.00000000000000000,1.00000000000000000,0.00000000000000000,0.00000000000000000
233,1,34.00000000000000000,0.64000000000000001,0.35999999999999999,0.00000000000000000
234,1,0.00000000000000000,1.00000000000000000,0.00000000000000000,0.00000000000000000
235,1,0.00000000000000000,1.00000000000000000,0.00000000000000000,0.00000000000000000
236,1,33.00000000000000000,0.68000000000000005,0.32000000000000001,0.00000000000000000
237,1,0.00000000000000000,1.00000000000000000,0.00000000000000000,0.00000000000000000
238,1,0.00000000000000000,1.00000000000000000,0.00000000000000000,0.00000000000000000
239,1,80.00000000000000000,0.00000000000000000,0.00000000000000000,1.00000000000000000
240,1,0.00000000000000000,1.00000000000000000,0.00000000000000000,0.00000000000000000
241,1,21.00000000000000000,1.00000000000000000,0.00000000000000000,0.00000000000000000
242,1,0.00000000000000000,1.00000000000000000,0.00000000000000000,0.00000000000000000
243,1,0.00000000000000000,1.00000000000000000,0.00000000000000000,0.00000000000000000
244,1,90.00000000000000000,0.00000000000000000,0.00000000000000000,1.00000000000000000
245,1,0.00000000000000000,1.00000000000000000,0.00000000000000000,0.00000000000000000
246,1,0.00000000000000000,1.00000000000000000,0.00000000000000000,0.00000000000000000
247,1,28.00000000000000000,0.88000000000000000,0.12000000000000000,0.00000000000000000
248,1,0.00000000000000000,1.00000000000000000,0.00000000000000000,0.00000000000000000
249,1,0.00000000000000000,1.00000000000000000,0.00000000000000000,0.00000000000000000
250,1,0.00000000000000000,1.00000000000000000,0.00000000000000000,0.00000000000000000
251,1,0.00000000000000000,1.00000000000000000,0.00000000000000000,0.00000000000000000
252,1,0.00000000000000000,1.00000000000000000,0.00000000000000000,0.00000000000000000
253,1,0.00000000000000000,1.00000000000000000,0.00000000000000000,0.00000000000000000
254,1,22.00000000000000000,1.00000000000000000,0.00000000000000000,0.00000000000000000
255,1,0.00000000000000000,1.00000000000000000,0.00000000000000000,0.00000000000000000
256,1,0.00000000000000000,1.00000000000000000,0.00000000000000000,0.00000000000000000
257,1,0.00000000000000000,1.00000000000000000,0.00000000000000000,0.00000000000000000
258,1,0.00000000000000000,1.00000000000000000,0.00000000000000000,0.00000000000000000
259,1,0.00000000000000000,1.00000000000000000,0.00000000000000000,0.00000000000000000
260,1,0.00000000000000000,1.00000000000000000,0.00000000000000000,0.00000000000000000
261,1,0.00000000000000000,1.00000000000000000,0.00000000000000000,0.00000000000000000
262,1,0.00000000000000000,1.00000000000000000,0.00000000000000000,0.00000000000000000
263,1,0.00000000000000000,1.00000000000000000,0.00000000000000000,0.00000000000000000
264,1,0.00000000000000000,1.00000000000000000,0.00000000000000000,0.00000000000000000
265,1,34.00000000000000000,0.64000000000000001,0.35999999999999999,0.00000000000000000
266,1,80.00000000000000000,0.00000000000000000,0.00000000000000000,1.00000000000000000
267,1,0.00000000000000000,1.00000000000000000,0.00000000000000000,0.00000000000000000
268,1,0.00000000000000000,1.00000000000000000,0.00000000000000000,0.00000000000000000
269,1,0.00000000000000000,1.00000000000000000,0.00000000000000000,0.00000000000000000
270,1,80.00000000000000000,0.00000000000000000,0.00000000000000000,1.00000000000000000
271,1,0.00000000000000000,1.00000000000000000,0.00000000000000000,0.00000000000000000
272,1,0.00000000000000000,1.00000000000000000,0.00000000000000000,0.00000000000000000
273,1,33.00000000000000000,0.68000000000000005,0.32000000000000001,0.00000000000000000
274,1,0.00000000000000000,1.00000000000000000,0.00000000000000000,0.00000000000000000
275,1,0.00000000000000000,1.00000000000000000,0.00000000000000000,0.00000000000000000
276,1,0.00000000000000000,1.00000000000000000,0.00000000000000000,0.00000000000000000
277,1,0.00000000000000000,1.00000000000000000,0.00000000000000000,0.00000000000000000
278,1,0.00000000000000000,1.00000000000000000,0.00000000000000000,0.00000000000000000
279,1,0.00000000000000000,1.00000000000000000,0.00000000000000000,0.00000000000000000
280,1,30.00000000000000000,0.80000000000000004,0.20000000000000001,0.00000000000000000
281,1,0.00000000000000000,1.00000000000000000,0.00000000000000000,0.00000000000000000
282,1,0.00000000000000000,1.00000000000000000,0.00000000000000000,0.00000000000000000
283,1,0.00000000000000000,1.00000000000000000,0.00000000000000000,0.00000000000000000
284,1,0.00000000000000000,1.00000000000000000,0.00000000000000000,0.00000000000000000
285,1,40.00000000000000000,0.40000000000000002,0.59999999999999998,0.00000000000000000
286,1,52.50000000000000000,0.00000000000000000,0.90000000000000002,0.10000000000000001
287,1,0.00000000000000000,1.00000000000000000,0.00000000000000000,0.00000000000000000
288,1,0.00000000000000000,1.00000000000000000,0.00000000000000000,0.00000000000000000
289,1,0.00000000000000000,1.00000000000000000,0.00000000000000000,0.00000000000000000
290,1,28.00000000000000000,0.88000000000000000,0.12000000000000000,0.00000000000000000
291,1,0.00000000000000000,1.00000000000000000,0.00000000000000000,0.00000000000000000
292,1,0.00000000000000000,1.00000000000000000,0.00000000000000000,0.00000000000000000
293,1,0.00000000000000000,1.00000000000000000,0.00000000000000000,0.00000000000000000
294,1,0.00000000000000000,1.00000000000000000,0.00000000000000000,0.00000000000000000
295,1,0.00000000000000000,1.00000000000000000,0.00000000000000000,0.00000000000000000
296,1,0.00000000000000000,1.00000000000000000,0.00000000000000000,0.00000000000000000
297,1,0.00000000000000000,1.00000000000000000,0.00000000000000000,0.00000000000000000
298,1,80.00000000000000000,0.00000000000000000,0.00000000000000000,1.00000000000000000
299,1,0.00000000000000000,1.00000000000000000,0.00000000000000000,0.00000000000000000
300,1,30.00000000000000000,0.80000000000000004,0.20000000000000001,0.00000000000000000
301,1,0.00000000000000000,1.00000000000000000,0.00000000000000000,0.00000000000000000
302,1,0.00000000000000000,1.00000000000000000,0.00000000000000000,0.00000000000000000
303,1,0.00000000000000000,1.00000000000000000,0.00000000000000000,0.00000000000000000
304,1,0.00000000000000000,1.00000000000000000,0.00000000000000000,0.00000000000000000
305,1,22.00000000000000000,1.00000000000000000,0.00000000000000000,0.00000000000000000
306,1,0.00000000000000000,1.00000000000000000,0.00000000000000000,0.00000000000000000
307,1,20.00000000000000000,1.00000000000000000,0.00000000000000000,0.00000000000000000
308,1,0.00000000000000000,1.00000000000000000,0.00000000000000000,0.00000000000000000
309,1,0.00000000000000000,1.00000000000000000,0.00000000000000000,0.00000000000000000
310,1,40.00000000000000000,0.40000000000000002,0.59999999999999998,0.00000000000000000
311,1,60.00000000000000000,0.00000000000000000,0.59999999999999998,0.40000000000000002
312,1,0.00000000000000000,1.00000000000000000,0.00000000000000000,0.00000000000000000
313,1,60.00000000000000000,0.00000000000000000,0.59999999999999998,0.40000000000000002
314,1,0.00000000000000000,1.00000000000000000,0.00000000000000000,0.00000000000000000
315,1,0.00000000000000000,1.00000000000000000,0.00000000000000000,0.00000000000000000
316,1,0.00000000000000000,1.00000000000000000,0.00000000000000000,0.00000000000000000
317,1,0.00000000000000000,1.00000000000000000,0.00000000000000000,0.00000000000000000
318,1,45.00000000000000000,0.20000000000000001,0.80000000000000004,0.00000000000000000
319,1,0.00000000000000000,1.00000000000000000,0.00000000000000000,0.00000000000000000
320,1,0.00000000000000000,1.00000000000000000,0.00000000000000000,0.00000000000000000
321,1,0.00000000000000000,1.00000000000000000,0.00000000000000000,0.00000000000000000
322,1,0.00000000000000000,1.00000000000000000,0.00000000000000000,0.00000000000000000
323,1,0.00000000000000000,1.00000000000000000,0.00000000000000000,0.00000000000000000
324,1,20.00000000000000000,1.00000000000000000,0.00000000000000000,0.00000000000000000
325,1,80.00000000000000000,0.00000000000000000,0.00000000000000000,1.00000000000000000
326,1,0.00000000000000000,1.00000000000000000,0.00000000000000000,0.00000000000000000
327,1,0.00000000000000000,1.00000000000000000,0.00000000000000000,0.00000000000000000
328,1,0.00000000000000000,1.00000000000000000,0.00000000000000000,0.00000000000000000
329,1,25.00000000000000000,1.00000000000000000,0.00000000000000000,0.00000000000000000
330,1,0.00000000000000000,1.00000000000000000,0.00000000000000000,0.00000000000000000
331,1,0.00000000000000000,1.00000000000000000,0.00000000000000000,0.00000000000000000
332,1,0.00000000000000000,1.00000000000000000,0.00000000000000000,0.00000000000000000
333,1,0.00000000000000000,1.00000000000000000,0.00000000000000000,0.00000000000000000
334,1,25.00000000000000000,1.00000000000000000,0.00000000000000000,0.00000000000000000
335,1,0.00000000000000000,1.00000000000000000,0.00000000000000000,0.00000000000000000
336,1,0.00000000000000000,1.00000000000000000,0.00000000000000000,0.00000000000000000
337,1,0.00000000000000000,1.00000000000000000,0.00000000000000000,0.00000000000000000
338,1,0.00000000000000000,1.00000000000000000,0.00000000000000000,0.00000000000000000
339,1,0.00000000000000000,1.00000000000000000,0.00000000000000000,0.00000000000000000
340,1,20.00000000000000000,1.00000000000000000,0.00000000000000000,0.00000000000000000
341,1,0.00000000000000000,1.00000000000000000,0.00000000000000000,0.00000000000000000
342,1,0.00000000000000000,1.00000000000000000,0.00000000000000000,0.00000000000000000
343,1,0.00000000000000000,1.00000000000000000,0.00000000000000000,0.00000000000000000
344,1,0.00000000000000000,1.00000000000000000,0.00000000000000000,0.00000000000000000
345,1,0.00000000000000000,1.00000000000000000,0.00000000000000000,0.00000000000000000
346,1,0.00000000000000000,1.00000000000000000,0.00000000000000000,0.00000000000000000
347,1,22.00000000000000000,1.00000000000000000,0.00000000000000000,0.00000000000000000
348,1,0.00000000000000000,1.00000000000000000,0.00000000000000000,0.00000000000000000
349,1,0.00000000000000000,1.00000000000000000,0.00000000000000000,0.00000000000000000
350,1,0.00000000000000000,1.00000000000000000,0.00000000000000000,0.00000000000000000
351,1,0.00000000000000000,1.00000000000000000,0.00000000000000000,0.00000000000000000
352,1,0.00000000000000000,1.00000000000000000,0.00000000000000000,0.00000000000000000
353,1,0.00000000000000000,1.00000000000000000,0.00000000000000000,0.00000000000000000
354,1,0.00000000000000000,1.00000000000000000,0.00000000000000000,0.00000000000000000
355,1,0.00000000000000000,1.00000000000000000,0.00000000000000000,0.00000000000000000
356,1,40.00000000000000000,0.40000000000000002,0.59999999999999998,0.00000000000000000
357,1,80.00000000000000000,0.00000000000000000,0.00000000000000000,1.00000000000000000
358,1,0.00000000000000000,1.00000000000000000,0.00000000000000000,0.00000000000000000
359,1,0.00000000000000000,1.00000000000000000,0.00000000000000000,0.00000000000000000
360,1,0.00000000000000000,1.00000000000000000,0.00000000000000000,0.00000000000000000
361,1,0.00000000000000000,1.00000000000000000,0.00000000000000000,0.00000000000000000
362,1,22.00000000000000000,1.00000000000000000,0.00000000000000000,0.00000000000000000
363,1,25.00000000000000000,1.00000000000000000,0.00000000000000000,0.00000000000000000
364,1,22.00000000000000000,1.00000000000000000,0.00000000000000000,0.00000000000000000
365,1,0.00000000000000000,1.00000000000000000,0.00000000000000000,0.00000000000000000
366,1,0.00000000000000000,1.00000000000000000,0.00000000000000000,0.00000000000000000
367,1,95.00000000000000000,0.00000000000000000,0.00000000000000000,1.00000000000000000
368,1,0.00000000000000000,1.00000000000000000,0.00000000000000000,0.00000000000000000
369,1,0.00000000000000000,1.00000000000000000,0.00000000000000000,0.00000000000000000
370,1,25.00000000000000000,1.00000000000000000,0.00000000000000000,0.00000000000000000
371,1,0.00000000000000000,1.00000000000000000,0.00000000000000000,0.00000000000000000
372,1,0.00000000000000000,1.00000000000000000,0.00000000000000000,0.00000000000000000
373,1,0.00000000000000000,1.00000000000000000,0.00000000000000000,0.00000000000000000
374,1,20.00000000000000000,1.00000000000000000,0.00000000000000000,0.00000000000000000
375,1,0.00000000000000000,1.00000000000000000,0.00000000000000000,0.00000000000000000
376,1,0.00000000000000000,1.00000000000000000,0.00000000000000000,0.00000000000000000
377,1,0.00000000000000000,1.00000000000000000,0.00000000000000000,0.00000000000000000
378,1,20.00000000000000000,1.00000000000000000,0.00000000000000000,0.00000000000000000
379,1,0.00000000000000000,1.00000000000000000,0.00000000000000000,0.00000000000000000
380,1,0.00000000000000000,1.00000000000000000,0.00000000000000000,0.00000000000000000
381,1,20.00000000000000000,1.00000000000000000,0.00000000000000000,0.00000000000000000
382,1,0.00000000000000000,1.00000000000000000,0.00000000000000000,0.00000000000000000
383,1,0.00000000000000000,1.00000000000000000,0.00000000000000000,0.00000000000000000
384,1,0.00000000000000000,1.00000000000000000,0.00000000000000000,0.00000000000000000
385,1,0.00000000000000000,1.00000000000000000,0.00000000000000000,0.00000000000000000
386,1,0.00000000000000000,1.00000000000000000,0.00000000000000000,0.00000000000000000
387,1,0.00000000000000000,1.00000000000000000,0.00000000000000000,0.00000000000000000
388,1,80.00000000000000000,0.00000000000000000,0.00000000000000000,1.00000000000000000
389,1,0.00000000000000000,1.00000000000000000,0.00000000000000000,0.00000000000000000
390,1,0.00000000000000000,1.00000000000000000,0.00000000000000000,0.00000000000000000
391,1,0.00000000000000000,1.00000000000000000,0.00000000000000000,0.00000000000000000
392,1,0.00000000000000000,1.00000000000000000,0.00000000000000000,0.00000000000000000
393,1,0.00000000000000000,1.00000000000000000,0.00000000000000000,0.00000000000000000
394,1,0.00000000000000000,1.00000000000000000,0.00000000000000000,0.00000000000000000
395,1,0.00000000000000000,1.00000000000000000,0.00000000000000000,0.00000000000000000
396,1,0.00000000000000000,1.00000000000000000,0.00000000000000000,0.00000000000000000
397,1,55.00000000000000000,0.00000000000000000,0.80000000000000004,0.20000000000000001
398,1,0.00000000000000000,1.00000000000000000,0.00000000000000000,0.00000000000000000
399,1,0.00000000000000000,1.00000000000000000,0.00000000000000000,0.00000000000000000
400,1,0.00000000000000000,1.00000000000000000,0.00000000000000000,0.00000000000000000
401,1,0.00000000000000000,1.00000000000000000,0.00000000000000000,0.00000000000000000
402,1,0.00000000000000000,1.00000000000000000,0.00000000000000000,0.00000000000000000
403,1,0.00000000000000000,1.00000000000000000,0.00000000000000000,0.00000000000000000
404,1,22.00000000000000000,1.00000000000000000,0.00000000000000000,0.00000000000000000
405,1,0.00000000000000000,1.00000000000000000,0.00000000000000000,0.00000000000000000
406,1,0.00000000000000000,1.00000000000000000,0.00000000000000000,0.00000000000000000
407,1,21.00000000000000000,1.00000000000000000,0.00000000000000000,0.00000000000000000
408,1,25.00000000000000000,1.00000000000000000,0.00000000000000000,0.00000000000000000
409,1,0.00000000000000000,1.00000000000000000,0.00000000000000000,0.00000000000000000
410,1,0.00000000000000000,1.00000000000000000,0.00000000000000000,0.00000000000000000
411,1,80.00000000000000000,0.00000000000000000,0.00000000000000000,1.00000000000000000
412,1,0.00000000000000000,1.00000000000000000,0.00000000000000000,0.00000000000000000
413,1,22.00000000000000000,1.00000000000000000,0.00000000000000000,0.00000000000000000
414,1,0.00000000000000000,1.00000000000000000,0.00000000000000000,0.00000000000000000
415,1,20.00000000000000000,1.00000000000000000,0.00000000000000000,0.00000000000000000
416,1,0.00000000000000000,1.00000000000000000,0.00000000000000000,0.00000000000000000
417,1,70.00000000000000000,0.00000000000000000,0.20000000000000001,0.80000000000000004
418,1,0.00000000000000000,1.00000000000000000,0.00000000000000000,0.00000000000000000
419,1,0.00000000000000000,1.00000000000000000,0.00000000000000000,0.00000000000000000
420,1,0.00000000000000000,1.00000000000000000,0.00000000000000000,0.00000000000000000
421,1,0.00000000000000000,1.00000000000000000,0.00000000000000000,0.00000000000000000
422,1,0.00000000000000000,1.00000000000000000,0.00000000000000000,0.00000000000000000
423,1,0.00000000000000000,1.00000000000000000,0.00000000000000000,0.00000000000000000
424,1,0.00000000000000000,1.00000000000000000,0.00000000000000000,0.00000000000000000
425,1,0.00000000000000000,1.00000000000000000,0.00000000000000000,0.00000000000000000
426,1,0.00000000000000000,1.00000000000000000,0.00000000000000000,0.00000000000000000
427,1,0.00000000000000000,1.00000000000000000,0.00000000000000000,0.00000000000000000
428,1,0.00000000000000000,1.00000000000000000,0.00000000000000000,0.00000000000000000
429,1,12.50000000000000000,1.00000000000000000,0.00000000000000000,0.00000000000000000
430,1,0.00000000000000000,1.00000000000000000,0.00000000000000000,0.00000000000000000
431,1,0.00000000000000000,1.00000000000000000,0.00000000000000000,0.00000000000000000
432,1,12.50000000000000000,1.00000000000000000,0.00000000000000000,0.00000000000000000
433,1,0.00000000000000000,1.00000000000000000,0.00000000000000000,0.00000000000000000
434,1,12.50000000000000000,1.00000000000000000,0.00000000000000000,0.00000000000000000
435,1,20.00000000000000000,1.00000000000000000,0.00000000000000000,0.00000000000000000
436,1,30.00000000000000000,0.80000000000000004,0.20000000000000001,0.00000000000000000
437,1,0.00000000000000000,1.00000000000000000,0.00000000000000000,0.00000000000000000
438,1,0.00000000000000000,1.00000000000000000,0.00000000000000000,0.00000000000000000
439,1,0.00000000000000000,1.00000000000000000,0.00000000000000000,0.00000000000000000
440,1,0.00000000000000000,1.00000000000000000,0.00000000000000000,0.00000000000000000
441,1,0.00000000000000000,1.00000000000000000,0.00000000000000000,0.00000000000000000
442,1,0.00000000000000000,1.00000000000000000,0.00000000000000000,0.00000000000000000
443,1,0.00000000000000000,1.00000000000000000,0.00000000000000000,0.00000000000000000
444,1,0.00000000000000000,1.00000000000000000,0.00000000000000000,0.00000000000000000
445,1,0.00000000000000000,1.00000000000000000,0.00000000000000000,0.00000000000000000
446,1,0.00000000000000000,1.00000000000000000,0.00000000000000000,0.00000000000000000
447,1,0.00000000000000000,1.00000000000000000,0.00000000000000000,0.00000000000000000
448,1,0.00000000000000000,1.00000000000000000,0.00000000000000000,0.00000000000000000
449,1,0.00000000000000000,1.00000000000000000,0.00000000000000000,0.00000000000000000
450,1,0.00000000000000000,1.00000000000000000,0.00000000000000000,0.00000000000000000
451,1,0.00000000000000000,1.00000000000000000,0.00000000000000000,0.00000000000000000
452,1,45.00000000000000000,0.20000000000000001,0.80000000000000004,0.00000000000000000
453,1,30.00000000000000000,0.80000000000000004,0.20000000000000001,0.00000000000000000
454,1,0.00000000000000000,1.00000000000000000,0.00000000000000000,0.00000000000000000
455,1,0.00000000000000000,1.00000000000000000,0.00000000000000000,0.00000000000000000
456,1,45.00000000000000000,0.20000000000000001,0.80000000000000004,0.00000000000000000
457,1,0.00000000000000000,1.00000000000000000,0.00000000000000000,0.00000000000000000
458,1,0.00000000000000000,1.00000000000000000,0.00000000000000000,0.00000000000000000
459,1,0.00000000000000000,1.00000000000000000,0.00000000000000000,0.00000000000000000
460,1,0.00000000000000000,1.00000000000000000,0.00000000000000000,0.00000000000000000
461,1,0.00000000000000000,1.00000000000000000,0.00000000000000000,0.00000000000000000
462,1,0.00000000000000000,1.00000000000000000,0.00000000000000000,0.00000000000000000
463,1,40.00000000000000000,0.40000000000000002,0.59999999999999998,0.00000000000000000
464,1,0.00000000000000000,1.00000000000000000,0.00000000000000000,0.00000000000000000
465,1,0.00000000000000000,1.00000000000000000,0.00000000000000000,0.00000000000000000
466,1,0.00000000000000000,1.00000000000000000,0.00000000000000000,0.00000000000000000
467,1,0.00000000000000000,1.00000000000000000,0.00000000000000000,0.00000000000000000
468,1,0.00000000000000000,1.00000000000000000,0.00000000000000000,0.00000000000000000
469,1,0.00000000000000000,1.00000000000000000,0.00000000000000000,0.00000000000000000
470,1,0.00000000000000000,1.00000000000000000,0.00000000000000000,0.00000000000000000
471,1,0.00000000000000000,1.00000000000000000,0.00000000000000000,0.00000000000000000
472,1,0.00000000000000000,1.00000000000000000,0.00000000000000000,0.00000000000000000
473,1,0.00000000000000000,1.00000000000000000,0.00000000000000000,0.00000000000000000
474,1,0.00000000000000000,1.00000000000000000,0.00000000000000000,0.00000000000000000
475,1,0.00000000000000000,1.00000000000000000,0.00000000000000000,0.00000000000000000
476,1,0.00000000000000000,1.00000000000000000,0.00000000000000000,0.00000000000000000
477,1,0.00000000000000000,1.00000000000000000,0.00000000000000000,0.00000000000000000
478,1,0.00000000000000000,1.00000000000000000,0.00000000000000000,0.00000000000000000
479,1,30.00000000000000000,0.80000000000000004,0.20000000000000001,0.00000000000000000
480,1,0.00000000000000000,1.00000000000000000,0.00000000000000000,0.00000000000000000
481,1,95.00000000000000000,0.00000000000000000,0.00000000000000000,1.00000000000000000
482,1,12.50000000000000000,1.00000000000000000,0.00000000000000000,0.00000000000000000
483,1,40.00000000000000000,0.40000000000000002,0.59999999999999998,0.00000000000000000
484,1,0.00000000000000000,1.00000000000000000,0.00000000000000000,0.00000000000000000
485,1,75.00000000000000000,0.00000000000000000,0.00000000000000000,1.00000000000000000
486,1,0.00000000000000000,1.00000000000000000,0.00000000000000000,0.00000000000000000
487,1,80.00000000000000000,0.00000000000000000,0.00000000000000000,1.00000000000000000
488,1,80.00000000000000000,0.00000000000000000,0.00000000000000000,1.00000000000000000
489,1,20.00000000000000000,1.00000000000000000,0.00000000000000000,0.00000000000000000
490,1,12.50000000000000000,1.00000000000000000,0.00000000000000000,0.00000000000000000
491,1,20.00000000000000000,1.00000000000000000,0.00000000000000000,0.00000000000000000
492,1,0.00000000000000000,1.00000000000000000,0.00000000000000000,0.00000000000000000
493,1,0.00000000000000000,1.00000000000000000,0.00000000000000000,0.00000000000000000
494,1,0.00000000000000000,1.00000000000000000,0.00000000000000000,0.00000000000000000
495,1,0.00000000000000000,1.00000000000000000,0.00000000000000000,0.00000000000000000
496,1,80.00000000000000000,0.00000000000000000,0.00000000000000000,1.00000000000000000
497,1,0.00000000000000000,1.00000000000000000,0.00000000000000000,0.00000000000000000
498,1,0.00000000000000000,1.00000000000000000,0.00000000000000000,0.00000000000000000
499,1,21.00000000000000000,1.00000000000000000,0.00000000000000000,0.00000000000000000
500,1,20.00000000000000000,1.00000000000000000,0.00000000000000000,0.00000000000000000
501,1,0.00000000000000000,1.00000000000000000,0.00000000000000000,0.00000000000000000
502,1,0.00000000000000000,1.00000000000000000,0.00000000000000000,0.00000000000000000
503,1,0.00000000000000000,1.00000000000000000,0.00000000000000000,0.00000000000000000
504,1,28.00000000000000000,0.88000000000000000,0.12000000000000000,0.00000000000000000
0,2,18.10000000000000142,0.00000000000000000,0.41348973607038086,0.58651026392961914
1,2,18.10000000000000142,0.00000000000000000,0.41348973607038086,0.58651026392961914
2,2,10.58999999999999986,0.51466275659824046,0.48533724340175960,0.00000000000000000
3,2,10.81000000000000050,0.48240469208211129,0.51759530791788866,0.00000000000000000
4,2,18.10000000000000142,0.00000000000000000,0.41348973607038086,0.58651026392961914
5,2,21.89000000000000057,0.00000000000000000,0.00000000000000000,1.00000000000000000
6,2,7.87000000000000011,0.91348973607038109,0.08651026392961887,0.00000000000000000
7,2,18.10000000000000142,0.00000000000000000,0.41348973607038086,0.58651026392961914
8,2,19.57999999999999829,0.00000000000000000,0.19648093841642231,0.80351906158357767
9,2,19.57999999999999829,0.00000000000000000,0.19648093841642231,0.80351906158357767
10,2,4.38999999999999968,1.00000000000000000,0.00000000000000000,0.00000000000000000
11,2,19.57999999999999829,0.00000000000000000,0.19648093841642231,0.80351906158357767
12,2,5.12999999999999989,1.00000000000000000,0.00000000000000000,0.00000000000000000
13,2,4.92999999999999972,1.00000000000000000,0.00000000000000000,0.00000000000000000
14,2,6.95999999999999996,1.00000000000000000,0.00000000000000000,0.00000000000000000
15,2,3.77999999999999980,1.00000000000000000,0.00000000000000000,0.00000000000000000
16,2,1.52000000000000002,1.00000000000000000,0.00000000000000000,0.00000000000000000
17,2,18.10000000000000142,0.00000000000000000,0.41348973607038086,0.58651026392961914
18,2,27.73999999999999844,0.00000000000000000,0.00000000000000000,1.00000000000000000
19,2,5.12999999999999989,1.00000000000000000,0.00000000000000000,0.00000000000000000
20,2,3.75000000000000000,1.00000000000000000,0.00000000000000000,0.00000000000000000
21,2,6.20000000000000018,1.00000000000000000,0.00000000000000000,0.00000000000000000
22,2,10.58999999999999986,0.51466275659824046,0.48533724340175960,0.00000000000000000
23,2,7.87000000000000011,0.91348973607038109,0.08651026392961887,0.00000000000000000
24,2,4.04999999999999982,1.00000000000000000,0.00000000000000000,0.00000000000000000
25,2,5.32000000000000028,1.00000000000000000,0.00000000000000000,0.00000000000000000
26,2,1.37999999999999989,1.00000000000000000,0.00000000000000000,0.00000000000000000
27,2,8.14000000000000057,0.87390029325513174,0.12609970674486820,0.00000000000000000
28,2,18.10000000000000142,0.00000000000000000,0.41348973607038086,0.58651026392961914
29,2,21.89000000000000057,0.00000000000000000,0.00000000000000000,1.00000000000000000
30,2,6.20000000000000018,1.00000000000000000,0.00000000000000000,0.00000000000000000
31,2,18.10000000000000142,0.00000000000000000,0.41348973607038086,0.58651026392961914
32,2,18.10000000000000142,0.00000000000000000,0.41348973607038086,0.58651026392961914
33,2,21.89000000000000057,0.00000000000000000,0.00000000000000000,1.00000000000000000
34,2,18.10000000000000142,0.00000000000000000,0.41348973607038086,0.58651026392961914
35,2,13.89000000000000057,0.03079178885630485,0.96920821114369515,0.00000000000000000
36,2,5.95999999999999996,1.00000000000000000,0.00000000000000000,0.00000000000000000
37,2,13.89000000000000057,0.03079178885630485,0.96920821114369515,0.00000000000000000
38,2,18.10000000000000142,0.00000000000000000,0.41348973607038086,0.58651026392961914
39,2,12.83000000000000007,0.18621700879765388,0.81378299120234610,0.00000000000000000
40,2,18.10000000000000142,0.00000000000000000,0.41348973607038086,0.58651026392961914
41,2,5.19000000000000039,1.00000000000000000,0.00000000000000000,0.00000000000000000
42,2,21.89000000000000057,0.00000000000000000,0.00000000000000000,1.00000000000000000
43,2,8.56000000000000050,0.81231671554252183,0.18768328445747817,0.00000000000000000
44,2,4.15000000000000036,1.00000000000000000,0.00000000000000000,0.00000000000000000
45,2,18.10000000000000142,0.00000000000000000,0.41348973607038086,0.58651026392961914
46,2,10.81000000000000050,0.48240469208211129,0.51759530791788866,0.00000000000000000
47,2,7.37999999999999989,0.98533724340175943,0.01466275659824055,0.00000000000000000
48,2,6.91000000000000014,1.00000000000000000,0.00000000000000000,0.00000000000000000
49,2,18.10000000000000142,0.00000000000000000,0.41348973607038086,0.58651026392961914
50,2,3.43999999999999995,1.00000000000000000,0.00000000000000000,0.00000000000000000
51,2,18.10000000000000142,0.00000000000000000,0.41348973607038086,0.58651026392961914
52,2,6.20000000000000018,1.00000000000000000,0.00000000000000000,0.00000000000000000
53,2,9.90000000000000036,0.61583577712609960,0.38416422287390040,0.00000000000000000
54,2,18.10000000000000142,0.00000000000000000,0.41348973607038086,0.58651026392961914
55,2,8.14000000000000057,0.87390029325513174,0.12609970674486820,0.00000000000000000
56,2,3.24000000000000021,1.00000000000000000,0.00000000000000000,0.00000000000000000
57,2,7.37999999999999989,0.98533724340175943,0.01466275659824055,0.00000000000000000
58,2,3.24000000000000021,1.00000000000000000,0.00000000000000000,0.00000000000000000
59,2,18.10000000000000142,0.00000000000000000,0.41348973607038086,0.58651026392961914
60,2,18.10000000000000142,0.00000000000000000,0.41348973607038086,0.58651026392961914
61,2,18.10000000000000142,0.00000000000000000,0.41348973607038086,0.58651026392961914
62,2,3.41000000000000014,1.00000000000000000,0.00000000000000000,0.00000000000000000
63,2,3.97000000000000020,1.00000000000000000,0.00000000000000000,0.00000000000000000
64,2,4.95000000000000018,1.00000000000000000,0.00000000000000000,0.00000000000000000
65,2,18.10000000000000142,0.00000000000000000,0.41348973607038086,0.58651026392961914
66,2,4.49000000000000021,1.00000000000000000,0.00000000000000000,0.00000000000000000
67,2,4.86000000000000032,1.00000000000000000,0.00000000000000000,0.00000000000000000
68,2,18.10000000000000142,0.00000000000000000,0.41348973607038086,0.58651026392961914
69,2,10.00999999999999979,0.59970674486803510,0.40029325513196484,0.00000000000000000
70,2,18.10000000000000142,0.00000000000000000,0.41348973607038086,0.58651026392961914
71,2,18.10000000000000142,0.00000000000000000,0.41348973607038086,0.58651026392961914
72,2,2.31000000000000005,1.00000000000000000,0.00000000000000000,0.00000000000000000
73,2,18.10000000000000142,0.00000000000000000,0.41348973607038086,0.58651026392961914
74,2,3.43999999999999995,1.00000000000000000,0.00000000000000000,0.00000000000000000
75,2,8.14000000000000057,0.87390029325513174,0.12609970674486820,0.00000000000000000
76,2,27.73999999999999844,0.00000000000000000,0.00000000000000000,1.00000000000000000
77,2,18.10000000000000142,0.00000000000000000,0.41348973607038086,0.58651026392961914
78,2,6.20000000000000018,1.00000000000000000,0.00000000000000000,0.00000000000000000
79,2,18.10000000000000142,0.00000000000000000,0.41348973607038086,0.58651026392961914
80,2,3.97000000000000020,1.00000000000000000,0.00000000000000000,0.00000000000000000
81,2,1.88999999999999990,1.00000000000000000,0.00000000000000000,0.00000000000000000
82,2,7.87000000000000011,0.91348973607038109,0.08651026392961887,0.00000000000000000
83,2,18.10000000000000142,0.00000000000000000,0.41348973607038086,0.58651026392961914
84,2,3.41000000000000014,1.00000000000000000,0.00000000000000000,0.00000000000000000
85,2,7.37999999999999989,0.98533724340175943,0.01466275659824055,0.00000000000000000
86,2,18.10000000000000142,0.00000000000000000,0.41348973607038086,0.58651026392961914
87,2,3.43999999999999995,1.00000000000000000,0.00000000000000000,0.00000000000000000
88,2,2.02999999999999980,1.00000000000000000,0.00000000000000000,0.00000000000000000
89,2,18.10000000000000142,0.00000000000000000,0.41348973607038086,0.58651026392961914
90,2,10.58999999999999986,0.51466275659824046,0.48533724340175960,0.00000000000000000
91,2,18.10000000000000142,0.00000000000000000,0.41348973607038086,0.58651026392961914
92,2,9.68999999999999950,0.64662756598240467,0.35337243401759533,0.00000000000000000
93,2,6.95999999999999996,1.00000000000000000,0.00000000000000000,0.00000000000000000
94,2,1.21999999999999997,1.00000000000000000,0.00000000000000000,0.00000000000000000
95,2,8.14000000000000057,0.87390029325513174,0.12609970674486820,0.00000000000000000
96,2,25.64999999999999858,0.00000000000000000,0.00000000000000000,1.00000000000000000
97,2,2.24000000000000021,1.00000000000000000,0.00000000000000000,0.00000000000000000
98,2,19.57999999999999829,0.00000000000000000,0.19648093841642231,0.80351906158357767
99,2,2.45999999999999996,1.00000000000000000,0.00000000000000000,0.00000000000000000
100,2,13.89000000000000057,0.03079178885630485,0.96920821114369515,0.00000000000000000
101,2,9.90000000000000036,0.61583577712609960,0.38416422287390040,0.00000000000000000
102,2,4.86000000000000032,1.00000000000000000,0.00000000000000000,0.00000000000000000
103,2,8.14000000000000057,0.87390029325513174,0.12609970674486820,0.00000000000000000
104,2,0.73999999999999999,1.00000000000000000,0.00000000000000000,0.00000000000000000
105,2,6.20000000000000018,1.00000000000000000,0.00000000000000000,0.00000000000000000
106,2,18.10000000000000142,0.00000000000000000,0.41348973607038086,0.58651026392961914
107,2,5.19000000000000039,1.00000000000000000,0.00000000000000000,0.00000000000000000
108,2,18.10000000000000142,0.00000000000000000,0.41348973607038086,0.58651026392961914
109,2,6.05999999999999961,1.00000000000000000,0.00000000000000000,0.00000000000000000
110,2,9.90000000000000036,0.61583577712609960,0.38416422287390040,0.00000000000000000
111,2,18.10000000000000142,0.00000000000000000,0.41348973607038086,0.58651026392961914
112,2,6.91000000000000014,1.00000000000000000,0.00000000000000000,0.00000000000000000
113,2,9.90000000000000036,0.61583577712609960,0.38416422287390040,0.00000000000000000
114,2,10.00999999999999979,0.59970674486803510,0.40029325513196484,0.00000000000000000
115,2,18.10000000000000142,0.00000000000000000,0.41348973607038086,0.58651026392961914
116,2,2.24000000000000021,1.00000000000000000,0.00000000000000000,0.00000000000000000
117,2,18.10000000000000142,0.00000000000000000,0.41348973607038086,0.58651026392961914
118,2,8.14000000000000057,0.87390029325513174,0.12609970674486820,0.00000000000000000
119,2,18.10000000000000142,0.00000000000000000,0.41348973607038086,0.58651026392961914
120,2,18.10000000000000142,0.00000000000000000,0.41348973607038086,0.58651026392961914
121,2,1.25000000000000000,1.00000000000000000,0.00000000000000000,0.00000000000000000
122,2,3.97000000000000020,1.00000000000000000,0.00000000000000000,0.00000000000000000
123,2,3.97000000000000020,1.00000000000000000,0.00000000000000000,0.00000000000000000
124,2,10.00999999999999979,0.59970674486803510,0.40029325513196484,0.00000000000000000
125,2,7.87000000000000011,0.91348973607038109,0.08651026392961887,0.00000000000000000
126,2,5.19000000000000039,1.00000000000000000,0.00000000000000000,0.00000000000000000
127,2,19.57999999999999829,0.00000000000000000,0.19648093841642231,0.80351906158357767
128,2,18.10000000000000142,0.00000000000000000,0.41348973607038086,0.58651026392961914
129,2,2.95000000000000018,1.00000000000000000,0.00000000000000000,0.00000000000000000
130,2,2.02999999999999980,1.00000000000000000,0.00000000000000000,0.00000000000000000
131,2,18.10000000000000142,0.00000000000000000,0.41348973607038086,0.58651026392961914
132,2,18.10000000000000142,0.00000000000000000,0.41348973607038086,0.58651026392961914
133,2,5.86000000000000032,1.00000000000000000,0.00000000000000000,0.00000000000000000
134,2,6.20000000000000018,1.00000000000000000,0.00000000000000000,0.00000000000000000
135,2,10.58999999999999986,0.51466275659824046,0.48533724340175960,0.00000000000000000
136,2,13.91999999999999993,0.02639296187683280,0.97360703812316718,0.00000000000000000
137,2,18.10000000000000142,0.00000000000000000,0.41348973607038086,0.58651026392961914
138,2,18.10000000000000142,0.00000000000000000,0.41348973607038086,0.58651026392961914
139,2,9.68999999999999950,0.64662756598240467,0.35337243401759533,0.00000000000000000
140,2,9.68999999999999950,0.64662756598240467,0.35337243401759533,0.00000000000000000
141,2,5.95999999999999996,1.00000000000000000,0.00000000000000000,0.00000000000000000
142,2,2.68000000000000016,1.00000000000000000,0.00000000000000000,0.00000000000000000
143,2,13.91999999999999993,0.02639296187683280,0.97360703812316718,0.00000000000000000
144,2,9.90000000000000036,0.61583577712609960,0.38416422287390040,0.00000000000000000
145,2,6.20000000000000018,1.00000000000000000,0.00000000000000000,0.00000000000000000
146,2,8.14000000000000057,0.87390029325513174,0.12609970674486820,0.00000000000000000
147,2,18.10000000000000142,0.00000000000000000,0.41348973607038086,0.58651026392961914
148,2,10.00999999999999979,0.59970674486803510,0.40029325513196484,0.00000000000000000
149,2,5.63999999999999968,1.00000000000000000,0.00000000000000000,0.00000000000000000
150,2,18.10000000000000142,0.00000000000000000,0.41348973607038086,0.58651026392961914
151,2,6.91000000000000014,1.00000000000000000,0.00000000000000000,0.00000000000000000
152,2,9.90000000000000036,0.61583577712609960,0.38416422287390040,0.00000000000000000
153,2,8.56000000000000050,0.81231671554252183,0.18768328445747817,0.00000000000000000
154,2,2.18000000000000016,1.00000000000000000,0.00000000000000000,0.00000000000000000
155,2,18.10000000000000142,0.00000000000000000,0.41348973607038086,0.58651026392961914
156,2,4.00000000000000000,1.00000000000000000,0.00000000000000000,0.00000000000000000
157,2,9.68999999999999950,0.64662756598240467,0.35337243401759533,0.00000000000000000
158,2,18.10000000000000142,0.00000000000000000,0.41348973607038086,0.58651026392961914
159,2,5.86000000000000032,1.00000000000000000,0.00000000000000000,0.00000000000000000
160,2,18.10000000000000142,0.00000000000000000,0.41348973607038086,0.58651026392961914
161,2,2.18000000000000016,1.00000000000000000,0.00000000000000000,0.00000000000000000
162,2,18.10000000000000142,0.00000000000000000,0.41348973607038086,0.58651026392961914
163,2,2.89000000000000012,1.00000000000000000,0.00000000000000000,0.00000000000000000
164,2,10.00999999999999979,0.59970674486803510,0.40029325513196484,0.00000000000000000
165,2,2.25000000000000000,1.00000000000000000,0.00000000000000000,0.00000000000000000
166,2,6.20000000000000018,1.00000000000000000,0.00000000000000000,0.00000000000000000
167,2,6.91000000000000014,1.00000000000000000,0.00000000000000000,0.00000000000000000
168,2,1.68999999999999995,1.00000000000000000,0.00000000000000000,0.00000000000000000
169,2,21.89000000000000057,0.00000000000000000,0.00000000000000000,1.00000000000000000
170,2,3.37000000000000011,1.00000000000000000,0.00000000000000000,0.00000000000000000
171,2,6.07000000000000028,1.00000000000000000,0.00000000000000000,0.00000000000000000
172,2,2.18000000000000016,1.00000000000000000,0.00000000000000000,0.00000000000000000
173,2,4.49000000000000021,1.00000000000000000,0.00000000000000000,0.00000000000000000
174,2,1.46999999999999997,1.00000000000000000,0.00000000000000000,0.00000000000000000
175,2,19.57999999999999829,0.00000000000000000,0.19648093841642231,0.80351906158357767
176,2,12.83000000000000007,0.18621700879765388,0.81378299120234610,0.00000000000000000
177,2,21.89000000000000057,0.00000000000000000,0.00000000000000000,1.00000000000000000
178,2,1.68999999999999995,1.00000000000000000,0.00000000000000000,0.00000000000000000
179,2,9.68999999999999950,0.64662756598240467,0.35337243401759533,0.00000000000000000
180,2,8.56000000000000050,0.81231671554252183,0.18768328445747817,0.00000000000000000
181,2,6.05999999999999961,1.00000000000000000,0.00000000000000000,0.00000000000000000
182,2,19.57999999999999829,0.00000000000000000,0.19648093841642231,0.80351906158357767
183,2,18.10000000000000142,0.00000000000000000,0.41348973607038086,0.58651026392961914
184,2,18.10000000000000142,0.00000000000000000,0.41348973607038086,0.58651026392961914
185,2,2.89000000000000012,1.00000000000000000,0.00000000000000000,0.00000000000000000
186,2,18.10000000000000142,0.00000000000000000,0.41348973607038086,0.58651026392961914
187,2,3.64000000000000012,1.00000000000000000,0.00000000000000000,0.00000000000000000
188,2,8.56000000000000050,0.81231671554252183,0.18768328445747817,0.00000000000000000
189,2,8.14000000000000057,0.87390029325513174,0.12609970674486820,0.00000000000000000
190,2,18.10000000000000142,0.00000000000000000,0.41348973607038086,0.58651026392961914
191,2,3.97000000000000020,1.00000000000000000,0.00000000000000000,0.00000000000000000
192,2,25.64999999999999858,0.00000000000000000,0.00000000000000000,1.00000000000000000
193,2,6.08999999999999986,1.00000000000000000,0.00000000000000000,0.00000000000000000
194,2,1.32000000000000006,1.00000000000000000,0.00000000000000000,0.00000000000000000
195,2,18.10000000000000142,0.00000000000000000,0.41348973607038086,0.58651026392961914
196,2,8.14000000000000057,0.87390029325513174,0.12609970674486820,0.00000000000000000
197,2,18.10000000000000142,0.00000000000000000,0.41348973607038086,0.58651026392961914
198,2,3.97000000000000020,1.00000000000000000,0.00000000000000000,0.00000000000000000
199,2,3.33000000000000007,1.00000000000000000,0.00000000000000000,0.00000000000000000
200,2,19.57999999999999829,0.00000000000000000,0.19648093841642231,0.80351906158357767
201,2,6.41000000000000014,1.00000000000000000,0.00000000000000000,0.00000000000000000
202,2,18.10000000000000142,0.00000000000000000,0.41348973607038086,0.58651026392961914
203,2,9.68999999999999950,0.64662756598240467,0.35337243401759533,0.00000000000000000
204,2,18.10000000000000142,0.00000000000000000,0.41348973607038086,0.58651026392961914
205,2,18.10000000000000142,0.00000000000000000,0.41348973607038086,0.58651026392961914
206,2,0.46000000000000002,1.00000000000000000,0.00000000000000000,0.00000000000000000
207,2,10.58999999999999986,0.51466275659824046,0.48533724340175960,0.00000000000000000
208,2,9.68999999999999950,0.64662756598240467,0.35337243401759533,0.00000000000000000
209,2,18.10000000000000142,0.00000000000000000,0.41348973607038086,0.58651026392961914
210,2,18.10000000000000142,0.00000000000000000,0.41348973607038086,0.58651026392961914
211,2,10.00999999999999979,0.59970674486803510,0.40029325513196484,0.00000000000000000
212,2,3.97000000000000020,1.00000000000000000,0.00000000000000000,0.00000000000000000
213,2,18.10000000000000142,0.00000000000000000,0.41348973607038086,0.58651026392961914
214,2,2.97000000000000020,1.00000000000000000,0.00000000000000000,0.00000000000000000
215,2,18.10000000000000142,0.00000000000000000,0.41348973607038086,0.58651026392961914
216,2,13.89000000000000057,0.03079178885630485,0.96920821114369515,0.00000000000000000
217,2,5.86000000000000032,1.00000000000000000,0.00000000000000000,0.00000000000000000
218,2,2.18000000000000016,1.00000000000000000,0.00000000000000000,0.00000000000000000
219,2,5.12999999999999989,1.00000000000000000,0.00000000000000000,0.00000000000000000
220,2,2.45999999999999996,1.00000000000000000,0.00000000000000000,0.00000000000000000
221,2,18.10000000000000142,0.00000000000000000,0.41348973607038086,0.58651026392961914
222,2,18.10000000000000142,0.00000000000000000,0.41348973607038086,0.58651026392961914
223,2,18.10000000000000142,0.00000000000000000,0.41348973607038086,0.58651026392961914
224,2,18.10000000000000142,0.00000000000000000,0.41348973607038086,0.58651026392961914
225,2,2.45999999999999996,1.00000000000000000,0.00000000000000000,0.00000000000000000
226,2,18.10000000000000142,0.00000000000000000,0.41348973607038086,0.58651026392961914
227,2,5.32000000000000028,1.00000000000000000,0.00000000000000000,0.00000000000000000
228,2,2.02000000000000002,1.00000000000000000,0.00000000000000000,0.00000000000000000
229,2,18.10000000000000142,0.00000000000000000,0.41348973607038086,0.58651026392961914
230,2,25.64999999999999858,0.00000000000000000,0.00000000000000000,1.00000000000000000
231,2,8.14000000000000057,0.87390029325513174,0.12609970674486820,0.00000000000000000
232,2,27.73999999999999844,0.00000000000000000,0.00000000000000000,1.00000000000000000
233,2,6.08999999999999986,1.00000000000000000,0.00000000000000000,0.00000000000000000
234,2,18.10000000000000142,0.00000000000000000,0.41348973607038086,0.58651026392961914
235,2,10.58999999999999986,0.51466275659824046,0.48533724340175960,0.00000000000000000
236,2,2.18000000000000016,1.00000000000000000,0.00000000000000000,0.00000000000000000
237,2,8.56000000000000050,0.81231671554252183,0.18768328445747817,0.00000000000000000
238,2,12.83000000000000007,0.18621700879765388,0.81378299120234610,0.00000000000000000
239,2,2.00999999999999979,1.00000000000000000,0.00000000000000000,0.00000000000000000
240,2,9.90000000000000036,0.61583577712609960,0.38416422287390040,0.00000000000000000
241,2,5.63999999999999968,1.00000000000000000,0.00000000000000000,0.00000000000000000
242,2,19.57999999999999829,0.00000000000000000,0.19648093841642231,0.80351906158357767
243,2,19.57999999999999829,0.00000000000000000,0.19648093841642231,0.80351906158357767
244,2,1.20999999999999996,1.00000000000000000,0.00000000000000000,0.00000000000000000
245,2,8.14000000000000057,0.87390029325513174,0.12609970674486820,0.00000000000000000
246,2,4.04999999999999982,1.00000000000000000,0.00000000000000000,0.00000000000000000
247,2,15.03999999999999915,0.00000000000000000,0.86217008797653960,0.13782991202346037
248,2,7.37999999999999989,0.98533724340175943,0.01466275659824055,0.00000000000000000
249,2,10.00999999999999979,0.59970674486803510,0.40029325513196484,0.00000000000000000
250,2,13.91999999999999993,0.02639296187683280,0.97360703812316718,0.00000000000000000
251,2,18.10000000000000142,0.00000000000000000,0.41348973607038086,0.58651026392961914
252,2,19.57999999999999829,0.00000000000000000,0.19648093841642231,0.80351906158357767
253,2,2.45999999999999996,1.00000000000000000,0.00000000000000000,0.00000000000000000
254,2,5.86000000000000032,1.00000000000000000,0.00000000000000000,0.00000000000000000
255,2,5.19000000000000039,1.00000000000000000,0.00000000000000000,0.00000000000000000
256,2,19.57999999999999829,0.00000000000000000,0.19648093841642231,0.80351906158357767
257,2,18.10000000000000142,0.00000000000000000,0.41348973607038086,0.58651026392961914
258,2,18.10000000000000142,0.00000000000000000,0.41348973607038086,0.58651026392961914
259,2,18.10000000000000142,0.00000000000000000,0.41348973607038086,0.58651026392961914
260,2,10.58999999999999986,0.51466275659824046,0.48533724340175960,0.00000000000000000
261,2,18.10000000000000142,0.00000000000000000,0.41348973607038086,0.58651026392961914
262,2,11.92999999999999972,0.31818181818181818,0.68181818181818188,0.00000000000000000
263,2,25.64999999999999858,0.00000000000000000,0.00000000000000000,1.00000000000000000
264,2,21.89000000000000057,0.00000000000000000,0.00000000000000000,1.00000000000000000
265,2,6.08999999999999986,1.00000000000000000,0.00000000000000000,0.00000000000000000
266,2,1.52000000000000002,1.00000000000000000,0.00000000000000000,0.00000000000000000
267,2,19.57999999999999829,0.00000000000000000,0.19648093841642231,0.80351906158357767
268,2,4.49000000000000021,1.00000000000000000,0.00000000000000000,0.00000000000000000
269,2,10.00999999999999979,0.59970674486803510,0.40029325513196484,0.00000000000000000
270,2,1.76000000000000001,1.00000000000000000,0.00000000000000000,0.00000000000000000
271,2,18.10000000000000142,0.00000000000000000,0.41348973607038086,0.58651026392961914
272,2,21.89000000000000057,0.00000000000000000,0.00000000000000000,1.00000000000000000
273,2,2.18000000000000016,1.00000000000000000,0.00000000000000000,0.00000000000000000
274,2,18.10000000000000142,0.00000000000000000,0.41348973607038086,0.58651026392961914
275,2,3.41000000000000014,1.00000000000000000,0.00000000000000000,0.00000000000000000
276,2,2.45999999999999996,1.00000000000000000,0.00000000000000000,0.00000000000000000
277,2,2.89000000000000012,1.00000000000000000,0.00000000000000000,0.00000000000000000
278,2,10.81000000000000050,0.48240469208211129,0.51759530791788866,0.00000000000000000
279,2,21.89000000000000057,0.00000000000000000,0.00000000000000000,1.00000000000000000
280,2,4.92999999999999972,1.00000000000000000,0.00000000000000000,0.00000000000000000
281,2,19.57999999999999829,0.00000000000000000,0.19648093841642231,0.80351906158357767
282,2,8.14000000000000057,0.87390029325513174,0.12609970674486820,0.00000000000000000
283,2,18.10000000000000142,0.00000000000000000,0.41348973607038086,0.58651026392961914
284,2,19.57999999999999829,0.00000000000000000,0.19648093841642231,0.80351906158357767
285,2,6.41000000000000014,1.00000000000000000,0.00000000000000000,0.00000000000000000
286,2,5.32000000000000028,1.00000000000000000,0.00000000000000000,0.00000000000000000
287,2,12.83000000000000007,0.18621700879765388,0.81378299120234610,0.00000000000000000
288,2,7.37999999999999989,0.98533724340175943,0.01466275659824055,0.00000000000000000
289,2,18.10000000000000142,0.00000000000000000,0.41348973607038086,0.58651026392961914
290,2,15.03999999999999915,0.00000000000000000,0.86217008797653960,0.13782991202346037
291,2,18.10000000000000142,0.00000000000000000,0.41348973607038086,0.58651026392961914
292,2,18.10000000000000142,0.00000000000000000,0.41348973607038086,0.58651026392961914
293,2,18.10000000000000142,0.00000000000000000,0.41348973607038086,0.58651026392961914
294,2,18.10000000000000142,0.00000000000000000,0.41348973607038086,0.58651026392961914
295,2,19.57999999999999829,0.00000000000000000,0.19648093841642231,0.80351906158357767
296,2,4.49000000000000021,1.00000000000000000,0.00000000000000000,0.00000000000000000
297,2,19.57999999999999829,0.00000000000000000,0.19648093841642231,0.80351906158357767
298,2,4.95000000000000018,1.00000000000000000,0.00000000000000000,0.00000000000000000
299,2,12.83000000000000007,0.18621700879765388,0.81378299120234610,0.00000000000000000
300,2,4.92999999999999972,1.00000000000000000,0.00000000000000000,0.00000000000000000
301,2,8.56000000000000050,0.81231671554252183,0.18768328445747817,0.00000000000000000
302,2,8.14000000000000057,0.87390029325513174,0.12609970674486820,0.00000000000000000
303,2,19.57999999999999829,0.00000000000000000,0.19648093841642231,0.80351906158357767
304,2,9.68999999999999950,0.64662756598240467,0.35337243401759533,0.00000000000000000
305,2,5.86000000000000032,1.00000000000000000,0.00000000000000000,0.00000000000000000
306,2,18.10000000000000142,0.00000000000000000,0.41348973607038086,0.58651026392961914
307,2,3.97000000000000020,1.00000000000000000,0.00000000000000000,0.00000000000000000
308,2,5.19000000000000039,1.00000000000000000,0.00000000000000000,0.00000000000000000
309,2,18.10000000000000142,0.00000000000000000,0.41348973607038086,0.58651026392961914
310,2,6.41000000000000014,1.00000000000000000,0.00000000000000000,0.00000000000000000
311,2,2.93000000000000016,1.00000000000000000,0.00000000000000000,0.00000000000000000
312,2,18.10000000000000142,0.00000000000000000,0.41348973607038086,0.58651026392961914
313,2,2.93000000000000016,1.00000000000000000,0.00000000000000000,0.00000000000000000
314,2,2.89000000000000012,1.00000000000000000,0.00000000000000000,0.00000000000000000
315,2,18.10000000000000142,0.00000000000000000,0.41348973607038086,0.58651026392961914
316,2,7.07000000000000028,1.00000000000000000,0.00000000000000000,0.00000000000000000
317,2,18.10000000000000142,0.00000000000000000,0.41348973607038086,0.58651026392961914
318,2,3.43999999999999995,1.00000000000000000,0.00000000000000000,0.00000000000000000
319,2,6.20000000000000018,1.00000000000000000,0.00000000000000000,0.00000000000000000
320,2,19.57999999999999829,0.00000000000000000,0.19648093841642231,0.80351906158357767
321,2,6.91000000000000014,1.00000000000000000,0.00000000000000000,0.00000000000000000
322,2,19.57999999999999829,0.00000000000000000,0.19648093841642231,0.80351906158357767
323,2,12.83000000000000007,0.18621700879765388,0.81378299120234610,0.00000000000000000
324,2,3.97000000000000020,1.00000000000000000,0.00000000000000000,0.00000000000000000
325,2,3.64000000000000012,1.00000000000000000,0.00000000000000000,0.00000000000000000
326,2,13.91999999999999993,0.02639296187683280,0.97360703812316718,0.00000000000000000
327,2,18.10000000000000142,0.00000000000000000,0.41348973607038086,0.58651026392961914
328,2,8.56000000000000050,0.81231671554252183,0.18768328445747817,0.00000000000000000
329,2,4.86000000000000032,1.00000000000000000,0.00000000000000000,0.00000000000000000
330,2,5.19000000000000039,1.00000000000000000,0.00000000000000000,0.00000000000000000
331,2,7.07000000000000028,1.00000000000000000,0.00000000000000000,0.00000000000000000
332,2,18.10000000000000142,0.00000000000000000,0.41348973607038086,0.58651026392961914
333,2,18.10000000000000142,0.00000000000000000,0.41348973607038086,0.58651026392961914
334,2,5.12999999999999989,1.00000000000000000,0.00000000000000000,0.00000000000000000
335,2,2.18000000000000016,1.00000000000000000,0.00000000000000000,0.00000000000000000
336,2,2.89000000000000012,1.00000000000000000,0.00000000000000000,0.00000000000000000
337,2,10.58999999999999986,0.51466275659824046,0.48533724340175960,0.00000000000000000
338,2,18.10000000000000142,0.00000000000000000,0.41348973607038086,0.58651026392961914
339,2,2.45999999999999996,1.00000000000000000,0.00000000000000000,0.00000000000000000
340,2,3.33000000000000007,1.00000000000000000,0.00000000000000000,0.00000000000000000
341,2,6.20000000000000018,1.00000000000000000,0.00000000000000000,0.00000000000000000
342,2,6.20000000000000018,1.00000000000000000,0.00000000000000000,0.00000000000000000
343,2,9.90000000000000036,0.61583577712609960,0.38416422287390040,0.00000000000000000
344,2,6.91000000000000014,1.00000000000000000,0.00000000000000000,0.00000000000000000
345,2,18.10000000000000142,0.00000000000000000,0.41348973607038086,0.58651026392961914
346,2,8.56000000000000050,0.81231671554252183,0.18768328445747817,0.00000000000000000
347,2,5.86000000000000032,1.00000000000000000,0.00000000000000000,0.00000000000000000
348,2,27.73999999999999844,0.00000000000000000,0.00000000000000000,1.00000000000000000
349,2,8.14000000000000057,0.87390029325513174,0.12609970674486820,0.00000000000000000
350,2,18.10000000000000142,0.00000000000000000,0.41348973607038086,0.58651026392961914
351,2,10.00999999999999979,0.59970674486803510,0.40029325513196484,0.00000000000000000
352,2,6.20000000000000018,1.00000000000000000,0.00000000000000000,0.00000000000000000
353,2,3.41000000000000014,1.00000000000000000,0.00000000000000000,0.00000000000000000
354,2,10.58999999999999986,0.51466275659824046,0.48533724340175960,0.00000000000000000
355,2,6.20000000000000018,1.00000000000000000,0.00000000000000000,0.00000000000000000
356,2,6.41000000000000014,1.00000000000000000,0.00000000000000000,0.00000000000000000
357,2,1.52000000000000002,1.00000000000000000,0.00000000000000000,0.00000000000000000
358,2,18.10000000000000142,0.00000000000000000,0.41348973607038086,0.58651026392961914
359,2,19.57999999999999829,0.00000000000000000,0.19648093841642231,0.80351906158357767
360,2,8.14000000000000057,0.87390029325513174,0.12609970674486820,0.00000000000000000
361,2,6.20000000000000018,1.00000000000000000,0.00000000000000000,0.00000000000000000
362,2,5.86000000000000032,1.00000000000000000,0.00000000000000000,0.00000000000000000
363,2,5.12999999999999989,1.00000000000000000,0.00000000000000000,0.00000000000000000
364,2,5.86000000000000032,1.00000000000000000,0.00000000000000000,0.00000000000000000
365,2,18.10000000000000142,0.00000000000000000,0.41348973607038086,0.58651026392961914
366,2,18.10000000000000142,0.00000000000000000,0.41348973607038086,0.58651026392961914
367,2,2.68000000000000016,1.00000000000000000,0.00000000000000000,0.00000000000000000
368,2,18.10000000000000142,0.00000000000000000,0.41348973607038086,0.58651026392961914
369,2,8.14000000000000057,0.87390029325513174,0.12609970674486820,0.00000000000000000
370,2,5.12999999999999989,1.00000000000000000,0.00000000000000000,0.00000000000000000
371,2,19.57999999999999829,0.00000000000000000,0.19648093841642231,0.80351906158357767
372,2,18.10000000000000142,0.00000000000000000,0.41348973607038086,0.58651026392961914
373,2,6.20000000000000018,1.00000000000000000,0.00000000000000000,0.00000000000000000
374,2,3.97000000000000020,1.00000000000000000,0.00000000000000000,0.00000000000000000
375,2,18.10000000000000142,0.00000000000000000,0.41348973607038086,0.58651026392961914
376,2,8.14000000000000057,0.87390029325513174,0.12609970674486820,0.00000000000000000
377,2,13.91999999999999993,0.02639296187683280,0.97360703812316718,0.00000000000000000
378,2,6.95999999999999996,1.00000000000000000,0.00000000000000000,0.00000000000000000
379,2,25.64999999999999858,0.00000000000000000,0.00000000000000000,1.00000000000000000
380,2,8.14000000000000057,0.87390029325513174,0.12609970674486820,0.00000000000000000
381,2,3.33000000000000007,1.00000000000000000,0.00000000000000000,0.00000000000000000
382,2,6.20000000000000018,1.00000000000000000,0.00000000000000000,0.00000000000000000
383,2,18.10000000000000142,0.00000000000000000,0.41348973607038086,0.58651026392961914
384,2,18.10000000000000142,0.00000000000000000,0.41348973607038086,0.58651026392961914
385,2,18.10000000000000142,0.00000000000000000,0.41348973607038086,0.58651026392961914
386,2,5.19000000000000039,1.00000000000000000,0.00000000000000000,0.00000000000000000
387,2,21.89000000000000057,0.00000000000000000,0.00000000000000000,1.00000000000000000
388,2,1.90999999999999992,1.00000000000000000,0.00000000000000000,0.00000000000000000
389,2,18.10000000000000142,0.00000000000000000,0.41348973607038086,0.58651026392961914
390,2,6.91000000000000014,1.00000000000000000,0.00000000000000000,0.00000000000000000
391,2,4.38999999999999968,1.00000000000000000,0.00000000000000000,0.00000000000000000
392,2,3.24000000000000021,1.00000000000000000,0.00000000000000000,0.00000000000000000
393,2,9.90000000000000036,0.61583577712609960,0.38416422287390040,0.00000000000000000
394,2,5.95999999999999996,1.00000000000000000,0.00000000000000000,0.00000000000000000
395,2,18.10000000000000142,0.00000000000000000,0.41348973607038086,0.58651026392961914
396,2,18.10000000000000142,0.00000000000000000,0.41348973607038086,0.58651026392961914
397,2,3.77999999999999980,1.00000000000000000,0.00000000000000000,0.00000000000000000
398,2,18.10000000000000142,0.00000000000000000,0.41348973607038086,0.58651026392961914
399,2,9.90000000000000036,0.61583577712609960,0.38416422287390040,0.00000000000000000
400,2,10.81000000000000050,0.48240469208211129,0.51759530791788866,0.00000000000000000
401,2,8.56000000000000050,0.81231671554252183,0.18768328445747817,0.00000000000000000
402,2,9.90000000000000036,0.61583577712609960,0.38416422287390040,0.00000000000000000
403,2,18.10000000000000142,0.00000000000000000,0.41348973607038086,0.58651026392961914
404,2,5.86000000000000032,1.00000000000000000,0.00000000000000000,0.00000000000000000
405,2,27.73999999999999844,0.00000000000000000,0.00000000000000000,1.00000000000000000
406,2,21.89000000000000057,0.00000000000000000,0.00000000000000000,1.00000000000000000
407,2,5.63999999999999968,1.00000000000000000,0.00000000000000000,0.00000000000000000
408,2,4.86000000000000032,1.00000000000000000,0.00000000000000000,0.00000000000000000
409,2,18.10000000000000142,0.00000000000000000,0.41348973607038086,0.58651026392961914
410,2,19.57999999999999829,0.00000000000000000,0.19648093841642231,0.80351906158357767
411,2,1.90999999999999992,1.00000000000000000,0.00000000000000000,0.00000000000000000
412,2,6.91000000000000014,1.00000000000000000,0.00000000000000000,0.00000000000000000
413,2,5.86000000000000032,1.00000000000000000,0.00000000000000000,0.00000000000000000
414,2,19.57999999999999829,0.00000000000000000,0.19648093841642231,0.80351906158357767
415,2,6.95999999999999996,1.00000000000000000,0.00000000000000000,0.00000000000000000
416,2,18.10000000000000142,0.00000000000000000,0.41348973607038086,0.58651026392961914
417,2,2.24000000000000021,1.00000000000000000,0.00000000000000000,0.00000000000000000
418,2,18.10000000000000142,0.00000000000000000,0.41348973607038086,0.58651026392961914
419,2,19.57999999999999829,0.00000000000000000,0.19648093841642231,0.80351906158357767
420,2,19.57999999999999829,0.00000000000000000,0.19648093841642231,0.80351906158357767
421,2,18.10000000000000142,0.00000000000000000,0.41348973607038086,0.58651026392961914
422,2,18.10000000000000142,0.00000000000000000,0.41348973607038086,0.58651026392961914
423,2,4.04999999999999982,1.00000000000000000,0.00000000000000000,0.00000000000000000
424,2,4.04999999999999982,1.00000000000000000,0.00000000000000000,0.00000000000000000
425,2,4.04999999999999982,1.00000000000000000,0.00000000000000000,0.00000000000000000
426,2,19.57999999999999829,0.00000000000000000,0.19648093841642231,0.80351906158357767
427,2,4.04999999999999982,1.00000000000000000,0.00000000000000000,0.00000000000000000
428,2,8.14000000000000057,0.87390029325513174,0.12609970674486820,0.00000000000000000
429,2,7.87000000000000011,0.91348973607038109,0.08651026392961887,0.00000000000000000
430,2,18.10000000000000142,0.00000000000000000,0.41348973607038086,0.58651026392961914
431,2,8.14000000000000057,0.87390029325513174,0.12609970674486820,0.00000000000000000
432,2,7.87000000000000011,0.91348973607038109,0.08651026392961887,0.00000000000000000
433,2,5.19000000000000039,1.00000000000000000,0.00000000000000000,0.00000000000000000
434,2,7.87000000000000011,0.91348973607038109,0.08651026392961887,0.00000000000000000
435,2,6.95999999999999996,1.00000000000000000,0.00000000000000000,0.00000000000000000
436,2,4.92999999999999972,1.00000000000000000,0.00000000000000000,0.00000000000000000
437,2,11.92999999999999972,0.31818181818181818,0.68181818181818188,0.00000000000000000
438,2,21.89000000000000057,0.00000000000000000,0.00000000000000000,1.00000000000000000
439,2,6.20000000000000018,1.00000000000000000,0.00000000000000000,0.00000000000000000
440,2,6.91000000000000014,1.00000000000000000,0.00000000000000000,0.00000000000000000
441,2,8.56000000000000050,0.81231671554252183,0.18768328445747817,0.00000000000000000
442,2,18.10000000000000142,0.00000000000000000,0.41348973607038086,0.58651026392961914
443,2,18.10000000000000142,0.00000000000000000,0.41348973607038086,0.58651026392961914
444,2,18.10000000000000142,0.00000000000000000,0.41348973607038086,0.58651026392961914
445,2,21.89000000000000057,0.00000000000000000,0.00000000000000000,1.00000000000000000
446,2,8.14000000000000057,0.87390029325513174,0.12609970674486820,0.00000000000000000
447,2,7.37999999999999989,0.98533724340175943,0.01466275659824055,0.00000000000000000
448,2,6.20000000000000018,1.00000000000000000,0.00000000000000000,0.00000000000000000
449,2,18.10000000000000142,0.00000000000000000,0.41348973607038086,0.58651026392961914
450,2,4.04999999999999982,1.00000000000000000,0.00000000000000000,0.00000000000000000
451,2,18.10000000000000142,0.00000000000000000,0.41348973607038086,0.58651026392961914
452,2,3.43999999999999995,1.00000000000000000,0.00000000000000000,0.00000000000000000
453,2,4.92999999999999972,1.00000000000000000,0.00000000000000000,0.00000000000000000
454,2,18.10000000000000142,0.00000000000000000,0.41348973607038086,0.58651026392961914
455,2,18.10000000000000142,0.00000000000000000,0.41348973607038086,0.58651026392961914
456,2,3.43999999999999995,1.00000000000000000,0.00000000000000000,0.00000000000000000
457,2,2.45999999999999996,1.00000000000000000,0.00000000000000000,0.00000000000000000
458,2,10.58999999999999986,0.51466275659824046,0.48533724340175960,0.00000000000000000
459,2,25.64999999999999858,0.00000000000000000,0.00000000000000000,1.00000000000000000
460,2,2.45999999999999996,1.00000000000000000,0.00000000000000000,0.00000000000000000
461,2,8.56000000000000050,0.81231671554252183,0.18768328445747817,0.00000000000000000
462,2,5.95999999999999996,1.00000000000000000,0.00000000000000000,0.00000000000000000
463,2,6.41000000000000014,1.00000000000000000,0.00000000000000000,0.00000000000000000
464,2,18.10000000000000142,0.00000000000000000,0.41348973607038086,0.58651026392961914
465,2,19.57999999999999829,0.00000000000000000,0.19648093841642231,0.80351906158357767
466,2,19.57999999999999829,0.00000000000000000,0.19648093841642231,0.80351906158357767
467,2,18.10000000000000142,0.00000000000000000,0.41348973607038086,0.58651026392961914
468,2,11.92999999999999972,0.31818181818181818,0.68181818181818188,0.00000000000000000
469,2,18.10000000000000142,0.00000000000000000,0.41348973607038086,0.58651026392961914
470,2,18.10000000000000142,0.00000000000000000,0.41348973607038086,0.58651026392961914
471,2,7.37999999999999989,0.98533724340175943,0.01466275659824055,0.00000000000000000
472,2,21.89000000000000057,0.00000000000000000,0.00000000000000000,1.00000000000000000
473,2,18.10000000000000142,0.00000000000000000,0.41348973607038086,0.58651026392961914
474,2,11.92999999999999972,0.31818181818181818,0.68181818181818188,0.00000000000000000
475,2,18.10000000000000142,0.00000000000000000,0.41348973607038086,0.58651026392961914
476,2,18.10000000000000142,0.00000000000000000,0.41348973607038086,0.58651026392961914
477,2,18.10000000000000142,0.00000000000000000,0.41348973607038086,0.58651026392961914
478,2,7.37999999999999989,0.98533724340175943,0.01466275659824055,0.00000000000000000
479,2,4.92999999999999972,1.00000000000000000,0.00000000000000000,0.00000000000000000
480,2,21.89000000000000057,0.00000000000000000,0.00000000000000000,1.00000000000000000
481,2,1.46999999999999997,1.00000000000000000,0.00000000000000000,0.00000000000000000
482,2,6.07000000000000028,1.00000000000000000,0.00000000000000000,0.00000000000000000
483,2,1.25000000000000000,1.00000000000000000,0.00000000000000000,0.00000000000000000
484,2,8.14000000000000057,0.87390029325513174,0.12609970674486820,0.00000000000000000
485,2,2.95000000000000018,1.00000000000000000,0.00000000000000000,0.00000000000000000
486,2,18.10000000000000142,0.00000000000000000,0.41348973607038086,0.58651026392961914
487,2,3.37000000000000011,1.00000000000000000,0.00000000000000000,0.00000000000000000
488,2,4.95000000000000018,1.00000000000000000,0.00000000000000000,0.00000000000000000
489,2,3.33000000000000007,1.00000000000000000,0.00000000000000000,0.00000000000000000
490,2,6.07000000000000028,1.00000000000000000,0.00000000000000000,0.00000000000000000
491,2,3.97000000000000020,1.00000000000000000,0.00000000000000000,0.00000000000000000
492,2,18.10000000000000142,0.00000000000000000,0.41348973607038086,0.58651026392961914
493,2,19.57999999999999829,0.00000000000000000,0.19648093841642231,0.80351906158357767
494,2,18.10000000000000142,0.00000000000000000,0.41348973607038086,0.58651026392961914
495,2,18.10000000000000142,0.00000000000000000,0.41348973607038086,0.58651026392961914
496,2,1.52000000000000002,1.00000000000000000,0.00000000000000000,0.00000000000000000
497,2,18.10000000000000142,0.00000000000000000,0.41348973607038086,0.58651026392961914
498,2,25.64999999999999858,0.00000000000000000,0.00000000000000000,1.00000000000000000
499,2,5.63999999999999968,1.00000000000000000,0.00000000000000000,0.00000000000000000
500,2,3.97000000000000020,1.00000000000000000,0.00000000000000000,0.00000000000000000
501,2,9.90000000000000036,0.61583577712609960,0.38416422287390040,0.00000000000000000
502,2,18.10000000000000142,0.00000000000000000,0.41348973607038086,0.58651026392961914
503,2,10.58999999999999986,0.51466275659824046,0.48533724340175960,0.00000000000000000
504,2,15.03999999999999915,0.00000000000000000,0.86217008797653960,0.13782991202346037
0,3,0.00000000000000000,1.00000000000000000,0.00000000000000000,0.00000000000000000
1,3,0.00000000000000000,1.00000000000000000,0.00000000000000000,0.00000000000000000
2,3,1.00000000000000000,0.00000000000000000,0.00000000000000000,1.00000000000000000
3,3,0.00000000000000000,1.00000000000000000,0.00000000000000000,0.00000000000000000
4,3,1.00000000000000000,0.00000000000000000,0.00000000000000000,1.00000000000000000
5,3,0.00000000000000000,1.00000000000000000,0.00000000000000000,0.00000000000000000
6,3,0.00000000000000000,1.00000000000000000,0.00000000000000000,0.00000000000000000
7,3,0.00000000000000000,1.00000000000000000,0.00000000000000000,0.00000000000000000
8,3,1.00000000000000000,0.00000000000000000,0.00000000000000000,1.00000000000000000
9,3,0.00000000000000000,1.00000000000000000,0.00000000000000000,0.00000000000000000
10,3,0.00000000000000000,1.00000000000000000,0.00000000000000000,0.00000000000000000
11,3,0.00000000000000000,1.00000000000000000,0.00000000000000000,0.00000000000000000
12,3,0.00000000000000000,1.00000000000000000,0.00000000000000000,0.00000000000000000
13,3,0.00000000000000000,1.00000000000000000,0.00000000000000000,0.00000000000000000
14,3,1.00000000000000000,0.00000000000000000,0.00000000000000000,1.00000000000000000
15,3,0.00000000000000000,1.00000000000000000,0.00000000000000000,0.00000000000000000
16,3,0.00000000000000000,1.00000000000000000,0.00000000000000000,0.00000000000000000
17,3,0.00000000000000000,1.00000000000000000,0.00000000000000000,0.00000000000000000
18,3,0.00000000000000000,1.00000000000000000,0.00000000000000000,0.00000000000000000
19,3,0.00000000000000000,1.00000000000000000,0.00000000000000000,0.00000000000000000
20,3,0.00000000000000000,1.00000000000000000,0.00000000000000000,0.00000000000000000
21,3,0.00000000000000000,1.00000000000000000,0.00000000000000000,0.00000000000000000
22,3,0.00000000000000000,1.00000000000000000,0.00000000000000000,0.00000000000000000
23,3,0.00000000000000000,1.00000000000000000,0.00000000000000000,0.00000000000000000
24,3,0.00000000000000000,1.00000000000000000,0.00000000000000000,0.00000000000000000
25,3,0.00000000000000000,1.00000000000000000,0.00000000000000000,0.00000000000000000
26,3,0.00000000000000000,1.00000000000000000,0.00000000000000000,0.00000000000000000
27,3,0.00000000000000000,1.00000000000000000,0.00000000000000000,0.00000000000000000
28,3,0.00000000000000000,1.00000000000000000,0.00000000000000000,0.00000000000000000
29,3,0.00000000000000000,1.00000000000000000,0.00000000000000000,0.00000000000000000
30,3,1.00000000000000000,0.00000000000000000,0.00000000000000000,1.00000000000000000
31,3,0.00000000000000000,1.00000000000000000,0.00000000000000000,0.00000000000000000
32,3,1.00000000000000000,0.00000000000000000,0.00000000000000000,1.00000000000000000
33,3,0.00000000000000000,1.00000000000000000,0.00000000000000000,0.00000000000000000
34,3,0.00000000000000000,1.00000000000000000,0.00000000000000000,0.00000000000000000
35,3,0.00000000000000000,1.00000000000000000,0.00000000000000000,0.00000000000000000
36,3,0.00000000000000000,1.00000000000000000,0.00000000000000000,0.00000000000000000
37,3,1.00000000000000000,0.00000000000000000,0.00000000000000000,1.00000000000000000
38,3,0.00000000000000000,1.00000000000000000,0.00000000000000000,0.00000000000000000
39,3,0.00000000000000000,1.00000000000000000,0.00000000000000000,0.00000000000000000
40,3,0.00000000000000000,1.00000000000000000,0.00000000000000000,0.00000000000000000
41,3,0.00000000000000000,1.00000000000000000,0.00000000000000000,0.00000000000000000
42,3,0.00000000000000000,1.00000000000000000,0.00000000000000000,0.00000000000000000
43,3,0.00000000000000000,1.00000000000000000,0.00000000000000000,0.00000000000000000
44,3,0.00000000000000000,1.00000000000000000,0.00000000000000000,0.00000000000000000
45,3,0.00000000000000000,1.00000000000000000,0.00000000000000000,0.00000000000000000
46,3,0.00000000000000000,1.00000000000000000,0.00000000000000000,0.00000000000000000
47,3,0.00000000000000000,1.00000000000000000,0.00000000000000000,0.00000000000000000
48,3,0.00000000000000000,1.00000000000000000,0.00000000000000000,0.00000000000000000
49,3,0.00000000000000000,1.00000000000000000,0.00000000000000000,0.00000000000000000
50,3,0.00000000000000000,1.00000000000000000,0.00000000000000000,0.00000000000000000
51,3,0.00000000000000000,1.00000000000000000,0.00000000000000000,0.00000000000000000
52,3,0.00000000000000000,1.00000000000000000,0.00000000000000000,0.00000000000000000
53,3,0.00000000000000000,1.00000000000000000,0.00000000000000000,0.00000000000000000
54,3,0.00000000000000000,1.00000000000000000,0.00000000000000000,0.00000000000000000
55,3,0.00000000000000000,1.00000000000000000,0.00000000000000000,0.00000000000000000
56,3,0.00000000000000000,1.00000000000000000,0.00000000000000000,0.00000000000000000
57,3,0.00000000000000000,1.00000000000000000,0.00000000000000000,0.00000000000000000
58,3,0.00000000000000000,1.00000000000000000,0.00000000000000000,0.00000000000000000
59,3,0.00000000000000000,1.00000000000000000,0.00000000000000000,0.00000000000000000
60,3,0.00000000000000000,1.00000000000000000,0.00000000000000000,0.00000000000000000
61,3,0.00000000000000000,1.00000000000000000,0.00000000000000000,0.00000000000000000
62,3,0.00000000000000000,1.00000000000000000,0.00000000000000000,0.00000000000000000
63,3,0.00000000000000000,1.00000000000000000,0.00000000000000000,0.00000000000000000
64,3,0.00000000000000000,1.00000000000000000,0.00000000000000000,0.00000000000000000
65,3,0.00000000000000000,1.00000000000000000,0.00000000000000000,0.00000000000000000
66,3,0.00000000000000000,1.00000000000000000,0.00000000000000000,0.00000000000000000
67,3,0.00000000000000000,1.00000000000000000,0.00000000000000000,0.00000000000000000
68,3,0.00000000000000000,1.00000000000000000,0.00000000000000000,0.00000000000000000
69,3,0.00000000000000000,1.00000000000000000,0.00000000000000000,0.00000000000000000
70,3,0.00000000000000000,1.00000000000000000,0.00000000000000000,0.00000000000000000
71,3,1.00000000000000000,0.00000000000000000,0.00000000000000000,1.00000000000000000
72,3,0.00000000000000000,1.00000000000000000,0.00000000000000000,0.00000000000000000
73,3,0.00000000000000000,1.00000000000000000,0.00000000000000000,0.00000000000000000
74,3,0.00000000000000000,1.00000000000000000,0.00000000000000000,0.00000000000000000
75,3,0.00000000000000000,1.00000000000000000,0.00000000000000000,0.00000000000000000
76,3,0.00000000000000000,1.00000000000000000,0.00000000000000000,0.00000000000000000
77,3,0.00000000000000000,1.00000000000000000,0.00000000000000000,0.00000000000000000
78,3,1.00000000000000000,0.00000000000000000,0.00000000000000000,1.00000000000000000
79,3,0.00000000000000000,1.00000000000000000,0.00000000000000000,0.00000000000000000
80,3,0.00000000000000000,1.00000000000000000,0.00000000000000000,0.00000000000000000
81,3,0.00000000000000000,1.00000000000000000,0.00000000000000000,0.00000000000000000
82,3,0.00000000000000000,1.00000000000000000,0.00000000000000000,0.00000000000000000
83,3,0.00000000000000000,1.00000000000000000,0.00000000000000000,0.00000000000000000
84,3,0.00000000000000000,1.00000000000000000,0.00000000000000000,0.00000000000000000
85,3,0.00000000000000000,1.00000000000000000,0.00000000000000000,0.00000000000000000
86,3,0.00000000000000000,1.00000000000000000,0.00000000000000000,0.00000000000000000
87,3,0.00000000000000000,1.00000000000000000,0.00000000000000000,0.00000000000000000
88,3,0.00000000000000000,1.00000000000000000,0.00000000000000000,0.00000000000000000
89,3,0.00000000000000000,1.00000000000000000,0.00000000000000000,0.00000000000000000
90,3,0.00000000000000000,1.00000000000000000,0.00000000000000000,0.00000000000000000
91,3,0.00000000000000000,1.00000000000000000,0.00000000000000000,0.00000000000000000
92,3,0.00000000000000000,1.00000000000000000,0.00000000000000000,0.00000000000000000
93,3,0.00000000000000000,1.00000000000000000,0.00000000000000000,0.00000000000000000
94,3,0.00000000000000000,1.00000000000000000,0.00000000000000000,0.00000000000000000
95,3,0.00000000000000000,1.00000000000000000,0.00000000000000000,0.00000000000000000
96,3,0.00000000000000000,1.00000000000000000,0.00000000000000000,0.00000000000000000
97,3,0.00000000000000000,1.00000000000000000,0.00000000000000000,0.00000000000000000
98,3,1.00000000000000000,0.00000000000000000,0.00000000000000000,1.00000000000000000
99,3,0.00000000000000000,1.00000000000000000,0.00000000000000000,0.00000000000000000
100,3,1.00000000000000000,0.00000000000000000,0.00000000000000000,1.00000000000000000
101,3,0.00000000000000000,1.00000000000000000,0.00000000000000000,0.00000000000000000
102,3,0.00000000000000000,1.00000000000000000,0.00000000000000000,0.00000000000000000
103,3,0.00000000000000000,1.00000000000000000,0.00000000000000000,0.00000000000000000
104,3,0.00000000000000000,1.00000000000000000,0.00000000000000000,0.00000000000000000
105,3,0.00000000000000000,1.00000000000000000,0.00000000000000000,0.00000000000000000
106,3,0.00000000000000000,1.00000000000000000,0.00000000000000000,0.00000000000000000
107,3,0.00000000000000000,1.00000000000000000,0.00000000000000000,0.00000000000000000
108,3,0.00000000000000000,1.00000000000000000,0.00000000000000000,0.00000000000000000
109,3,0.00000000000000000,1.00000000000000000,0.00000000000000000,0.00000000000000000
110,3,0.00000000000000000,1.00000000000000000,0.00000000000000000,0.00000000000000000
111,3,0.00000000000000000,1.00000000000000000,0.00000000000000000,0.00000000000000000
112,3,0.00000000000000000,1.00000000000000000,0.00000000000000000,0.00000000000000000
113,3,0.00000000000000000,1.00000000000000000,0.00000000000000000,0.00000000000000000
114,3,0.00000000000000000,1.00000000000000000,0.00000000000000000,0.00000000000000000
115,3,0.00000000000000000,1.00000000000000000,0.00000000000000000,0.00000000000000000
116,3,0.00000000000000000,1.00000000000000000,0.00000000000000000,0.00000000000000000
117,3,0.00000000000000000,1.00000000000000000,0.00000000000000000,0.00000000000000000
118,3,0.00000000000000000,1.00000000000000000,0.00000000000000000,0.00000000000000000
119,3,0.00000000000000000,1.00000000000000000,0.00000000000000000,0.00000000000000000
120,3,0.00000000000000000,1.00000000000000000,0.00000000000000000,0.00000000000000000
121,3,0.00000000000000000,1.00000000000000000,0.00000000000000000,0.00000000000000000
122,3,0.00000000000000000,1.00000000000000000,0.00000000000000000,0.00000000000000000
123,3,0.00000000000000000,1.00000000000000000,0.00000000000000000,0.00000000000000000
124,3,0.00000000000000000,1.00000000000000000,0.00000000000000000,0.00000000000000000
125,3,0.00000000000000000,1.00000000000000000,0.00000000000000000,0.00000000000000000
126,3,0.00000000000000000,1.00000000000000000,0.00000000000000000,0.00000000000000000
127,3,0.00000000000000000,1.00000000000000000,0.00000000000000000,0.00000000000000000
128,3,0.00000000000000000,1.00000000000000000,0.00000000000000000,0.00000000000000000
129,3,0.00000000000000000,1.00000000000000000,0.00000000000000000,0.00000000000000000
130,3,0.00000000000000000,1.00000000000000000,0.00000000000000000,0.00000000000000000
131,3,0.00000000000000000,1.00000000000000000,0.00000000000000000,0.00000000000000000
132,3,0.00000000000000000,1.00000000000000000,0.00000000000000000,0.00000000000000000
133,3,0.00000000000000000,1.00000000000000000,0.00000000000000000,0.00000000000000000
134,3,0.00000000000000000,1.00000000000000000,0.00000000000000000,0.00000000000000000
135,3,0.00000000000000000,1.00000000000000000,0.00000000000000000,0.00000000000000000
136,3,0.00000000000000000,1.00000000000000000,0.00000000000000000,0.00000000000000000
137,3,0.00000000000000000,1.00000000000000000,0.00000000000000000,0.00000000000000000
138,3,0.00000000000000000,1.00000000000000000,0.00000000000000000,0.00000000000000000
139,3,0.00000000000000000,1.00000000000000000,0.00000000000000000,0.00000000000000000
140,3,0.00000000000000000,1.00000000000000000,0.00000000000000000,0.00000000000000000
141,3,0.00000000000000000,1.00000000000000000,0.00000000000000000,0.00000000000000000
142,3,0.00000000000000000,1.00000000000000000,0.00000000000000000,0.00000000000000000
143,3,0.00000000000000000,1.00000000000000000,0.00000000000000000,0.00000000000000000
144,3,0.00000000000000000,1.00000000000000000,0.00000000000000000,0.00000000000000000
145,3,1.00000000000000000,0.00000000000000000,0.00000000000000000,1.00000000000000000
146,3,0.00000000000000000,1.00000000000000000,0.00000000000000000,0.00000000000000000
147,3,0.00000000000000000,1.00000000000000000,0.00000000000000000,0.00000000000000000
148,3,0.00000000000000000,1.00000000000000000,0.00000000000000000,0.00000000000000000
149,3,0.00000000000000000,1.00000000000000000,0.00000000000000000,0.00000000000000000
150,3,0.00000000000000000,1.00000000000000000,0.00000000000000000,0.00000000000000000
151,3,0.00000000000000000,1.00000000000000000,0.00000000000000000,0.00000000000000000
152,3,0.00000000000000000,1.00000000000000000,0.00000000000000000,0.00000000000000000
153,3,0.00000000000000000,1.00000000000000000,0.00000000000000000,0.00000000000000000
154,3,0.00000000000000000,1.00000000000000000,0.00000000000000000,0.00000000000000000
155,3,1.00000000000000000,0.00000000000000000,0.00000000000000000,1.00000000000000000
156,3,0.00000000000000000,1.00000000000000000,0.00000000000000000,0.00000000000000000
157,3,0.00000000000000000,1.00000000000000000,0.00000000000000000,0.00000000000000000
158,3,0.00000000000000000,1.00000000000000000,0.00000000000000000,0.00000000000000000
159,3,0.00000000000000000,1.00000000000000000,0.00000000000000000,0.00000000000000000
160,3,0.00000000000000000,1.00000000000000000,0.00000000000000000,0.00000000000000000
161,3,0.00000000000000000,1.00000000000000000,0.00000000000000000,0.00000000000000000
162,3,0.00000000000000000,1.00000000000000000,0.00000000000000000,0.00000000000000000
163,3,0.00000000000000000,1.00000000000000000,0.00000000000000000,0.00000000000000000
164,3,0.00000000000000000,1.00000000000000000,0.00000000000000000,0.00000000000000000
165,3,0.00000000000000000,1.00000000000000000,0.00000000000000000,0.00000000000000000
166,3,0.00000000000000000,1.00000000000000000,0.00000000000000000,0.00000000000000000
167,3,0.00000000000000000,1.00000000000000000,0.00000000000000000,0.00000000000000000
168,3,0.00000000000000000,1.00000000000000000,0.00000000000000000,0.00000000000000000
169,3,0.00000000000000000,1.00000000000000000,0.00000000000000000,0.00000000000000000
170,3,0.00000000000000000,1.00000000000000000,0.00000000000000000,0.00000000000000000
171,3,0.00000000000000000,1.00000000000000000,0.00000000000000000,0.00000000000000000
172,3,0.00000000000000000,1.00000000000000000,0.00000000000000000,0.00000000000000000
173,3,0.00000000000000000,1.00000000000000000,0.00000000000000000,0.00000000000000000
174,3,0.00000000000000000,1.00000000000000000,0.00000000000000000,0.00000000000000000
175,3,0.00000000000000000,1.00000000000000000,0.00000000000000000,0.00000000000000000
176,3,0.00000000000000000,1.00000000000000000,0.00000000000000000,0.00000000000000000
177,3,0.00000000000000000,1.00000000000000000,0.00000000000000000,0.00000000000000000
178,3,0.00000000000000000,1.00000000000000000,0.00000000000000000,0.00000000000000000
179,3,0.00000000000000000,1.00000000000000000,0.00000000000000000,0.00000000000000000
180,3,0.00000000000000000,1.00000000000000000,0.00000000000000000,0.00000000000000000
181,3,0.00000000000000000,1.00000000000000000,0.00000000000000000,0.00000000000000000
182,3,0.00000000000000000,1.00000000000000000,0.00000000000000000,0.00000000000000000
183,3,0.00000000000000000,1.00000000000000000,0.00000000000000000,0.00000000000000000
184,3,0.00000000000000000,1.00000000000000000,0.00000000000000000,0.00000000000000000
185,3,0.00000000000000000,1.00000000000000000,0.00000000000000000,0.00000000000000000
186,3,0.00000000000000000,1.00000000000000000,0.00000000000000000,0.00000000000000000
187,3,0.00000000000000000,1.00000000000000000,0.00000000000000000,0.00000000000000000
188,3,0.00000000000000000,1.00000000000000000,0.00000000000000000,0.00000000000000000
189,3,0.00000000000000000,1.00000000000000000,0.00000000000000000,0.00000000000000000
190,3,0.00000000000000000,1.00000000000000000,0.00000000000000000,0.00000000000000000
191,3,0.00000000000000000,1.00000000000000000,0.00000000000000000,0.00000000000000000
192,3,0.00000000000000000,1.00000000000000000,0.00000000000000000,0.00000000000000000
193,3,0.00000000000000000,1.00000000000000000,0.00000000000000000,0.00000000000000000
194,3,0.00000000000000000,1.00000000000000000,0.00000000000000000,0.00000000000000000
195,3,0.00000000000000000,1.00000000000000000,0.00000000000000000,0.00000000000000000
196,3,0.00000000000000000,1.00000000000000000,0.00000000000000000,0.00000000000000000
197,3,0.00000000000000000,1.00000000000000000,0.00000000000000000,0.00000000000000000
198,3,0.00000000000000000,1.00000000000000000,0.00000000000000000,0.00000000000000000
199,3,0.00000000000000000,1.00000000000000000,0.00000000000000000,0.00000000000000000
200,3,0.00000000000000000,1.00000000000000000,0.00000000000000000,0.00000000000000000
201,3,0.00000000000000000,1.00000000000000000,0.00000000000000000,0.00000000000000000
202,3,0.00000000000000000,1.00000000000000000,0.00000000000000000,0.00000000000000000
203,3,0.00000000000000000,1.00000000000000000,0.00000000000000000,0.00000000000000000
204,3,0.00000000000000000,1.00000000000000000,0.00000000000000000,0.00000000000000000
205,3,0.00000000000000000,1.00000000000000000,0.00000000000000000,0.00000000000000000
206,3,0.00000000000000000,1.00000000000000000,0.00000000000000000,0.00000000000000000
207,3,0.00000000000000000,1.00000000000000000,0.00000000000000000,0.00000000000000000
208,3,0.00000000000000000,1.00000000000000000,0.00000000000000000,0.00000000000000000
209,3,0.00000000000000000,1.00000000000000000,0.00000000000000000,0.00000000000000000
210,3,0.00000000000000000,1.00000000000000000,0.00000000000000000,0.00000000000000000
211,3,0.00000000000000000,1.00000000000000000,0.00000000000000000,0.00000000000000000
212,3,0.00000000000000000,1.00000000000000000,0.00000000000000000,0.00000000000000000
213,3,0.00000000000000000,1.00000000000000000,0.00000000000000000,0.00000000000000000
214,3,0.00000000000000000,1.00000000000000000,0.00000000000000000,0.00000000000000000
215,3,0.00000000000000000,1.00000000000000000,0.00000000000000000,0.00000000000000000
216,3,1.00000000000000000,0.00000000000000000,0.00000000000000000,1.00000000000000000
217,3,0.00000000000000000,1.00000000000000000,0.00000000000000000,0.00000000000000000
218,3,0.00000000000000000,1.00000000000000000,0.00000000000000000,0.00000000000000000
219,3,0.00000000000000000,1.00000000000000000,0.00000000000000000,0.00000000000000000
220,3,0.00000000000000000,1.00000000000000000,0.00000000000000000,0.00000000000000000
221,3,0.00000000000000000,1.00000000000000000,0.00000000000000000,0.00000000000000000
222,3,0.00000000000000000,1.00000000000000000,0.00000000000000000,0.00000000000000000
223,3,0.00000000000000000,1.00000000000000000,0.00000000000000000,0.00000000000000000
224,3,0.00000000000000000,1.00000000000000000,0.00000000000000000,0.00000000000000000
225,3,0.00000000000000000,1.00000000000000000,0.00000000000000000,0.00000000000000000
226,3,1.00000000000000000,0.00000000000000000,0.00000000000000000,1.00000000000000000
227,3,0.00000000000000000,1.00000000000000000,0.00000000000000000,0.00000000000000000
228,3,0.00000000000000000,1.00000000000000000,0.00000000000000000,0.00000000000000000
229,3,0.00000000000000000,1.00000000000000000,0.00000000000000000,0.00000000000000000
230,3,0.00000000000000000,1.00000000000000000,0.00000000000000000,0.00000000000000000
231,3,0.00000000000000000,1.00000000000000000,0.00000000000000000,0.00000000000000000
232,3,0.00000000000000000,1.00000000000000000,0.00000000000000000,0.00000000000000000
233,3,0.00000000000000000,1.00000000000000000,0.00000000000000000,0.00000000000000000
234,3,0.00000000000000000,1.00000000000000000,0.00000000000000000,0.00000000000000000
235,3,0.00000000000000000,1.00000000000000000,0.00000000000000000,0.00000000000000000
236,3,0.00000000000000000,1.00000000000000000,0.00000000000000000,0.00000000000000000
237,3,0.00000000000000000,1.00000000000000000,0.00000000000000000,0.00000000000000000
238,3,0.00000000000000000,1.00000000000000000,0.00000000000000000,0.00000000000000000
239,3,0.00000000000000000,1.00000000000000000,0.00000000000000000,0.00000000000000000
240,3,0.00000000000000000,1.00000000000000000,0.00000000000000000,0.00000000000000000
241,3,0.00000000000000000,1.00000000000000000,0.00000000000000000,0.00000000000000000
242,3,0.00000000000000000,1.00000000000000000,0.00000000000000000,0.00000000000000000
243,3,0.00000000000000000,1.00000000000000000,0.00000000000000000,0.00000000000000000
244,3,1.00000000000000000,0.00000000000000000,0.00000000000000000,1.00000000000000000
245,3,0.00000000000000000,1.00000000000000000,0.00000000000000000,0.00000000000000000
246,3,0.00000000000000000,1.00000000000000000,0.00000000000000000,0.00000000000000000
247,3,0.00000000000000000,1.00000000000000000,0.00000000000000000,0.00000000000000000
248,3,0.00000000000000000,1.00000000000000000,0.00000000000000000,0.00000000000000000
249,3,0.00000000000000000,1.00000000000000000,0.00000000000000000,0.00000000000000000
250,3,0.00000000000000000,1.00000000000000000,0.00000000000000000,0.00000000000000000
251,3,0.00000000000000000,1.00000000000000000,0.00000000000000000,0.00000000000000000
252,3,0.00000000000000000,1.00000000000000000,0.00000000000000000,0.00000000000000000
253,3,0.00000000000000000,1.00000000000000000,0.00000000000000000,0.00000000000000000
254,3,0.00000000000000000,1.00000000000000000,0.00000000000000000,0.00000000000000000
255,3,0.00000000000000000,1.00000000000000000,0.00000000000000000,0.00000000000000000
256,3,0.00000000000000000,1.00000000000000000,0.00000000000000000,0.00000000000000000
257,3,0.00000000000000000,1.00000000000000000,0.00000000000000000,0.00000000000000000
258,3,0.00000000000000000,1.00000000000000000,0.00000000000000000,0.00000000000000000
259,3,1.00000000000000000,0.00000000000000000,0.00000000000000000,1.00000000000000000
260,3,1.00000000000000000,0.00000000000000000,0.00000000000000000,1.00000000000000000
261,3,0.00000000000000000,1.00000000000000000,0.00000000000000000,0.00000000000000000
262,3,0.00000000000000000,1.00000000000000000,0.00000000000000000,0.00000000000000000
263,3,0.00000000000000000,1.00000000000000000,0.00000000000000000,0.00000000000000000
264,3,0.00000000000000000,1.00000000000000000,0.00000000000000000,0.00000000000000000
265,3,0.00000000000000000,1.00000000000000000,0.00000000000000000,0.00000000000000000
266,3,0.00000000000000000,1.00000000000000000,0.00000000000000000,0.00000000000000000
267,3,0.00000000000000000,1.00000000000000000,0.00000000000000000,0.00000000000000000
268,3,0.00000000000000000,1.00000000000000000,0.00000000000000000,0.00000000000000000
269,3,0.00000000000000000,1.00000000000000000,0.00000000000000000,0.00000000000000000
270,3,0.00000000000000000,1.00000000000000000,0.00000000000000000,0.00000000000000000
271,3,0.00000000000000000,1.00000000000000000,0.00000000000000000,0.00000000000000000
272,3,0.00000000000000000,1.00000000000000000,0.00000000000000000,0.00000000000000000
273,3,0.00000000000000000,1.00000000000000000,0.00000000000000000,0.00000000000000000
274,3,0.00000000000000000,1.00000000000000000,0.00000000000000000,0.00000000000000000
275,3,0.00000000000000000,1.00000000000000000,0.00000000000000000,0.00000000000000000
276,3,0.00000000000000000,1.00000000000000000,0.00000000000000000,0.00000000000000000
277,3,0.00000000000000000,1.00000000000000000,0.00000000000000000,0.00000000000000000
278,3,0.00000000000000000,1.00000000000000000,0.00000000000000000,0.00000000000000000
279,3,0.00000000000000000,1.00000000000000000,0.00000000000000000,0.00000000000000000
280,3,0.00000000000000000,1.00000000000000000,0.00000000000000000,0.00000000000000000
281,3,0.00000000000000000,1.00000000000000000,0.00000000000000000,0.00000000000000000
282,3,0.00000000000000000,1.00000000000000000,0.00000000000000000,0.00000000000000000
283,3,0.00000000000000000,1.00000000000000000,0.00000000000000000,0.00000000000000000
284,3,0.00000000000000000,1.00000000000000000,0.00000000000000000,0.00000000000000000
285,3,1.00000000000000000,0.00000000000000000,0.00000000000000000,1.00000000000000000
286,3,0.00000000000000000,1.00000000000000000,0.00000000000000000,0.00000000000000000
287,3,0.00000000000000000,1.00000000000000000,0.00000000000000000,0.00000000000000000
288,3,0.00000000000000000,1.00000000000000000,0.00000000000000000,0.00000000000000000
289,3,0.00000000000000000,1.00000000000000000,0.00000000000000000,0.00000000000000000
290,3,0.00000000000000000,1.00000000000000000,0.00000000000000000,0.00000000000000000
291,3,0.00000000000000000,1.00000000000000000,0.00000000000000000,0.00000000000000000
292,3,0.00000000000000000,1.00000000000000000,0.00000000000000000,0.00000000000000000
293,3,0.00000000000000000,1.00000000000000000,0.00000000000000000,0.00000000000000000
294,3,0.00000000000000000,1.00000000000000000,0.00000000000000000,0.00000000000000000
295,3,0.00000000000000000,1.00000000000000000,0.00000000000000000,0.00000000000000000
296,3,0.00000000000000000,1.00000000000000000,0.00000000000000000,0.00000000000000000
297,3,1.00000000000000000,0.00000000000000000,0.00000000000000000,1.00000000000000000
298,3,0.00000000000000000,1.00000000000000000,0.00000000000000000,0.00000000000000000
299,3,0.00000000000000000,1.00000000000000000,0.00000000000000000,0.00000000000000000
300,3,0.00000000000000000,1.00000000000000000,0.00000000000000000,0.00000000000000000
301,3,0.00000000000000000,1.00000000000000000,0.00000000000000000,0.00000000000000000
302,3,0.00000000000000000,1.00000000000000000,0.00000000000000000,0.00000000000000000
303,3,0.00000000000000000,1.00000000000000000,0.00000000000000000,0.00000000000000000
304,3,0.00000000000000000,1.00000000000000000,0.00000000000000000,0.00000000000000000
305,3,0.00000000000000000,1.00000000000000000,0.00000000000000000,0.00000000000000000
306,3,0.00000000000000000,1.00000000000000000,0.00000000000000000,0.00000000000000000
307,3,0.00000000000000000,1.00000000000000000,0.00000000000000000,0.00000000000000000
308,3,0.00000000000000000,1.00000000000000000,0.00000000000000000,0.00000000000000000
309,3,0.00000000000000000,1.00000000000000000,0.00000000000000000,0.00000000000000000
310,3,0.00000000000000000,1.00000000000000000,0.00000000000000000,0.00000000000000000
311,3,0.00000000000000000,1.00000000000000000,0.00000000000000000,0.00000000000000000
312,3,0.00000000000000000,1.00000000000000000,0.00000000000000000,0.00000000000000000
313,3,0.00000000000000000,1.00000000000000000,0.00000000000000000,0.00000000000000000
314,3,0.00000000000000000,1.00000000000000000,0.00000000000000000,0.00000000000000000
315,3,0.00000000000000000,1.00000000000000000,0.00000000000000000,0.00000000000000000
316,3,0.00000000000000000,1.00000000000000000,0.00000000000000000,0.00000000000000000
317,3,0.00000000000000000,1.00000000000000000,0.00000000000000000,0.00000000000000000
318,3,0.00000000000000000,1.00000000000000000,0.00000000000000000,0.00000000000000000
319,3,0.00000000000000000,1.00000000000000000,0.00000000000000000,0.00000000000000000
320,3,0.00000000000000000,1.00000000000000000,0.00000000000000000,0.00000000000000000
321,3,0.00000000000000000,1.00000000000000000,0.00000000000000000,0.00000000000000000
322,3,1.00000000000000000,0.00000000000000000,0.00000000000000000,1.00000000000000000
323,3,0.00000000000000000,1.00000000000000000,0.00000000000000000,0.00000000000000000
324,3,0.00000000000000000,1.00000000000000000,0.00000000000000000,0.00000000000000000
325,3,0.00000000000000000,1.00000000000000000,0.00000000000000000,0.00000000000000000
326,3,0.00000000000000000,1.00000000000000000,0.00000000000000000,0.00000000000000000
327,3,0.00000000000000000,1.00000000000000000,0.00000000000000000,0.00000000000000000
328,3,0.00000000000000000,1.00000000000000000,0.00000000000000000,0.00000000000000000
329,3,0.00000000000000000,1.00000000000000000,0.00000000000000000,0.00000000000000000
330,3,0.00000000000000000,1.00000000000000000,0.00000000000000000,0.00000000000000000
331,3,0.00000000000000000,1.00000000000000000,0.00000000000000000,0.00000000000000000
332,3,0.00000000000000000,1.00000000000000000,0.00000000000000000,0.00000000000000000
333,3,1.00000000000000000,0.00000000000000000,0.00000000000000000,1.00000000000000000
334,3,0.00000000000000000,1.00000000000000000,0.00000000000000000,0.00000000000000000
335,3,0.00000000000000000,1.00000000000000000,0.00000000000000000,0.00000000000000000
336,3,0.00000000000000000,1.00000000000000000,0.00000000000000000,0.00000000000000000
337,3,1.00000000000000000,0.00000000000000000,0.00000000000000000,1.00000000000000000
338,3,0.00000000000000000,1.00000000000000000,0.00000000000000000,0.00000000000000000
339,3,0.00000000000000000,1.00000000000000000,0.00000000000000000,0.00000000000000000
340,3,0.00000000000000000,1.00000000000000000,0.00000000000000000,0.00000000000000000
341,3,0.00000000000000000,1.00000000000000000,0.00000000000000000,0.00000000000000000
342,3,0.00000000000000000,1.00000000000000000,0.00000000000000000,0.00000000000000000
343,3,0.00000000000000000,1.00000000000000000,0.00000000000000000,0.00000000000000000
344,3,0.00000000000000000,1.00000000000000000,0.00000000000000000,0.00000000000000000
345,3,0.00000000000000000,1.00000000000000000,0.00000000000000000,0.00000000000000000
346,3,0.00000000000000000,1.00000000000000000,0.00000000000000000,0.00000000000000000
347,3,0.00000000000000000,1.00000000000000000,0.00000000000000000,0.00000000000000000
348,3,0.00000000000000000,1.00000000000000000,0.00000000000000000,0.00000000000000000
349,3,0.00000000000000000,1.00000000000000000,0.00000000000000000,0.00000000000000000
350,3,0.00000000000000000,1.00000000000000000,0.00000000000000000,0.00000000000000000
351,3,0.00000000000000000,1.00000000000000000,0.00000000000000000,0.00000000000000000
352,3,0.00000000000000000,1.00000000000000000,0.00000000000000000,0.00000000000000000
353,3,0.00000000000000000,1.00000000000000000,0.00000000000000000,0.00000000000000000
354,3,1.00000000000000000,0.00000000000000000,0.00000000000000000,1.00000000000000000
355,3,0.00000000000000000,1.00000000000000000,0.00000000000000000,0.00000000000000000
356,3,1.00000000000000000,0.00000000000000000,0.00000000000000000,1.00000000000000000
357,3,0.00000000000000000,1.00000000000000000,0.00000000000000000,0.00000000000000000
358,3,0.00000000000000000,1.00000000000000000,0.00000000000000000,0.00000000000000000
359,3,0.00000000000000000,1.00000000000000000,0.00000000000000000,0.00000000000000000
360,3,0.00000000000000000,1.00000000000000000,0.00000000000000000,0.00000000000000000
361,3,0.00000000000000000,1.00000000000000000,0.00000000000000000,0.00000000000000000
362,3,0.00000000000000000,1.00000000000000000,0.00000000000000000,0.00000000000000000
363,3,0.00000000000000000,1.00000000000000000,0.00000000000000000,0.00000000000000000
364,3,0.00000000000000000,1.00000000000000000,0.00000000000000000,0.00000000000000000
365,3,0.00000000000000000,1.00000000000000000,0.00000000000000000,0.00000000000000000
366,3,0.00000000000000000,1.00000000000000000,0.00000000000000000,0.00000000000000000
367,3,0.00000000000000000,1.00000000000000000,0.00000000000000000,0.00000000000000000
368,3,0.00000000000000000,1.00000000000000000,0.00000000000000000,0.00000000000000000
369,3,0.00000000000000000,1.00000000000000000,0.00000000000000000,0.00000000000000000
370,3,0.00000000000000000,1.00000000000000000,0.00000000000000000,0.00000000000000000
371,3,0.00000000000000000,1.00000000000000000,0.00000000000000000,0.00000000000000000
372,3,0.00000000000000000,1.00000000000000000,0.00000000000000000,0.00000000000000000
373,3,0.00000000000000000,1.00000000000000000,0.00000000000000000,0.00000000000000000
374,3,0.00000000000000000,1.00000000000000000,0.00000000000000000,0.00000000000000000
375,3,0.00000000000000000,1.00000000000000000,0.00000000000000000,0.00000000000000000
376,3,0.00000000000000000,1.00000000000000000,0.00000000000000000,0.00000000000000000
377,3,0.00000000000000000,1.00000000000000000,0.00000000000000000,0.00000000000000000
378,3,0.00000000000000000,1.00000000000000000,0.00000000000000000,0.00000000000000000
379,3,0.00000000000000000,1.00000000000000000,0.00000000000000000,0.00000000000000000
380,3,0.00000000000000000,1.00000000000000000,0.00000000000000000,0.00000000000000000
381,3,1.00000000000000000,0.00000000000000000,0.00000000000000000,1.00000000000000000
382,3,1.00000000000000000,0.00000000000000000,0.00000000000000000,1.00000000000000000
383,3,0.00000000000000000,1.00000000000000000,0.00000000000000000,0.00000000000000000
384,3,0.00000000000000000,1.00000000000000000,0.00000000000000000,0.00000000000000000
385,3,0.00000000000000000,1.00000000000000000,0.00000000000000000,0.00000000000000000
386,3,0.00000000000000000,1.00000000000000000,0.00000000000000000,0.00000000000000000
387,3,0.00000000000000000,1.00000000000000000,0.00000000000000000,0.00000000000000000
388,3,0.00000000000000000,1.00000000000000000,0.00000000000000000,0.00000000000000000
389,3,0.00000000000000000,1.00000000000000000,0.00000000000000000,0.00000000000000000
390,3,0.00000000000000000,1.00000000000000000,0.00000000000000000,0.00000000000000000
391,3,0.00000000000000000,1.00000000000000000,0.00000000000000000,0.00000000000000000
392,3,0.00000000000000000,1.00000000000000000,0.00000000000000000,0.00000000000000000
393,3,0.00000000000000000,1.00000000000000000,0.00000000000000000,0.00000000000000000
394,3,0.00000000000000000,1.00000000000000000,0.00000000000000000,0.00000000000000000
395,3,0.00000000000000000,1.00000000000000000,0.00000000000000000,0.00000000000000000
396,3,0.00000000000000000,1.00000000000000000,0.00000000000000000,0.00000000000000000
397,3,0.00000000000000000,1.00000000000000000,0.00000000000000000,0.00000000000000000
398,3,0.00000000000000000,1.00000000000000000,0.00000000000000000,0.00000000000000000
399,3,0.00000000000000000,1.00000000000000000,0.00000000000000000,0.00000000000000000
400,3,0.00000000000000000,1.00000000000000000,0.00000000000000000,0.00000000000000000
401,3,0.00000000000000000,1.00000000000000000,0.00000000000000000,0.00000000000000000
402,3,0.00000000000000000,1.00000000000000000,0.00000000000000000,0.00000000000000000
403,3,0.00000000000000000,1.00000000000000000,0.00000000000000000,0.00000000000000000
404,3,0.00000000000000000,1.00000000000000000,0.00000000000000000,0.00000000000000000
405,3,0.00000000000000000,1.00000000000000000,0.00000000000000000,0.00000000000000000
406,3,0.00000000000000000,1.00000000000000000,0.00000000000000000,0.00000000000000000
407,3,0.00000000000000000,1.00000000000000000,0.00000000000000000,0.00000000000000000
408,3,0.00000000000000000,1.00000000000000000,0.00000000000000000,0.00000000000000000
409,3,0.00000000000000000,1.00000000000000000,0.00000000000000000,0.00000000000000000
410,3,1.00000000000000000,0.00000000000000000,0.00000000000000000,1.00000000000000000
411,3,0.00000000000000000,1.00000000000000000,0.00000000000000000,0.00000000000000000
412,3,0.00000000000000000,1.00000000000000000,0.00000000000000000,0.00000000000000000
413,3,0.00000000000000000,1.00000000000000000,0.00000000000000000,0.00000000000000000
414,3,1.00000000000000000,0.00000000000000000,0.00000000000000000,1.00000000000000000
415,3,1.00000000000000000,0.00000000000000000,0.00000000000000000,1.00000000000000000
416,3,0.00000000000000000,1.00000000000000000,0.00000000000000000,0.00000000000000000
417,3,0.00000000000000000,1.00000000000000000,0.00000000000000000,0.00000000000000000
418,3,1.00000000000000000,0.00000000000000000,0.00000000000000000,1.00000000000000000
419,3,0.00000000000000000,1.00000000000000000,0.00000000000000000,0.00000000000000000
420,3,0.00000000000000000,1.00000000000000000,0.00000000000000000,0.00000000000000000
421,3,0.00000000000000000,1.00000000000000000,0.00000000000000000,0.00000000000000000
422,3,0.00000000000000000,1.00000000000000000,0.00000000000000000,0.00000000000000000
423,3,0.00000000000000000,1.00000000000000000,0.00000000000000000,0.00000000000000000
424,3,0.00000000000000000,1.00000000000000000,0.00000000000000000,0.00000000000000000
425,3,0.00000000000000000,1.00000000000000000,0.00000000000000000,0.00000000000000000
426,3,0.00000000000000000,1.00000000000000000,0.00000000000000000,0.00000000000000000
427,3,0.00000000000000000,1.00000000000000000,0.00000000000000000,0.00000000000000000
428,3,0.00000000000000000,1.00000000000000000,0.00000000000000000,0.00000000000000000
429,3,0.00000000000000000,1.00000000000000000,0.00000000000000000,0.00000000000000000
430,3,0.00000000000000000,1.00000000000000000,0.00000000000000000,0.00000000000000000
431,3,0.00000000000000000,1.00000000000000000,0.00000000000000000,0.00000000000000000
432,3,0.00000000000000000,1.00000000000000000,0.00000000000000000,0.00000000000000000
433,3,0.00000000000000000,1.00000000000000000,0.00000000000000000,0.00000000000000000
434,3,0.00000000000000000,1.00000000000000000,0.00000000000000000,0.00000000000000000
435,3,0.00000000000000000,1.00000000000000000,0.00000000000000000,0.00000000000000000
436,3,0.00000000000000000,1.00000000000000000,0.00000000000000000,0.00000000000000000
437,3,0.00000000000000000,1.00000000000000000,0.00000000000000000,0.00000000000000000
438,3,0.00000000000000000,1.00000000000000000,0.00000000000000000,0.00000000000000000
439,3,0.00000000000000000,1.00000000000000000,0.00000000000000000,0.00000000000000000
440,3,0.00000000000000000,1.00000000000000000,0.00000000000000000,0.00000000000000000
441,3,0.00000000000000000,1.00000000000000000,0.00000000000000000,0.00000000000000000
442,3,0.00000000000000000,1.00000000000000000,0.00000000000000000,0.00000000000000000
443,3,0.00000000000000000,1.00000000000000000,0.00000000000000000,0.00000000000000000
444,3,0.00000000000000000,1.00000000000000000,0.00000000000000000,0.00000000000000000
445,3,0.00000000000000000,1.00000000000000000,0.00000000000000000,0.00000000000000000
446,3,0.00000000000000000,1.00000000000000000,0.00000000000000000,0.00000000000000000
447,3,0.00000000000000000,1.00000000000000000,0.00000000000000000,0.00000000000000000
448,3,1.00000000000000000,0.00000000000000000,0.00000000000000000,1.00000000000000000
449,3,0.00000000000000000,1.00000000000000000,0.00000000000000000,0.00000000000000000
450,3,0.00000000000000000,1.00000000000000000,0.00000000000000000,0.00000000000000000
451,3,0.00000000000000000,1.00000000000000000,0.00000000000000000,0.00000000000000000
452,3,0.00000000000000000,1.00000000000000000,0.00000000000000000,0.00000000000000000
453,3,0.00000000000000000,1.00000000000000000,0.00000000000000000,0.00000000000000000
454,3,0.00000000000000000,1.00000000000000000,0.00000000000000000,0.00000000000000000
455,3,0.00000000000000000,1.00000000000000000,0.00000000000000000,0.00000000000000000
456,3,0.00000000000000000,1.00000000000000000,0.00000000000000000,0.00000000000000000
457,3,0.00000000000000000,1.00000000000000000,0.00000000000000000,0.00000000000000000
458,3,1.00000000000000000,0.00000000000000000,0.00000000000000000,1.00000000000000000
459,3,0.00000000000000000,1.00000000000000000,0.00000000000000000,0.00000000000000000
460,3,0.00000000000000000,1.00000000000000000,0.00000000000000000,0.00000000000000000
461,3,0.00000000000000000,1.00000000000000000,0.00000000000000000,0.00000000000000000
462,3,0.00000000000000000,1.00000000000000000,0.00000000000000000,0.00000000000000000
463,3,1.00000000000000000,0.00000000000000000,0.00000000000000000,1.00000000000000000
464,3,0.00000000000000000,1.00000000000000000,0.00000000000000000,0.00000000000000000
465,3,0.00000000000000000,1.00000000000000000,0.00000000000000000,0.00000000000000000
466,3,0.00000000000000000,1.00000000000000000,0.00000000000000000,0.00000000000000000
467,3,0.00000000000000000,1.00000000000000000,0.00000000000000000,0.00000000000000000
468,3,0.00000000000000000,1.00000000000000000,0.00000000000000000,0.00000000000000000
469,3,0.00000000000000000,1.00000000000000000,0.00000000000000000,0.00000000000000000
470,3,0.00000000000000000,1.00000000000000000,0.00000000000000000,0.00000000000000000
471,3,0.00000000000000000,1.00000000000000000,0.00000000000000000,0.00000000000000000
472,3,0.00000000000000000,1.00000000000000000,0.00000000000000000,0.00000000000000000
473,3,0.00000000000000000,1.00000000000000000,0.00000000000000000,0.00000000000000000
474,3,0.00000000000000000,1.00000000000000000,0.00000000000000000,0.00000000000000000
475,3,0.00000000000000000,1.00000000000000000,0.00000000000000000,0.00000000000000000
476,3,0.00000000000000000,1.00000000000000000,0.00000000000000000,0.00000000000000000
477,3,0.00000000000000000,1.00000000000000000,0.00000000000000000,0.00000000000000000
478,3,0.00000000000000000,1.00000000000000000,0.00000000000000000,0.00000000000000000
479,3,0.00000000000000000,1.00000000000000000,0.00000000000000000,0.00000000000000000
480,3,0.00000000000000000,1.00000000000000000,0.00000000000000000,0.00000000000000000
481,3,0.00000000000000000,1.00000000000000000,0.00000000000000000,0.00000000000000000
482,3,0.00000000000000000,1.00000000000000000,0.00000000000000000,0.00000000000000000
483,3,0.00000000000000000,1.00000000000000000,0.00000000000000000,0.00000000000000000
484,3,0.00000000000000000,1.00000000000000000,0.00000000000000000,0.00000000000000000
485,3,0.00000000000000000,1.00000000000000000,0.00000000000000000,0.00000000000000000
486,3,0.00000000000000000,1.00000000000000000,0.00000000000000000,0.00000000000000000
487,3,0.00000000000000000,1.00000000000000000,0.00000000000000000,0.00000000000000000
488,3,0.00000000000000000,1.00000000000000000,0.00000000000000000,0.00000000000000000
489,3,0.00000000000000000,1.00000000000000000,0.00000000000000000,0.00000000000000000
490,3,0.00000000000000000,1.00000000000000000,0.00000000000000000,0.00000000000000000
491,3,0.00000000000000000,1.00000000000000000,0.00000000000000000,0.00000000000000000
492,3,0.00000000000000000,1.00000000000000000,0.00000000000000000,0.00000000000000000
493,3,1.00000000000000000,0.00000000000000000,0.00000000000000000,1.00000000000000000
494,3,0.00000000000000000,1.00000000000000000,0.00000000000000000,0.00000000000000000
495,3,0.00000000000000000,1.00000000000000000,0.00000000000000000,0.00000000000000000
496,3,0.00000000000000000,1.00000000000000000,0.00000000000000000,0.00000000000000000
497,3,0.00000000000000000,1.00000000000000000,0.00000000000000000,0.00000000000000000
498,3,0.00000000000000000,1.00000000000000000,0.00000000000000000,0.00000000000000000
499,3,0.00000000000000000,1.00000000000000000,0.00000000000000000,0.00000000000000000
500,3,0.00000000000000000,1.00000000000000000,0.00000000000000000,0.00000000000000000
501,3,0.00000000000000000,1.00000000000000000,0.00000000000000000,0.00000000000000000
502,3,0.00000000000000000,1.00000000000000000,0.00000000000000000,0.00000000000000000
503,3,0.00000000000000000,1.00000000000000000,0.00000000000000000,0.00000000000000000
504,3,0.00000000000000000,1.00000000000000000,0.00000000000000000,0.00000000000000000
0,4,0.67100000000000004,0.00000000000000000,0.64609053497942370,0.35390946502057630
1,4,0.73999999999999999,0.00000000000000000,0.07818930041152312,0.92181069958847683
2,4,0.48899999999999999,1.00000000000000000,0.00000000000000000,0.00000000000000000
3,4,0.41299999999999998,1.00000000000000000,0.00000000000000000,0.00000000000000000
4,4,0.77000000000000002,0.00000000000000000,0.00000000000000000,1.00000000000000000
5,4,0.62400000000000000,0.03292181069958849,0.96707818930041156,0.00000000000000000
6,4,0.52400000000000002,0.85596707818929985,0.14403292181070010,0.00000000000000000
7,4,0.71299999999999997,0.00000000000000000,0.30041152263374543,0.69958847736625451
8,4,0.87100000000000000,0.00000000000000000,0.00000000000000000,1.00000000000000000
9,4,0.60499999999999998,0.18930041152263383,0.81069958847736612,0.00000000000000000
10,4,0.44200000000000000,1.00000000000000000,0.00000000000000000,0.00000000000000000
11,4,0.87100000000000000,0.00000000000000000,0.00000000000000000,1.00000000000000000
12,4,0.45300000000000001,1.00000000000000000,0.00000000000000000,0.00000000000000000
13,4,0.42799999999999999,1.00000000000000000,0.00000000000000000,0.00000000000000000
14,4,0.46400000000000002,1.00000000000000000,0.00000000000000000,0.00000000000000000
15,4,0.48399999999999999,1.00000000000000000,0.00000000000000000,0.00000000000000000
16,4,0.44200000000000000,1.00000000000000000,0.00000000000000000,0.00000000000000000
17,4,0.66800000000000004,0.00000000000000000,0.67078189300411506,0.32921810699588494
18,4,0.60899999999999999,0.15637860082304533,0.84362139917695467,0.00000000000000000
19,4,0.45300000000000001,1.00000000000000000,0.00000000000000000,0.00000000000000000
20,4,0.39400000000000002,1.00000000000000000,0.00000000000000000,0.00000000000000000
21,4,0.50400000000000000,1.00000000000000000,0.00000000000000000,0.00000000000000000
22,4,0.48899999999999999,1.00000000000000000,0.00000000000000000,0.00000000000000000
23,4,0.52400000000000002,0.85596707818929985,0.14403292181070010,0.00000000000000000
24,4,0.51000000000000001,0.97119341563785966,0.02880658436214039,0.00000000000000000
25,4,0.40500000000000003,1.00000000000000000,0.00000000000000000,0.00000000000000000
26,4,0.41610000000000003,1.00000000000000000,0.00000000000000000,0.00000000000000000
27,4,0.53800000000000003,0.74074074074074014,0.25925925925925986,0.00000000000000000
28,4,0.73999999999999999,0.00000000000000000,0.07818930041152312,0.92181069958847683
29,4,0.62400000000000000,0.03292181069958849,0.96707818930041156,0.00000000000000000
30,4,0.50700000000000001,0.99588477366255101,0.00411522633744902,0.00000000000000000
31,4,0.59699999999999998,0.25514403292181081,0.74485596707818913,0.00000000000000000
32,4,0.71799999999999997,0.00000000000000000,0.25925925925925986,0.74074074074074014
33,4,0.62400000000000000,0.03292181069958849,0.96707818930041156,0.00000000000000000
34,4,0.69299999999999995,0.00000000000000000,0.46502057613168790,0.53497942386831210
35,4,0.55000000000000004,0.64197530864197472,0.35802469135802534,0.00000000000000000
36,4,0.49900000000000000,1.00000000000000000,0.00000000000000000,0.00000000000000000
37,4,0.55000000000000004,0.64197530864197472,0.35802469135802534,0.00000000000000000
38,4,0.58399999999999996,0.36213991769547343,0.63786008230452662,0.00000000000000000
39,4,0.43700000000000000,1.00000000000000000,0.00000000000000000,0.00000000000000000
40,4,0.77000000000000002,0.00000000000000000,0.00000000000000000,1.00000000000000000
41,4,0.51500000000000001,0.93004115226337403,0.06995884773662600,0.00000000000000000
42,4,0.62400000000000000,0.03292181069958849,0.96707818930041156,0.00000000000000000
43,4,0.52000000000000002,0.88888888888888840,0.11111111111111162,0.00000000000000000
44,4,0.42899999999999999,1.00000000000000000,0.00000000000000000,0.00000000000000000
45,4,0.69999999999999996,0.00000000000000000,0.40740740740740805,0.59259259259259200
46,4,0.41299999999999998,1.00000000000000000,0.00000000000000000,0.00000000000000000
47,4,0.49299999999999999,1.00000000000000000,0.00000000000000000,0.00000000000000000
48,4,0.44800000000000001,1.00000000000000000,0.00000000000000000,0.00000000000000000
49,4,0.73999999999999999,0.00000000000000000,0.07818930041152312,0.92181069958847683
50,4,0.43700000000000000,1.00000000000000000,0.00000000000000000,0.00000000000000000
51,4,0.61399999999999999,0.11522633744855973,0.88477366255144030,0.00000000000000000
52,4,0.50700000000000001,0.99588477366255101,0.00411522633744902,0.00000000000000000
53,4,0.54400000000000004,0.69135802469135743,0.30864197530864257,0.00000000000000000
54,4,0.69999999999999996,0.00000000000000000,0.40740740740740805,0.59259259259259200
55,4,0.53800000000000003,0.74074074074074014,0.25925925925925986,0.00000000000000000
56,4,0.46000000000000002,1.00000000000000000,0.00000000000000000,0.00000000000000000
57,4,0.49299999999999999,1.00000000000000000,0.00000000000000000,0.00000000000000000
58,4,0.46000000000000002,1.00000000000000000,0.00000000000000000,0.00000000000000000
59,4,0.67100000000000004,0.00000000000000000,0.64609053497942370,0.35390946502057630
60,4,0.59699999999999998,0.25514403292181081,0.74485596707818913,0.00000000000000000
61,4,0.69999999999999996,0.00000000000000000,0.40740740740740805,0.59259259259259200
62,4,0.48899999999999999,1.00000000000000000,0.00000000000000000,0.00000000000000000
63,4,0.64700000000000002,0.00000000000000000,0.84362139917695467,0.15637860082304533
64,4,0.41099999999999998,1.00000000000000000,0.00000000000000000,0.00000000000000000
65,4,0.61399999999999999,0.11522633744855973,0.88477366255144030,0.00000000000000000
66,4,0.44900000000000001,1.00000000000000000,0.00000000000000000,0.00000000000000000
67,4,0.42599999999999999,1.00000000000000000,0.00000000000000000,0.00000000000000000
68,4,0.71299999999999997,0.00000000000000000,0.30041152263374543,0.69958847736625451
69,4,0.54700000000000004,0.66666666666666607,0.33333333333333393,0.00000000000000000
70,4,0.63100000000000001,0.00000000000000000,0.97530864197530864,0.02469135802469137
71,4,0.63100000000000001,0.00000000000000000,0.97530864197530864,0.02469135802469137
72,4,0.53800000000000003,0.74074074074074014,0.25925925925925986,0.00000000000000000
73,4,0.73999999999999999,0.00000000000000000,0.07818930041152312,0.92181069958847683
74,4,0.43700000000000000,1.00000000000000000,0.00000000000000000,0.00000000000000000
75,4,0.53800000000000003,0.74074074074074014,0.25925925925925986,0.00000000000000000
76,4,0.60899999999999999,0.15637860082304533,0.84362139917695467,0.00000000000000000
77,4,0.71799999999999997,0.00000000000000000,0.25925925925925986,0.74074074074074014
78,4,0.50700000000000001,0.99588477366255101,0.00411522633744902,0.00000000000000000
79,4,0.58399999999999996,0.36213991769547343,0.63786008230452662,0.00000000000000000
80,4,0.64700000000000002,0.00000000000000000,0.84362139917695467,0.15637860082304533
81,4,0.51800000000000002,0.90534979423868267,0.09465020576131737,0.00000000000000000
82,4,0.52400000000000002,0.85596707818929985,0.14403292181070010,0.00000000000000000
83,4,0.59699999999999998,0.25514403292181081,0.74485596707818913,0.00000000000000000
84,4,0.48899999999999999,1.00000000000000000,0.00000000000000000,0.00000000000000000
85,4,0.49299999999999999,1.00000000000000000,0.00000000000000000,0.00000000000000000
86,4,0.65900000000000003,0.00000000000000000,0.74485596707818913,0.25514403292181081
87,4,0.43700000000000000,1.00000000000000000,0.00000000000000000,0.00000000000000000
88,4,0.41499999999999998,1.00000000000000000,0.00000000000000000,0.00000000000000000
89,4,0.65500000000000003,0.00000000000000000,0.77777777777777768,0.22222222222222232
90,4,0.48899999999999999,1.00000000000000000,0.00000000000000000,0.00000000000000000
91,4,0.69299999999999995,0.00000000000000000,0.46502057613168790,0.53497942386831210
92,4,0.58499999999999996,0.35390946502057630,0.64609053497942370,0.00000000000000000
93,4,0.46400000000000002,1.00000000000000000,0.00000000000000000,0.00000000000000000
94,4,0.40300000000000002,1.00000000000000000,0.00000000000000000,0.00000000000000000
95,4,0.53800000000000003,0.74074074074074014,0.25925925925925986,0.00000000000000000
96,4,0.58099999999999996,0.38683127572016479,0.61316872427983526,0.00000000000000000
97,4,0.40000000000000002,1.00000000000000000,0.00000000000000000,0.00000000000000000
98,4,0.87100000000000000,0.00000000000000000,0.00000000000000000,1.00000000000000000
99,4,0.48799999999999999,1.00000000000000000,0.00000000000000000,0.00000000000000000
100,4,0.55000000000000004,0.64197530864197472,0.35802469135802534,0.00000000000000000
101,4,0.54400000000000004,0.69135802469135743,0.30864197530864257,0.00000000000000000
102,4,0.42599999999999999,1.00000000000000000,0.00000000000000000,0.00000000000000000
103,4,0.53800000000000003,0.74074074074074014,0.25925925925925986,0.00000000000000000
104,4,0.40999999999999998,1.00000000000000000,0.00000000000000000,0.00000000000000000
105,4,0.50400000000000000,1.00000000000000000,0.00000000000000000,0.00000000000000000
106,4,0.71299999999999997,0.00000000000000000,0.30041152263374543,0.69958847736625451
107,4,0.51500000000000001,0.93004115226337403,0.06995884773662600,0.00000000000000000
108,4,0.71799999999999997,0.00000000000000000,0.25925925925925986,0.74074074074074014
109,4,0.43790000000000001,1.00000000000000000,0.00000000000000000,0.00000000000000000
110,4,0.54400000000000004,0.69135802469135743,0.30864197530864257,0.00000000000000000
111,4,0.53200000000000003,0.79012345679012286,0.20987654320987709,0.00000000000000000
112,4,0.44800000000000001,1.00000000000000000,0.00000000000000000,0.00000000000000000
113,4,0.54400000000000004,0.69135802469135743,0.30864197530864257,0.00000000000000000
114,4,0.54700000000000004,0.66666666666666607,0.33333333333333393,0.00000000000000000
115,4,0.73999999999999999,0.00000000000000000,0.07818930041152312,0.92181069958847683
116,4,0.40000000000000002,1.00000000000000000,0.00000000000000000,0.00000000000000000
117,4,0.69299999999999995,0.00000000000000000,0.46502057613168790,0.53497942386831210
118,4,0.53800000000000003,0.74074074074074014,0.25925925925925986,0.00000000000000000
119,4,0.67100000000000004,0.00000000000000000,0.64609053497942370,0.35390946502057630
120,4,0.59699999999999998,0.25514403292181081,0.74485596707818913,0.00000000000000000
121,4,0.42899999999999999,1.00000000000000000,0.00000000000000000,0.00000000000000000
122,4,0.64700000000000002,0.00000000000000000,0.84362139917695467,0.15637860082304533
123,4,0.64700000000000002,0.00000000000000000,0.84362139917695467,0.15637860082304533
124,4,0.54700000000000004,0.66666666666666607,0.33333333333333393,0.00000000000000000
125,4,0.52400000000000002,0.85596707818929985,0.14403292181070010,0.00000000000000000
126,4,0.51500000000000001,0.93004115226337403,0.06995884773662600,0.00000000000000000
127,4,0.60499999999999998,0.18930041152263383,0.81069958847736612,0.00000000000000000
128,4,0.69299999999999995,0.00000000000000000,0.46502057613168790,0.53497942386831210
129,4,0.42799999999999999,1.00000000000000000,0.00000000000000000,0.00000000000000000
130,4,0.41499999999999998,1.00000000000000000,0.00000000000000000,0.00000000000000000
131,4,0.58399999999999996,0.36213991769547343,0.63786008230452662,0.00000000000000000
132,4,0.65500000000000003,0.00000000000000000,0.77777777777777768,0.22222222222222232
133,4,0.43099999999999999,1.00000000000000000,0.00000000000000000,0.00000000000000000
134,4,0.50700000000000001,0.99588477366255101,0.00411522633744902,0.00000000000000000
135,4,0.48899999999999999,1.00000000000000000,0.00000000000000000,0.00000000000000000
136,4,0.43700000000000000,1.00000000000000000,0.00000000000000000,0.00000000000000000
137,4,0.58399999999999996,0.36213991769547343,0.63786008230452662,0.00000000000000000
138,4,0.73999999999999999,0.00000000000000000,0.07818930041152312,0.92181069958847683
139,4,0.58499999999999996,0.35390946502057630,0.64609053497942370,0.00000000000000000
140,4,0.58499999999999996,0.35390946502057630,0.64609053497942370,0.00000000000000000
141,4,0.49900000000000000,1.00000000000000000,0.00000000000000000,0.00000000000000000
142,4,0.41610000000000003,1.00000000000000000,0.00000000000000000,0.00000000000000000
143,4,0.43700000000000000,1.00000000000000000,0.00000000000000000,0.00000000000000000
144,4,0.54400000000000004,0.69135802469135743,0.30864197530864257,0.00000000000000000
145,4,0.50700000000000001,0.99588477366255101,0.00411522633744902,0.00000000000000000
146,4,0.53800000000000003,0.74074074074074014,0.25925925925925986,0.00000000000000000
147,4,0.73999999999999999,0.00000000000000000,0.07818930041152312,0.92181069958847683
148,4,0.54700000000000004,0.66666666666666607,0.33333333333333393,0.00000000000000000
149,4,0.43900000000000000,1.00000000000000000,0.00000000000000000,0.00000000000000000
150,4,0.73999999999999999,0.00000000000000000,0.07818930041152312,0.92181069958847683
151,4,0.44800000000000001,1.00000000000000000,0.00000000000000000,0.00000000000000000
152,4,0.54400000000000004,0.69135802469135743,0.30864197530864257,0.00000000000000000
153,4,0.52000000000000002,0.88888888888888840,0.11111111111111162,0.00000000000000000
154,4,0.47199999999999998,1.00000000000000000,0.00000000000000000,0.00000000000000000
155,4,0.77000000000000002,0.00000000000000000,0.00000000000000000,1.00000000000000000
156,4,0.40999999999999998,1.00000000000000000,0.00000000000000000,0.00000000000000000
157,4,0.58499999999999996,0.35390946502057630,0.64609053497942370,0.00000000000000000
158,4,0.71299999999999997,0.00000000000000000,0.30041152263374543,0.69958847736625451
159,4,0.43099999999999999,1.00000000000000000,0.00000000000000000,0.00000000000000000
160,4,0.77000000000000002,0.00000000000000000,0.00000000000000000,1.00000000000000000
161,4,0.45800000000000002,1.00000000000000000,0.00000000000000000,0.00000000000000000
162,4,0.69299999999999995,0.00000000000000000,0.46502057613168790,0.53497942386831210
163,4,0.44500000000000001,1.00000000000000000,0.00000000000000000,0.00000000000000000
164,4,0.54700000000000004,0.66666666666666607,0.33333333333333393,0.00000000000000000
165,4,0.38900000000000001,1.00000000000000000,0.00000000000000000,0.00000000000000000
166,4,0.50700000000000001,0.99588477366255101,0.00411522633744902,0.00000000000000000
167,4,0.44800000000000001,1.00000000000000000,0.00000000000000000,0.00000000000000000
168,4,0.41099999999999998,1.00000000000000000,0.00000000000000000,0.00000000000000000
169,4,0.62400000000000000,0.03292181069958849,0.96707818930041156,0.00000000000000000
170,4,0.39800000000000002,1.00000000000000000,0.00000000000000000,0.00000000000000000
171,4,0.40899999999999997,1.00000000000000000,0.00000000000000000,0.00000000000000000
172,4,0.47199999999999998,1.00000000000000000,0.00000000000000000,0.00000000000000000
173,4,0.44900000000000001,1.00000000000000000,0.00000000000000000,0.00000000000000000
174,4,0.40300000000000002,1.00000000000000000,0.00000000000000000,0.00000000000000000
175,4,0.60499999999999998,0.18930041152263383,0.81069958847736612,0.00000000000000000
176,4,0.43700000000000000,1.00000000000000000,0.00000000000000000,0.00000000000000000
177,4,0.62400000000000000,0.03292181069958849,0.96707818930041156,0.00000000000000000
178,4,0.41099999999999998,1.00000000000000000,0.00000000000000000,0.00000000000000000
179,4,0.58499999999999996,0.35390946502057630,0.64609053497942370,0.00000000000000000
180,4,0.52000000000000002,0.88888888888888840,0.11111111111111162,0.00000000000000000
181,4,0.43790000000000001,1.00000000000000000,0.00000000000000000,0.00000000000000000
182,4,0.87100000000000000,0.00000000000000000,0.00000000000000000,1.00000000000000000
183,4,0.71299999999999997,0.00000000000000000,0.30041152263374543,0.69958847736625451
184,4,0.53200000000000003,0.79012345679012286,0.20987654320987709,0.00000000000000000
185,4,0.44500000000000001,1.00000000000000000,0.00000000000000000,0.00000000000000000
186,4,0.58399999999999996,0.36213991769547343,0.63786008230452662,0.00000000000000000
187,4,0.39200000000000002,1.00000000000000000,0.00000000000000000,0.00000000000000000
188,4,0.52000000000000002,0.88888888888888840,0.11111111111111162,0.00000000000000000
189,4,0.53800000000000003,0.74074074074074014,0.25925925925925986,0.00000000000000000
190,4,0.65900000000000003,0.00000000000000000,0.74485596707818913,0.25514403292181081
191,4,0.64700000000000002,0.00000000000000000,0.84362139917695467,0.15637860082304533
192,4,0.58099999999999996,0.38683127572016479,0.61316872427983526,0.00000000000000000
193,4,0.43300000000000000,1.00000000000000000,0.00000000000000000,0.00000000000000000
194,4,0.41099999999999998,1.00000000000000000,0.00000000000000000,0.00000000000000000
195,4,0.69299999999999995,0.00000000000000000,0.46502057613168790,0.53497942386831210
196,4,0.53800000000000003,0.74074074074074014,0.25925925925925986,0.00000000000000000
197,4,0.58399999999999996,0.36213991769547343,0.63786008230452662,0.00000000000000000
198,4,0.57499999999999996,0.43621399176954750,0.56378600823045244,0.00000000000000000
199,4,0.44290000000000002,1.00000000000000000,0.00000000000000000,0.00000000000000000
200,4,0.60499999999999998,0.18930041152263383,0.81069958847736612,0.00000000000000000
201,4,0.44700000000000001,1.00000000000000000,0.00000000000000000,0.00000000000000000
202,4,0.63100000000000001,0.00000000000000000,0.97530864197530864,0.02469135802469137
203,4,0.58499999999999996,0.35390946502057630,0.64609053497942370,0.00000000000000000
204,4,0.69299999999999995,0.00000000000000000,0.46502057613168790,0.53497942386831210
205,4,0.69999999999999996,0.00000000000000000,0.40740740740740805,0.59259259259259200
206,4,0.42199999999999999,1.00000000000000000,0.00000000000000000,0.00000000000000000
207,4,0.48899999999999999,1.00000000000000000,0.00000000000000000,0.00000000000000000
208,4,0.58499999999999996,0.35390946502057630,0.64609053497942370,0.00000000000000000
209,4,0.67100000000000004,0.00000000000000000,0.64609053497942370,0.35390946502057630
210,4,0.66800000000000004,0.00000000000000000,0.67078189300411506,0.32921810699588494
211,4,0.54700000000000004,0.66666666666666607,0.33333333333333393,0.00000000000000000
212,4,0.64700000000000002,0.00000000000000000,0.84362139917695467,0.15637860082304533
213,4,0.73999999999999999,0.00000000000000000,0.07818930041152312,0.92181069958847683
214,4,0.40000000000000002,1.00000000000000000,0.00000000000000000,0.00000000000000000
215,4,0.67900000000000005,0.00000000000000000,0.58024691358024671,0.41975308641975329
216,4,0.55000000000000004,0.64197530864197472,0.35802469135802534,0.00000000000000000
217,4,0.43099999999999999,1.00000000000000000,0.00000000000000000,0.00000000000000000
218,4,0.45800000000000002,1.00000000000000000,0.00000000000000000,0.00000000000000000
219,4,0.45300000000000001,1.00000000000000000,0.00000000000000000,0.00000000000000000
220,4,0.48799999999999999,1.00000000000000000,0.00000000000000000,0.00000000000000000
221,4,0.57999999999999996,0.39506172839506193,0.60493827160493807,0.00000000000000000
222,4,0.57999999999999996,0.39506172839506193,0.60493827160493807,0.00000000000000000
223,4,0.69299999999999995,0.00000000000000000,0.46502057613168790,0.53497942386831210
224,4,0.71299999999999997,0.00000000000000000,0.30041152263374543,0.69958847736625451
225,4,0.48799999999999999,1.00000000000000000,0.00000000000000000,0.00000000000000000
226,4,0.63100000000000001,0.00000000000000000,0.97530864197530864,0.02469135802469137
227,4,0.40500000000000003,1.00000000000000000,0.00000000000000000,0.00000000000000000
228,4,0.40999999999999998,1.00000000000000000,0.00000000000000000,0.00000000000000000
229,4,0.59699999999999998,0.25514403292181081,0.74485596707818913,0.00000000000000000
230,4,0.58099999999999996,0.38683127572016479,0.61316872427983526,0.00000000000000000
231,4,0.53800000000000003,0.74074074074074014,0.25925925925925986,0.00000000000000000
232,4,0.60899999999999999,0.15637860082304533,0.84362139917695467,0.00000000000000000
233,4,0.43300000000000000,1.00000000000000000,0.00000000000000000,0.00000000000000000
234,4,0.57999999999999996,0.39506172839506193,0.60493827160493807,0.00000000000000000
235,4,0.48899999999999999,1.00000000000000000,0.00000000000000000,0.00000000000000000
236,4,0.47199999999999998,1.00000000000000000,0.00000000000000000,0.00000000000000000
237,4,0.52000000000000002,0.88888888888888840,0.11111111111111162,0.00000000000000000
238,4,0.43700000000000000,1.00000000000000000,0.00000000000000000,0.00000000000000000
239,4,0.43500000000000000,1.00000000000000000,0.00000000000000000,0.00000000000000000
240,4,0.54400000000000004,0.69135802469135743,0.30864197530864257,0.00000000000000000
241,4,0.43900000000000000,1.00000000000000000,0.00000000000000000,0.00000000000000000
242,4,0.60499999999999998,0.18930041152263383,0.81069958847736612,0.00000000000000000
243,4,0.87100000000000000,0.00000000000000000,0.00000000000000000,1.00000000000000000
244,4,0.40100000000000002,1.00000000000000000,0.00000000000000000,0.00000000000000000
245,4,0.53800000000000003,0.74074074074074014,0.25925925925925986,0.00000000000000000
246,4,0.51000000000000001,0.97119341563785966,0.02880658436214039,0.00000000000000000
247,4,0.46400000000000002,1.00000000000000000,0.00000000000000000,0.00000000000000000
248,4,0.49299999999999999,1.00000000000000000,0.00000000000000000,0.00000000000000000
249,4,0.54700000000000004,0.66666666666666607,0.33333333333333393,0.00000000000000000
250,4,0.43700000000000000,1.00000000000000000,0.00000000000000000,0.00000000000000000
251,4,0.69299999999999995,0.00000000000000000,0.46502057613168790,0.53497942386831210
252,4,0.87100000000000000,0.00000000000000000,0.00000000000000000,1.00000000000000000
253,4,0.48799999999999999,1.00000000000000000,0.00000000000000000,0.00000000000000000
254,4,0.43099999999999999,1.00000000000000000,0.00000000000000000,0.00000000000000000
255,4,0.51500000000000001,0.93004115226337403,0.06995884773662600,0.00000000000000000
256,4,0.60499999999999998,0.18930041152263383,0.81069958847736612,0.00000000000000000
257,4,0.73999999999999999,0.00000000000000000,0.07818930041152312,0.92181069958847683
258,4,0.61399999999999999,0.11522633744855973,0.88477366255144030,0.00000000000000000
259,4,0.66800000000000004,0.00000000000000000,0.67078189300411506,0.32921810699588494
260,4,0.48899999999999999,1.00000000000000000,0.00000000000000000,0.00000000000000000
261,4,0.71299999999999997,0.00000000000000000,0.30041152263374543,0.69958847736625451
262,4,0.57299999999999995,0.45267489711934178,0.54732510288065828,0.00000000000000000
263,4,0.58099999999999996,0.38683127572016479,0.61316872427983526,0.00000000000000000
264,4,0.62400000000000000,0.03292181069958849,0.96707818930041156,0.00000000000000000
265,4,0.43300000000000000,1.00000000000000000,0.00000000000000000,0.00000000000000000
266,4,0.40400000000000003,1.00000000000000000,0.00000000000000000,0.00000000000000000
267,4,0.87100000000000000,0.00000000000000000,0.00000000000000000,1.00000000000000000
268,4,0.44900000000000001,1.00000000000000000,0.00000000000000000,0.00000000000000000
269,4,0.54700000000000004,0.66666666666666607,0.33333333333333393,0.00000000000000000
270,4,0.38500000000000001,1.00000000000000000,0.00000000000000000,0.00000000000000000
271,4,0.61399999999999999,0.11522633744855973,0.88477366255144030,0.00000000000000000
272,4,0.62400000000000000,0.03292181069958849,0.96707818930041156,0.00000000000000000
273,4,0.47199999999999998,1.00000000000000000,0.00000000000000000,0.00000000000000000
274,4,0.63100000000000001,0.00000000000000000,0.97530864197530864,0.02469135802469137
275,4,0.48899999999999999,1.00000000000000000,0.00000000000000000,0.00000000000000000
276,4,0.48799999999999999,1.00000000000000000,0.00000000000000000,0.00000000000000000
277,4,0.44500000000000001,1.00000000000000000,0.00000000000000000,0.00000000000000000
278,4,0.41299999999999998,1.00000000000000000,0.00000000000000000,0.00000000000000000
279,4,0.62400000000000000,0.03292181069958849,0.96707818930041156,0.00000000000000000
280,4,0.42799999999999999,1.00000000000000000,0.00000000000000000,0.00000000000000000
281,4,0.60499999999999998,0.18930041152263383,0.81069958847736612,0.00000000000000000
282,4,0.53800000000000003,0.74074074074074014,0.25925925925925986,0.00000000000000000
283,4,0.53200000000000003,0.79012345679012286,0.20987654320987709,0.00000000000000000
284,4,0.87100000000000000,0.00000000000000000,0.00000000000000000,1.00000000000000000
285,4,0.44700000000000001,1.00000000000000000,0.00000000000000000,0.00000000000000000
286,4,0.40500000000000003,1.00000000000000000,0.00000000000000000,0.00000000000000000
287,4,0.43700000000000000,1.00000000000000000,0.00000000000000000,0.00000000000000000
288,4,0.49299999999999999,1.00000000000000000,0.00000000000000000,0.00000000000000000
289,4,0.71299999999999997,0.00000000000000000,0.30041152263374543,0.69958847736625451
290,4,0.46400000000000002,1.00000000000000000,0.00000000000000000,0.00000000000000000
291,4,0.73999999999999999,0.00000000000000000,0.07818930041152312,0.92181069958847683
292,4,0.69299999999999995,0.00000000000000000,0.46502057613168790,0.53497942386831210
293,4,0.67900000000000005,0.00000000000000000,0.58024691358024671,0.41975308641975329
294,4,0.67100000000000004,0.00000000000000000,0.64609053497942370,0.35390946502057630
295,4,0.60499999999999998,0.18930041152263383,0.81069958847736612,0.00000000000000000
296,4,0.44900000000000001,1.00000000000000000,0.00000000000000000,0.00000000000000000
297,4,0.60499999999999998,0.18930041152263383,0.81069958847736612,0.00000000000000000
298,4,0.41099999999999998,1.00000000000000000,0.00000000000000000,0.00000000000000000
299,4,0.43700000000000000,1.00000000000000000,0.00000000000000000,0.00000000000000000
300,4,0.42799999999999999,1.00000000000000000,0.00000000000000000,0.00000000000000000
301,4,0.52000000000000002,0.88888888888888840,0.11111111111111162,0.00000000000000000
302,4,0.53800000000000003,0.74074074074074014,0.25925925925925986,0.00000000000000000
303,4,0.87100000000000000,0.00000000000000000,0.00000000000000000,1.00000000000000000
304,4,0.58499999999999996,0.35390946502057630,0.64609053497942370,0.00000000000000000
305,4,0.43099999999999999,1.00000000000000000,0.00000000000000000,0.00000000000000000
306,4,0.67900000000000005,0.00000000000000000,0.58024691358024671,0.41975308641975329
307,4,0.57499999999999996,0.43621399176954750,0.56378600823045244,0.00000000000000000
308,4,0.51500000000000001,0.93004115226337403,0.06995884773662600,0.00000000000000000
309,4,0.58299999999999996,0.37037037037037052,0.62962962962962943,0.00000000000000000
310,4,0.44700000000000001,1.00000000000000000,0.00000000000000000,0.00000000000000000
311,4,0.40100000000000002,1.00000000000000000,0.00000000000000000,0.00000000000000000
312,4,0.69999999999999996,0.00000000000000000,0.40740740740740805,0.59259259259259200
313,4,0.40100000000000002,1.00000000000000000,0.00000000000000000,0.00000000000000000
314,4,0.44500000000000001,1.00000000000000000,0.00000000000000000,0.00000000000000000
315,4,0.61399999999999999,0.11522633744855973,0.88477366255144030,0.00000000000000000
316,4,0.46899999999999997,1.00000000000000000,0.00000000000000000,0.00000000000000000
317,4,0.58299999999999996,0.37037037037037052,0.62962962962962943,0.00000000000000000
318,4,0.43700000000000000,1.00000000000000000,0.00000000000000000,0.00000000000000000
319,4,0.50400000000000000,1.00000000000000000,0.00000000000000000,0.00000000000000000
320,4,0.87100000000000000,0.00000000000000000,0.00000000000000000,1.00000000000000000
321,4,0.44800000000000001,1.00000000000000000,0.00000000000000000,0.00000000000000000
322,4,0.60499999999999998,0.18930041152263383,0.81069958847736612,0.00000000000000000
323,4,0.43700000000000000,1.00000000000000000,0.00000000000000000,0.00000000000000000
324,4,0.64700000000000002,0.00000000000000000,0.84362139917695467,0.15637860082304533
325,4,0.39200000000000002,1.00000000000000000,0.00000000000000000,0.00000000000000000
326,4,0.43700000000000000,1.00000000000000000,0.00000000000000000,0.00000000000000000
327,4,0.71799999999999997,0.00000000000000000,0.25925925925925986,0.74074074074074014
328,4,0.52000000000000002,0.88888888888888840,0.11111111111111162,0.00000000000000000
329,4,0.42599999999999999,1.00000000000000000,0.00000000000000000,0.00000000000000000
330,4,0.51500000000000001,0.93004115226337403,0.06995884773662600,0.00000000000000000
331,4,0.46899999999999997,1.00000000000000000,0.00000000000000000,0.00000000000000000
332,4,0.67100000000000004,0.00000000000000000,0.64609053497942370,0.35390946502057630
333,4,0.77000000000000002,0.00000000000000000,0.00000000000000000,1.00000000000000000
334,4,0.45300000000000001,1.00000000000000000,0.00000000000000000,0.00000000000000000
335,4,0.45800000000000002,1.00000000000000000,0.00000000000000000,0.00000000000000000
336,4,0.44500000000000001,1.00000000000000000,0.00000000000000000,0.00000000000000000
337,4,0.48899999999999999,1.00000000000000000,0.00000000000000000,0.00000000000000000
338,4,0.69999999999999996,0.00000000000000000,0.40740740740740805,0.59259259259259200
339,4,0.48799999999999999,1.00000000000000000,0.00000000000000000,0.00000000000000000
340,4,0.44290000000000002,1.00000000000000000,0.00000000000000000,0.00000000000000000
341,4,0.50400000000000000,1.00000000000000000,0.00000000000000000,0.00000000000000000
342,4,0.50400000000000000,1.00000000000000000,0.00000000000000000,0.00000000000000000
343,4,0.54400000000000004,0.69135802469135743,0.30864197530864257,0.00000000000000000
344,4,0.44800000000000001,1.00000000000000000,0.00000000000000000,0.00000000000000000
345,4,0.71799999999999997,0.00000000000000000,0.25925925925925986,0.74074074074074014
346,4,0.52000000000000002,0.88888888888888840,0.11111111111111162,0.00000000000000000
347,4,0.43099999999999999,1.00000000000000000,0.00000000000000000,0.00000000000000000
348,4,0.60899999999999999,0.15637860082304533,0.84362139917695467,0.00000000000000000
349,4,0.53800000000000003,0.74074074074074014,0.25925925925925986,0.00000000000000000
350,4,0.69999999999999996,0.00000000000000000,0.40740740740740805,0.59259259259259200
351,4,0.54700000000000004,0.66666666666666607,0.33333333333333393,0.00000000000000000
352,4,0.50700000000000001,0.99588477366255101,0.00411522633744902,0.00000000000000000
353,4,0.48899999999999999,1.00000000000000000,0.00000000000000000,0.00000000000000000
354,4,0.48899999999999999,1.00000000000000000,0.00000000000000000,0.00000000000000000
355,4,0.50400000000000000,1.00000000000000000,0.00000000000000000,0.00000000000000000
356,4,0.44700000000000001,1.00000000000000000,0.00000000000000000,0.00000000000000000
357,4,0.40400000000000003,1.00000000000000000,0.00000000000000000,0.00000000000000000
358,4,0.73999999999999999,0.00000000000000000,0.07818930041152312,0.92181069958847683
359,4,0.60499999999999998,0.18930041152263383,0.81069958847736612,0.00000000000000000
360,4,0.53800000000000003,0.74074074074074014,0.25925925925925986,0.00000000000000000
361,4,0.50400000000000000,1.00000000000000000,0.00000000000000000,0.00000000000000000
362,4,0.43099999999999999,1.00000000000000000,0.00000000000000000,0.00000000000000000
363,4,0.45300000000000001,1.00000000000000000,0.00000000000000000,0.00000000000000000
364,4,0.43099999999999999,1.00000000000000000,0.00000000000000000,0.00000000000000000
365,4,0.69299999999999995,0.00000000000000000,0.46502057613168790,0.53497942386831210
366,4,0.69999999999999996,0.00000000000000000,0.40740740740740805,0.59259259259259200
367,4,0.41610000000000003,1.00000000000000000,0.00000000000000000,0.00000000000000000
368,4,0.69299999999999995,0.00000000000000000,0.46502057613168790,0.53497942386831210
369,4,0.53800000000000003,0.74074074074074014,0.25925925925925986,0.00000000000000000
370,4,0.45300000000000001,1.00000000000000000,0.00000000000000000,0.00000000000000000
371,4,0.87100000000000000,0.00000000000000000,0.00000000000000000,1.00000000000000000
372,4,0.58299999999999996,0.37037037037037052,0.62962962962962943,0.00000000000000000
373,4,0.50400000000000000,1.00000000000000000,0.00000000000000000,0.00000000000000000
374,4,0.64700000000000002,0.00000000000000000,0.84362139917695467,0.15637860082304533
375,4,0.71799999999999997,0.00000000000000000,0.25925925925925986,0.74074074074074014
376,4,0.53800000000000003,0.74074074074074014,0.25925925925925986,0.00000000000000000
377,4,0.43700000000000000,1.00000000000000000,0.00000000000000000,0.00000000000000000
378,4,0.46400000000000002,1.00000000000000000,0.00000000000000000,0.00000000000000000
379,4,0.58099999999999996,0.38683127572016479,0.61316872427983526,0.00000000000000000
380,4,0.53800000000000003,0.74074074074074014,0.25925925925925986,0.00000000000000000
381,4,0.44290000000000002,1.00000000000000000,0.00000000000000000,0.00000000000000000
382,4,0.50700000000000001,0.99588477366255101,0.00411522633744902,0.00000000000000000
383,4,0.71299999999999997,0.00000000000000000,0.30041152263374543,0.69958847736625451
384,4,0.71299999999999997,0.00000000000000000,0.30041152263374543,0.69958847736625451
385,4,0.77000000000000002,0.00000000000000000,0.00000000000000000,1.00000000000000000
386,4,0.51500000000000001,0.93004115226337403,0.06995884773662600,0.00000000000000000
387,4,0.62400000000000000,0.03292181069958849,0.96707818930041156,0.00000000000000000
388,4,0.41299999999999998,1.00000000000000000,0.00000000000000000,0.00000000000000000
389,4,0.58399999999999996,0.36213991769547343,0.63786008230452662,0.00000000000000000
390,4,0.44800000000000001,1.00000000000000000,0.00000000000000000,0.00000000000000000
391,4,0.44200000000000000,1.00000000000000000,0.00000000000000000,0.00000000000000000
392,4,0.46000000000000002,1.00000000000000000,0.00000000000000000,0.00000000000000000
393,4,0.54400000000000004,0.69135802469135743,0.30864197530864257,0.00000000000000000
394,4,0.49900000000000000,1.00000000000000000,0.00000000000000000,0.00000000000000000
395,4,0.58299999999999996,0.37037037037037052,0.62962962962962943,0.00000000000000000
396,4,0.67900000000000005,0.00000000000000000,0.58024691358024671,0.41975308641975329
397,4,0.48399999999999999,1.00000000000000000,0.00000000000000000,0.00000000000000000
398,4,0.65500000000000003,0.00000000000000000,0.77777777777777768,0.22222222222222232
399,4,0.54400000000000004,0.69135802469135743,0.30864197530864257,0.00000000000000000
400,4,0.41299999999999998,1.00000000000000000,0.00000000000000000,0.00000000000000000
401,4,0.52000000000000002,0.88888888888888840,0.11111111111111162,0.00000000000000000
402,4,0.54400000000000004,0.69135802469135743,0.30864197530864257,0.00000000000000000
403,4,0.67900000000000005,0.00000000000000000,0.58024691358024671,0.41975308641975329
404,4,0.43099999999999999,1.00000000000000000,0.00000000000000000,0.00000000000000000
405,4,0.60899999999999999,0.15637860082304533,0.84362139917695467,0.00000000000000000
406,4,0.62400000000000000,0.03292181069958849,0.96707818930041156,0.00000000000000000
407,4,0.43900000000000000,1.00000000000000000,0.00000000000000000,0.00000000000000000
408,4,0.42599999999999999,1.00000000000000000,0.00000000000000000,0.00000000000000000
409,4,0.69299999999999995,0.00000000000000000,0.46502057613168790,0.53497942386831210
410,4,0.87100000000000000,0.00000000000000000,0.00000000000000000,1.00000000000000000
411,4,0.41299999999999998,1.00000000000000000,0.00000000000000000,0.00000000000000000
412,4,0.44800000000000001,1.00000000000000000,0.00000000000000000,0.00000000000000000
413,4,0.43099999999999999,1.00000000000000000,0.00000000000000000,0.00000000000000000
414,4,0.87100000000000000,0.00000000000000000,0.00000000000000000,1.00000000000000000
415,4,0.46400000000000002,1.00000000000000000,0.00000000000000000,0.00000000000000000
416,4,0.71299999999999997,0.00000000000000000,0.30041152263374543,0.69958847736625451
417,4,0.40000000000000002,1.00000000000000000,0.00000000000000000,0.00000000000000000
418,4,0.77000000000000002,0.00000000000000000,0.00000000000000000,1.00000000000000000
419,4,0.87100000000000000,0.00000000000000000,0.00000000000000000,1.00000000000000000
420,4,0.60499999999999998,0.18930041152263383,0.81069958847736612,0.00000000000000000
421,4,0.53200000000000003,0.79012345679012286,0.20987654320987709,0.00000000000000000
422,4,0.53200000000000003,0.79012345679012286,0.20987654320987709,0.00000000000000000
423,4,0.51000000000000001,0.97119341563785966,0.02880658436214039,0.00000000000000000
424,4,0.51000000000000001,0.97119341563785966,0.02880658436214039,0.00000000000000000
425,4,0.51000000000000001,0.97119341563785966,0.02880658436214039,0.00000000000000000
426,4,0.60499999999999998,0.18930041152263383,0.81069958847736612,0.00000000000000000
427,4,0.51000000000000001,0.97119341563785966,0.02880658436214039,0.00000000000000000
428,4,0.53800000000000003,0.74074074074074014,0.25925925925925986,0.00000000000000000
429,4,0.52400000000000002,0.85596707818929985,0.14403292181070010,0.00000000000000000
430,4,0.59699999999999998,0.25514403292181081,0.74485596707818913,0.00000000000000000
431,4,0.53800000000000003,0.74074074074074014,0.25925925925925986,0.00000000000000000
432,4,0.52400000000000002,0.85596707818929985,0.14403292181070010,0.00000000000000000
433,4,0.51500000000000001,0.93004115226337403,0.06995884773662600,0.00000000000000000
434,4,0.52400000000000002,0.85596707818929985,0.14403292181070010,0.00000000000000000
435,4,0.46400000000000002,1.00000000000000000,0.00000000000000000,0.00000000000000000
436,4,0.42799999999999999,1.00000000000000000,0.00000000000000000,0.00000000000000000
437,4,0.57299999999999995,0.45267489711934178,0.54732510288065828,0.00000000000000000
438,4,0.62400000000000000,0.03292181069958849,0.96707818930041156,0.00000000000000000
439,4,0.50700000000000001,0.99588477366255101,0.00411522633744902,0.00000000000000000
440,4,0.44800000000000001,1.00000000000000000,0.00000000000000000,0.00000000000000000
441,4,0.52000000000000002,0.88888888888888840,0.11111111111111162,0.00000000000000000
442,4,0.71299999999999997,0.00000000000000000,0.30041152263374543,0.69958847736625451
443,4,0.69999999999999996,0.00000000000000000,0.40740740740740805,0.59259259259259200
444,4,0.77000000000000002,0.00000000000000000,0.00000000000000000,1.00000000000000000
445,4,0.62400000000000000,0.03292181069958849,0.96707818930041156,0.00000000000000000
446,4,0.53800000000000003,0.74074074074074014,0.25925925925925986,0.00000000000000000
447,4,0.49299999999999999,1.00000000000000000,0.00000000000000000,0.00000000000000000
448,4,0.50700000000000001,0.99588477366255101,0.00411522633744902,0.00000000000000000
449,4,0.67900000000000005,0.00000000000000000,0.58024691358024671,0.41975308641975329
450,4,0.51000000000000001,0.97119341563785966,0.02880658436214039,0.00000000000000000
451,4,0.73999999999999999,0.00000000000000000,0.07818930041152312,0.92181069958847683
452,4,0.43700000000000000,1.00000000000000000,0.00000000000000000,0.00000000000000000
453,4,0.42799999999999999,1.00000000000000000,0.00000000000000000,0.00000000000000000
454,4,0.71299999999999997,0.00000000000000000,0.30041152263374543,0.69958847736625451
455,4,0.71299999999999997,0.00000000000000000,0.30041152263374543,0.69958847736625451
456,4,0.43700000000000000,1.00000000000000000,0.00000000000000000,0.00000000000000000
457,4,0.48799999999999999,1.00000000000000000,0.00000000000000000,0.00000000000000000
458,4,0.48899999999999999,1.00000000000000000,0.00000000000000000,0.00000000000000000
459,4,0.58099999999999996,0.38683127572016479,0.61316872427983526,0.00000000000000000
460,4,0.48799999999999999,1.00000000000000000,0.00000000000000000,0.00000000000000000
461,4,0.52000000000000002,0.88888888888888840,0.11111111111111162,0.00000000000000000
462,4,0.49900000000000000,1.00000000000000000,0.00000000000000000,0.00000000000000000
463,4,0.44700000000000001,1.00000000000000000,0.00000000000000000,0.00000000000000000
464,4,0.67900000000000005,0.00000000000000000,0.58024691358024671,0.41975308641975329
465,4,0.87100000000000000,0.00000000000000000,0.00000000000000000,1.00000000000000000
466,4,0.87100000000000000,0.00000000000000000,0.00000000000000000,1.00000000000000000
467,4,0.71299999999999997,0.00000000000000000,0.30041152263374543,0.69958847736625451
468,4,0.57299999999999995,0.45267489711934178,0.54732510288065828,0.00000000000000000
469,4,0.71299999999999997,0.00000000000000000,0.30041152263374543,0.69958847736625451
470,4,0.69999999999999996,0.00000000000000000,0.40740740740740805,0.59259259259259200
471,4,0.49299999999999999,1.00000000000000000,0.00000000000000000,0.00000000000000000
472,4,0.62400000000000000,0.03292181069958849,0.96707818930041156,0.00000000000000000
473,4,0.67900000000000005,0.00000000000000000,0.58024691358024671,0.41975308641975329
474,4,0.57299999999999995,0.45267489711934178,0.54732510288065828,0.00000000000000000
475,4,0.61399999999999999,0.11522633744855973,0.88477366255144030,0.00000000000000000
476,4,0.69999999999999996,0.00000000000000000,0.40740740740740805,0.59259259259259200
477,4,0.71299999999999997,0.00000000000000000,0.30041152263374543,0.69958847736625451
478,4,0.49299999999999999,1.00000000000000000,0.00000000000000000,0.00000000000000000
479,4,0.42799999999999999,1.00000000000000000,0.00000000000000000,0.00000000000000000
480,4,0.62400000000000000,0.03292181069958849,0.96707818930041156,0.00000000000000000
481,4,0.40300000000000002,1.00000000000000000,0.00000000000000000,0.00000000000000000
482,4,0.40899999999999997,1.00000000000000000,0.00000000000000000,0.00000000000000000
483,4,0.42899999999999999,1.00000000000000000,0.00000000000000000,0.00000000000000000
484,4,0.53800000000000003,0.74074074074074014,0.25925925925925986,0.00000000000000000
485,4,0.42799999999999999,1.00000000000000000,0.00000000000000000,0.00000000000000000
486,4,0.71299999999999997,0.00000000000000000,0.30041152263374543,0.69958847736625451
487,4,0.39800000000000002,1.00000000000000000,0.00000000000000000,0.00000000000000000
488,4,0.41099999999999998,1.00000000000000000,0.00000000000000000,0.00000000000000000
489,4,0.44290000000000002,1.00000000000000000,0.00000000000000000,0.00000000000000000
490,4,0.40899999999999997,1.00000000000000000,0.00000000000000000,0.00000000000000000
491,4,0.64700000000000002,0.00000000000000000,0.84362139917695467,0.15637860082304533
492,4,0.57999999999999996,0.39506172839506193,0.60493827160493807,0.00000000000000000
493,4,0.60499999999999998,0.18930041152263383,0.81069958847736612,0.00000000000000000
494,4,0.61399999999999999,0.11522633744855973,0.88477366255144030,0.00000000000000000
495,4,0.58399999999999996,0.36213991769547343,0.63786008230452662,0.00000000000000000
496,4,0.40400000000000003,1.00000000000000000,0.00000000000000000,0.00000000000000000
497,4,0.67100000000000004,0.00000000000000000,0.64609053497942370,0.35390946502057630
498,4,0.58099999999999996,0.38683127572016479,0.61316872427983526,0.00000000000000000
499,4,0.43900000000000000,1.00000000000000000,0.00000000000000000,0.00000000000000000
500,4,0.64700000000000002,0.00000000000000000,0.84362139917695467,0.15637860082304533
501,4,0.54400000000000004,0.69135802469135743,0.30864197530864257,0.00000000000000000
502,4,0.69299999999999995,0.00000000000000000,0.46502057613168790,0.53497942386831210
503,4,0.48899999999999999,1.00000000000000000,0.00000000000000000,0.00000000000000000
504,4,0.46400000000000002,1.00000000000000000,0.00000000000000000,0.00000000000000000
0,5,6.64900000000000002,0.00000000000000000,0.63326307721785735,0.36673692278214265
1,5,6.62899999999999956,0.00000000000000000,0.64859168423069546,0.35140831576930454
2,5,6.06400000000000006,0.08162483234336053,0.91837516765663951,0.00000000000000000
3,5,6.06500000000000039,0.08085840199271838,0.91914159800728157,0.00000000000000000
4,5,6.21199999999999974,0.00000000000000000,0.96819314044836169,0.03180685955163833
5,5,5.01900000000000013,0.88254454876413113,0.11745545123586891,0.00000000000000000
6,5,6.00900000000000034,0.12377850162866402,0.87622149837133601,0.00000000000000000
7,5,6.31700000000000017,0.00000000000000000,0.88771795363096329,0.11228204636903666
8,5,6.12899999999999956,0.03180685955163833,0.96819314044836169,0.00000000000000000
9,5,6.31899999999999995,0.00000000000000000,0.88618509292967973,0.11381490707032027
10,5,5.89799999999999969,0.20885227054991384,0.79114772945008616,0.00000000000000000
11,5,5.46799999999999997,0.53841732132592446,0.46158267867407549,0.00000000000000000
12,5,6.76199999999999957,0.00000000000000000,0.54665644759532461,0.45334355240467539
13,5,6.35799999999999965,0.00000000000000000,0.85629430925464645,0.14370569074535358
14,5,5.91999999999999993,0.19199080283579217,0.80800919716420783,0.00000000000000000
15,5,6.69599999999999973,0.00000000000000000,0.59724085073768896,0.40275914926231104
16,5,7.24099999999999966,0.00000000000000000,0.17953630963786130,0.82046369036213873
17,5,4.90599999999999969,0.96915117838666454,0.03084882161333548,0.00000000000000000
18,5,5.98299999999999965,0.14370569074535358,0.85629430925464645,0.00000000000000000
19,5,5.74099999999999966,0.32918183560068992,0.67081816439931008,0.00000000000000000
20,5,7.45399999999999974,0.00000000000000000,0.01628664495113956,0.98371335504886048
21,5,7.41199999999999992,0.00000000000000000,0.04847671967809861,0.95152328032190137
22,5,6.18200000000000038,0.00000000000000000,0.99118605096761780,0.00881394903238225
23,5,6.17199999999999971,0.00000000000000000,0.99885035447403714,0.00114964552596287
24,5,6.41600000000000037,0.00000000000000000,0.81184134891741655,0.18815865108258351
25,5,6.20899999999999963,0.00000000000000000,0.97049243150028741,0.02950756849971259
26,5,7.10400000000000009,0.00000000000000000,0.28453726767579929,0.71546273232420066
27,5,6.07200000000000006,0.07549338953822543,0.92450661046177451,0.00000000000000000
28,5,6.21900000000000031,0.00000000000000000,0.96282812799386808,0.03717187200613196
29,5,6.15099999999999980,0.01494539183751666,0.98505460816248336,0.00000000000000000
30,5,6.72599999999999998,0.00000000000000000,0.57424794021843217,0.42575205978156777
31,5,4.62800000000000011,1.00000000000000000,0.00000000000000000,0.00000000000000000
32,5,8.77999999999999936,0.00000000000000000,0.00000000000000000,1.00000000000000000
33,5,5.85700000000000021,0.24027591492623077,0.75972408507376921,0.00000000000000000
34,5,5.68299999999999983,0.37363479593791915,0.62636520406208085,0.00000000000000000
35,5,6.64200000000000035,0.00000000000000000,0.63862808967235030,0.36137191032764965
36,5,5.93299999999999983,0.18202720827744773,0.81797279172255222,0.00000000000000000
37,5,5.95099999999999962,0.16823146196589395,0.83176853803410600,0.00000000000000000
38,5,6.16199999999999992,0.00651465798045582,0.99348534201954419,0.00000000000000000
39,5,6.13999999999999968,0.02337612569457749,0.97662387430542252,0.00000000000000000
40,5,6.39799999999999969,0.00000000000000000,0.82563709522897100,0.17436290477102903
41,5,6.30999999999999961,0.00000000000000000,0.89308296608545701,0.10691703391454303
42,5,6.45399999999999974,0.00000000000000000,0.78271699559302532,0.21728300440697468
43,5,6.78099999999999969,0.00000000000000000,0.53209427093312867,0.46790572906687128
44,5,6.51600000000000001,0.00000000000000000,0.73519831385322820,0.26480168614677180
45,5,5.03599999999999959,0.86951523280321941,0.13048476719678054,0.00000000000000000
46,5,6.24500000000000011,0.00000000000000000,0.94290093887717918,0.05709906112282084
47,5,6.42600000000000016,0.00000000000000000,0.80417704541099777,0.19582295458900220
48,5,5.78599999999999959,0.29469246982180514,0.70530753017819492,0.00000000000000000
49,5,6.48500000000000032,0.00000000000000000,0.75895765472312637,0.24104234527687360
50,5,7.18499999999999961,0.00000000000000000,0.22245640927380692,0.77754359072619306
51,5,6.10299999999999976,0.05173404866832721,0.94826595133167280,0.00000000000000000
52,5,8.33699999999999974,0.00000000000000000,0.00000000000000000,1.00000000000000000
53,5,6.26600000000000001,0.00000000000000000,0.92680590151369968,0.07319409848630037
54,5,5.27700000000000014,0.68480551829852454,0.31519448170147546,0.00000000000000000
55,5,6.09600000000000009,0.05709906112282016,0.94290093887717985,0.00000000000000000
56,5,6.14400000000000013,0.02031040429200961,0.97968959570799041,0.00000000000000000
57,5,6.43100000000000005,0.00000000000000000,0.80034489365778849,0.19965510634221154
58,5,5.86800000000000033,0.23184518106916993,0.76815481893083004,0.00000000000000000
59,5,6.37999999999999989,0.00000000000000000,0.83943284154052478,0.16056715845947525
60,5,5.15500000000000025,0.77831002107683456,0.22168997892316547,0.00000000000000000
61,5,5.53599999999999959,0.48630005748227656,0.51369994251772344,0.00000000000000000
62,5,7.07899999999999974,0.00000000000000000,0.30369802644184674,0.69630197355815326
63,5,7.20300000000000029,0.00000000000000000,0.20866066296225247,0.79133933703774750
64,5,6.62999999999999989,0.00000000000000000,0.64782525388005330,0.35217474611994670
65,5,5.30400000000000027,0.66411189883119359,0.33588810116880646,0.00000000000000000
66,5,6.12100000000000044,0.03793830235677274,0.96206169764322724,0.00000000000000000
67,5,6.16699999999999982,0.00268250622724647,0.99731749377275347,0.00000000000000000
68,5,5.97599999999999998,0.14907070319984653,0.85092929680015350,0.00000000000000000
69,5,5.87199999999999989,0.22877945966660271,0.77122054033339726,0.00000000000000000
70,5,6.21600000000000019,0.00000000000000000,0.96512741904579380,0.03487258095420621
71,5,6.68299999999999983,0.00000000000000000,0.60720444529603346,0.39279555470396660
72,5,6.57500000000000018,0.00000000000000000,0.68997892316535681,0.31002107683464319
73,5,6.45899999999999963,0.00000000000000000,0.77888484383981593,0.22111515616018404
74,5,6.55600000000000005,0.00000000000000000,0.70454109982755275,0.29545890017244725
75,5,6.14200000000000035,0.02184326499329321,0.97815673500670675,0.00000000000000000
76,5,5.09299999999999997,0.82582870281663168,0.17417129718336832,0.00000000000000000
77,5,3.56099999999999994,1.00000000000000000,0.00000000000000000,0.00000000000000000
78,5,6.95099999999999962,0.00000000000000000,0.40180111132400820,0.59819888867599180
79,5,5.83699999999999974,0.25560452193906885,0.74439547806093120,0.00000000000000000
80,5,7.01400000000000023,0.00000000000000000,0.35351599923356891,0.64648400076643109
81,5,6.54000000000000004,0.00000000000000000,0.71680398543782287,0.28319601456217708
82,5,6.37699999999999978,0.00000000000000000,0.84173213259245050,0.15826786740754950
83,5,6.85200000000000031,0.00000000000000000,0.47767771603755432,0.52232228396244562
84,5,7.00699999999999967,0.00000000000000000,0.35888101168806252,0.64111898831193748
85,5,6.08300000000000018,0.06706265568116460,0.93293734431883535,0.00000000000000000
86,5,5.60799999999999965,0.43111707223606072,0.56888292776393923,0.00000000000000000
87,5,6.95099999999999962,0.00000000000000000,0.40180111132400820,0.59819888867599180
88,5,6.16199999999999992,0.00651465798045582,0.99348534201954419,0.00000000000000000
89,5,6.20899999999999963,0.00000000000000000,0.97049243150028741,0.02950756849971259
90,5,5.78300000000000036,0.29699176087373019,0.70300823912626986,0.00000000000000000
91,5,6.47100000000000009,0.00000000000000000,0.76968767963211304,0.23031232036788701
92,5,6.02700000000000014,0.10998275531711024,0.89001724468288979,0.00000000000000000
93,5,6.53800000000000026,0.00000000000000000,0.71833684613910653,0.28166315386089347
94,5,7.24899999999999967,0.00000000000000000,0.17340486683272618,0.82659513316727384
95,5,6.67400000000000038,0.00000000000000000,0.61410231845180996,0.38589768154819004
96,5,6.00399999999999956,0.12761065338187405,0.87238934661812595,0.00000000000000000
97,5,6.87100000000000044,0.00000000000000000,0.46311553937535843,0.53688446062464157
98,5,5.40299999999999958,0.58823529411764741,0.41176470588235264,0.00000000000000000
99,5,6.15299999999999958,0.01341253113623306,0.98658746886376691,0.00000000000000000
100,5,6.37300000000000022,0.00000000000000000,0.84479785399501772,0.15520214600498231
101,5,6.02299999999999969,0.11304847671967812,0.88695152328032190,0.00000000000000000
102,5,6.61899999999999977,0.00000000000000000,0.65625598773711413,0.34374401226288587
103,5,5.45600000000000041,0.54761448553362679,0.45238551446637321,0.00000000000000000
104,5,6.38300000000000001,0.00000000000000000,0.83713355048859905,0.16286644951140100
105,5,7.68599999999999994,0.00000000000000000,0.00000000000000000,1.00000000000000000
106,5,6.65500000000000025,0.00000000000000000,0.62866449511400591,0.37133550488599409
107,5,5.98500000000000032,0.14217283004406930,0.85782716995593067,0.00000000000000000
108,5,6.00600000000000023,0.12607779268058977,0.87392220731941028,0.00000000000000000
109,5,6.03099999999999969,0.10691703391454303,0.89308296608545701,0.00000000000000000
110,5,6.38199999999999967,0.00000000000000000,0.83789998083924111,0.16210001916075886
111,5,6.75000000000000000,0.00000000000000000,0.55585361180302695,0.44414638819697305
112,5,6.76999999999999957,0.00000000000000000,0.54052500479018950,0.45947499520981044
113,5,5.78200000000000003,0.29775819122437230,0.70224180877562770,0.00000000000000000
114,5,6.09199999999999964,0.06016478252538805,0.93983521747461196,0.00000000000000000
115,5,6.40599999999999969,0.00000000000000000,0.81950565242383588,0.18049434757616414
116,5,7.04100000000000037,0.00000000000000000,0.33282237976623791,0.66717762023376215
117,5,5.34900000000000020,0.62962253305230875,0.37037746694769125,0.00000000000000000
118,5,6.09600000000000009,0.05709906112282016,0.94290093887717985,0.00000000000000000
119,5,6.96799999999999997,0.00000000000000000,0.38877179536309586,0.61122820463690419
120,5,6.65700000000000003,0.00000000000000000,0.62713163441272224,0.37286836558727771
121,5,6.93900000000000006,0.00000000000000000,0.41099827553171048,0.58900172446828947
122,5,6.84199999999999964,0.00000000000000000,0.48534201954397371,0.51465798045602629
123,5,5.55999999999999961,0.46790572906687128,0.53209427093312867,0.00000000000000000
124,5,5.73099999999999987,0.33684613910710864,0.66315386089289141,0.00000000000000000
125,5,5.88900000000000023,0.21575014370569040,0.78424985629430966,0.00000000000000000
126,5,5.96799999999999997,0.15520214600498161,0.84479785399501839,0.00000000000000000
127,5,6.06599999999999984,0.08009197164207692,0.91990802835792307,0.00000000000000000
128,5,5.98700000000000010,0.14063996934278569,0.85936003065721434,0.00000000000000000
129,5,6.59499999999999975,0.00000000000000000,0.67465031615251947,0.32534968384748059
130,5,7.61000000000000032,0.00000000000000000,0.00000000000000000,1.00000000000000000
131,5,6.83300000000000018,0.00000000000000000,0.49223989269975027,0.50776010730024967
132,5,5.75900000000000034,0.31538608928913547,0.68461391071086453,0.00000000000000000
133,5,6.10799999999999965,0.04790189691511786,0.95209810308488219,0.00000000000000000
134,5,6.08600000000000030,0.06476336462923885,0.93523663537076118,0.00000000000000000
135,5,6.37500000000000000,0.00000000000000000,0.84326499329373406,0.15673500670626592
136,5,6.67799999999999994,0.00000000000000000,0.61103659704924274,0.38896340295075726
137,5,6.34799999999999986,0.00000000000000000,0.86395861276106511,0.13604138723893489
138,5,6.25100000000000033,0.00000000000000000,0.93830235677332763,0.06169764322667233
139,5,5.56899999999999995,0.46100785591109406,0.53899214408890594,0.00000000000000000
140,5,6.01900000000000013,0.11611419812224533,0.88388580187775467,0.00000000000000000
141,5,5.96600000000000019,0.15673500670626522,0.84326499329373472,0.00000000000000000
142,5,8.03400000000000070,0.00000000000000000,0.00000000000000000,1.00000000000000000
143,5,6.54900000000000038,0.00000000000000000,0.70990611228204570,0.29009388771795430
144,5,4.97299999999999986,0.91780034489365803,0.08219965510634196,0.00000000000000000
145,5,6.63100000000000023,0.00000000000000000,0.64705882352941113,0.35294117647058881
146,5,5.94899999999999984,0.16976432266717756,0.83023567733282244,0.00000000000000000
147,5,6.34100000000000019,0.00000000000000000,0.86932362521555806,0.13067637478444194
148,5,6.25399999999999956,0.00000000000000000,0.93600306572140257,0.06399693427859739
149,5,5.96300000000000008,0.15903429775819097,0.84096570224180900,0.00000000000000000
150,5,6.46100000000000030,0.00000000000000000,0.77735198313853171,0.22264801686146832
151,5,6.03000000000000025,0.10768346426518449,0.89231653573481551,0.00000000000000000
152,5,6.11300000000000043,0.04406974516190783,0.95593025483809213,0.00000000000000000
153,5,6.40500000000000025,0.00000000000000000,0.82027208277447738,0.17972791722552267
154,5,6.84900000000000020,0.00000000000000000,0.47997700708948010,0.52002299291051990
155,5,6.12699999999999978,0.03333972025292193,0.96666027974707802,0.00000000000000000
156,5,5.88799999999999990,0.21651657405633254,0.78348342594366749,0.00000000000000000
157,5,5.79399999999999959,0.28856102701667002,0.71143897298332992,0.00000000000000000
158,5,6.37600000000000033,0.00000000000000000,0.84249856294309200,0.15750143705690806
159,5,6.43299999999999983,0.00000000000000000,0.79881203295650482,0.20118796704349515
160,5,6.25100000000000033,0.00000000000000000,0.93830235677332763,0.06169764322667233
161,5,7.14700000000000024,0.00000000000000000,0.25158076259819812,0.74841923740180194
162,5,5.45300000000000029,0.54991377658555252,0.45008622341444743,0.00000000000000000
163,5,7.41600000000000037,0.00000000000000000,0.04541099827553073,0.95458900172446925
164,5,5.91300000000000026,0.19735581529028512,0.80264418470971488,0.00000000000000000
165,5,6.45300000000000029,0.00000000000000000,0.78348342594366682,0.21651657405633321
166,5,6.61800000000000033,0.00000000000000000,0.65702241808775563,0.34297758191224442
167,5,6.06899999999999995,0.07779268059015118,0.92220731940984879,0.00000000000000000
168,5,5.88400000000000034,0.21958229545889973,0.78041770454110027,0.00000000000000000
169,5,6.17400000000000038,0.00000000000000000,0.99731749377275281,0.00268250622724716
170,5,6.29000000000000004,0.00000000000000000,0.90841157309829434,0.09158842690170564
171,5,5.87800000000000011,0.22418087756275124,0.77581912243724882,0.00000000000000000
172,5,6.61599999999999966,0.00000000000000000,0.65855527878903986,0.34144472121096009
173,5,6.01499999999999968,0.11917991952481322,0.88082008047518678,0.00000000000000000
174,5,7.13499999999999979,0.00000000000000000,0.26077792680590106,0.73922207319409894
175,5,5.85400000000000009,0.24257520597815652,0.75742479402184348,0.00000000000000000
176,5,6.28599999999999959,0.00000000000000000,0.91147729450086223,0.08852270549913775
177,5,5.69299999999999962,0.36597049243150048,0.63402950756849952,0.00000000000000000
178,5,6.57899999999999974,0.00000000000000000,0.68691320176278958,0.31308679823721042
179,5,5.66999999999999993,0.38359839049626360,0.61640160950373635,0.00000000000000000
180,5,6.19500000000000028,0.00000000000000000,0.98122245640927330,0.01877754359072669
181,5,5.70600000000000041,0.35600689787315537,0.64399310212684469,0.00000000000000000
182,5,5.70899999999999963,0.35370760682123031,0.64629239317876974,0.00000000000000000
183,5,6.70099999999999962,0.00000000000000000,0.59340869898447968,0.40659130101552038
184,5,7.06099999999999994,0.00000000000000000,0.31749377275340052,0.68250622724659948
185,5,6.62500000000000000,0.00000000000000000,0.65165740563326269,0.34834259436673737
186,5,5.56500000000000039,0.46407357731366128,0.53592642268633872,0.00000000000000000
187,5,5.87600000000000033,0.22571373826403485,0.77428626173596515,0.00000000000000000
188,5,5.83600000000000030,0.25637095228971030,0.74362904771028970,0.00000000000000000
189,5,5.83399999999999963,0.25790381299099457,0.74209618700900537,0.00000000000000000
190,5,4.13799999999999990,1.00000000000000000,0.00000000000000000,0.00000000000000000
191,5,8.70400000000000063,0.00000000000000000,0.00000000000000000,1.00000000000000000
192,5,5.96100000000000030,0.16056715845947458,0.83943284154052544,0.00000000000000000
193,5,6.58999999999999986,0.00000000000000000,0.67848246790572875,0.32151753209427125
194,5,6.81599999999999984,0.00000000000000000,0.50526920866066261,0.49473079133933739
195,5,5.53099999999999969,0.49013220923548589,0.50986779076451405,0.00000000000000000
196,5,6.49500000000000011,0.00000000000000000,0.75129335121670771,0.24870664878329227
197,5,5.42699999999999960,0.56984096570224207,0.43015903429775787,0.00000000000000000
198,5,7.46999999999999975,0.00000000000000000,0.00402375934086937,0.99597624065913060
199,5,6.96799999999999997,0.00000000000000000,0.38877179536309586,0.61122820463690419
200,5,6.10099999999999998,0.05326690936961081,0.94673309063038924,0.00000000000000000
201,5,6.85400000000000009,0.00000000000000000,0.47614485533627077,0.52385514466372929
202,5,3.86299999999999999,1.00000000000000000,0.00000000000000000,0.00000000000000000
203,5,5.70699999999999985,0.35524046752251393,0.64475953247748607,0.00000000000000000
204,5,4.51900000000000013,1.00000000000000000,0.00000000000000000,0.00000000000000000
205,5,4.36800000000000033,1.00000000000000000,0.00000000000000000,0.00000000000000000
206,5,7.87500000000000000,0.00000000000000000,0.00000000000000000,1.00000000000000000
207,5,5.89100000000000001,0.21421728300440679,0.78578271699559321,0.00000000000000000
208,5,5.38999999999999968,0.59819888867599180,0.40180111132400820,0.00000000000000000
209,5,6.22299999999999986,0.00000000000000000,0.95976240659130085,0.04023759340869917
210,5,4.13799999999999990,1.00000000000000000,0.00000000000000000,0.00000000000000000
211,5,6.02099999999999991,0.11458133742096173,0.88541866257903823,0.00000000000000000
212,5,7.20600000000000041,0.00000000000000000,0.20636137191032672,0.79363862808967334
213,5,5.81799999999999962,0.27016669860126474,0.72983330139873526,0.00000000000000000
214,5,7.08800000000000008,0.00000000000000000,0.29680015328606946,0.70319984671393054
215,5,5.30400000000000027,0.66411189883119359,0.33588810116880646,0.00000000000000000
216,5,5.88799999999999990,0.21651657405633254,0.78348342594366749,0.00000000000000000
217,5,6.48700000000000010,0.00000000000000000,0.75742479402184282,0.24257520597815718
218,5,6.99800000000000022,0.00000000000000000,0.36577888484383908,0.63422111515616086
219,5,6.45600000000000041,0.00000000000000000,0.78118413489174099,0.21881586510825896
220,5,7.76499999999999968,0.00000000000000000,0.00000000000000000,1.00000000000000000
221,5,5.92600000000000016,0.18739222073194067,0.81260777926805927,0.00000000000000000
222,5,5.71300000000000008,0.35064188541866242,0.64935811458133763,0.00000000000000000
223,5,5.88699999999999957,0.21728300440697468,0.78271699559302532,0.00000000000000000
224,5,6.51299999999999990,0.00000000000000000,0.73749760490515393,0.26250239509484607
225,5,7.15500000000000025,0.00000000000000000,0.24544931979306300,0.75455068020693694
226,5,7.01600000000000001,0.00000000000000000,0.35198313853228530,0.64801686146771464
227,5,6.56500000000000039,0.00000000000000000,0.69764322667177547,0.30235677332822453
228,5,6.72799999999999976,0.00000000000000000,0.57271507951714862,0.42728492048285138
229,5,5.75699999999999967,0.31691894999041975,0.68308105000958030,0.00000000000000000
230,5,5.87899999999999956,0.22341444721210976,0.77658555278789021,0.00000000000000000
231,5,5.93499999999999961,0.18049434757616414,0.81950565242383588,0.00000000000000000
232,5,5.98299999999999965,0.14370569074535358,0.85629430925464645,0.00000000000000000
233,5,6.49500000000000011,0.00000000000000000,0.75129335121670771,0.24870664878329227
234,5,6.43700000000000028,0.00000000000000000,0.79574631155393694,0.20425368844606304
235,5,6.32599999999999962,0.00000000000000000,0.88082008047518678,0.11917991952481322
236,5,7.23599999999999977,0.00000000000000000,0.18336846139107063,0.81663153860892934
237,5,6.12699999999999978,0.03333972025292193,0.96666027974707802,0.00000000000000000
238,5,5.87399999999999967,0.22724659896531912,0.77275340103468093,0.00000000000000000
239,5,6.63499999999999979,0.00000000000000000,0.64399310212684391,0.35600689787315604
240,5,6.63499999999999979,0.00000000000000000,0.64399310212684391,0.35600689787315604
241,5,5.99800000000000022,0.13220923548572486,0.86779076451427517,0.00000000000000000
242,5,5.87500000000000000,0.22648016861467699,0.77351983138532299,0.00000000000000000
243,5,4.92600000000000016,0.95382257137382642,0.04617742862617355,0.00000000000000000
244,5,7.92300000000000004,0.00000000000000000,0.00000000000000000,1.00000000000000000
245,5,5.70099999999999962,0.35983904962636537,0.64016095037363463,0.00000000000000000
246,5,6.31500000000000039,0.00000000000000000,0.88925081433224695,0.11074918566775306
247,5,6.44200000000000017,0.00000000000000000,0.79191415980072766,0.20808584019927237
248,5,6.31200000000000028,0.00000000000000000,0.89155010538417268,0.10844989461582731
249,5,6.71499999999999986,0.00000000000000000,0.58267867407549301,0.41732132592450694
250,5,6.12699999999999978,0.03333972025292193,0.96666027974707802,0.00000000000000000
251,5,6.40500000000000025,0.00000000000000000,0.82027208277447738,0.17972791722552267
252,5,5.40399999999999991,0.58746886376700524,0.41253113623299476,0.00000000000000000
253,5,7.83100000000000041,0.00000000000000000,0.00000000000000000,1.00000000000000000
254,5,6.43799999999999972,0.00000000000000000,0.79497988120329555,0.20502011879670451
255,5,6.03699999999999992,0.10231845181069155,0.89768154818930845,0.00000000000000000
256,5,5.87999999999999989,0.22264801686146762,0.77735198313853238,0.00000000000000000
257,5,5.93499999999999961,0.18049434757616414,0.81950565242383588,0.00000000000000000
258,5,5.64799999999999969,0.40045985821038527,0.59954014178961468,0.00000000000000000
259,5,5.87500000000000000,0.22648016861467699,0.77351983138532299,0.00000000000000000
260,5,5.40399999999999991,0.58746886376700524,0.41253113623299476,0.00000000000000000
261,5,6.72799999999999976,0.00000000000000000,0.57271507951714862,0.42728492048285138
262,5,6.59299999999999997,0.00000000000000000,0.67618317685380303,0.32381682314619697
263,5,5.61300000000000043,0.42728492048285072,0.57271507951714928,0.00000000000000000
264,5,5.82200000000000006,0.26710097719869685,0.73289902280130315,0.00000000000000000
265,5,6.98200000000000021,0.00000000000000000,0.37804177045410925,0.62195822954589075
266,5,7.27400000000000002,0.00000000000000000,0.15424410806667876,0.84575589193332124
267,5,5.27200000000000024,0.68863767005173393,0.31136232994826607,0.00000000000000000
268,5,6.38900000000000023,0.00000000000000000,0.83253496838474750,0.16746503161525247
269,5,6.17600000000000016,0.00000000000000000,0.99578463307146925,0.00421536692853076
270,5,6.23000000000000043,0.00000000000000000,0.95439739413680724,0.04560260586319280
271,5,6.48399999999999999,0.00000000000000000,0.75972408507376854,0.24027591492623143
272,5,5.75699999999999967,0.31691894999041975,0.68308105000958030,0.00000000000000000
273,5,7.41999999999999993,0.00000000000000000,0.04234527687296352,0.95765472312703648
274,5,4.96999999999999975,0.92009963594558375,0.07990036405441621,0.00000000000000000
275,5,6.40500000000000025,0.00000000000000000,0.82027208277447738,0.17972791722552267
276,5,6.98000000000000043,0.00000000000000000,0.37957463115539286,0.62042536884460708
277,5,8.06900000000000084,0.00000000000000000,0.00000000000000000,1.00000000000000000
278,5,6.41699999999999982,0.00000000000000000,0.81107491856677505,0.18892508143322498
279,5,6.43100000000000005,0.00000000000000000,0.80034489365778849,0.19965510634221154
280,5,6.09499999999999975,0.05786549147346230,0.94213450852653768,0.00000000000000000
281,5,7.48899999999999988,0.00000000000000000,0.00000000000000000,1.00000000000000000
282,5,5.99000000000000021,0.13834067829085994,0.86165932170914006,0.00000000000000000
283,5,6.24199999999999999,0.00000000000000000,0.94520022992910491,0.05479977007089509
284,5,5.59700000000000042,0.43954780609312089,0.56045219390687906,0.00000000000000000
285,5,6.82599999999999962,0.00000000000000000,0.49760490515424388,0.50239509484575606
286,5,6.31500000000000039,0.00000000000000000,0.88925081433224695,0.11074918566775306
287,5,6.27899999999999991,0.00000000000000000,0.91684230695535518,0.08315769304464481
288,5,6.04100000000000037,0.09925273040812366,0.90074726959187634,0.00000000000000000
289,5,6.20800000000000018,0.00000000000000000,0.97125886185092891,0.02874113814907112
290,5,6.24899999999999967,0.00000000000000000,0.93983521747461196,0.06016478252538805
291,5,5.62699999999999978,0.41655489557386483,0.58344510442613517,0.00000000000000000
292,5,5.85200000000000031,0.24410806667944010,0.75589193332055993,0.00000000000000000
293,5,6.20199999999999996,0.00000000000000000,0.97585744395478036,0.02414255604521964
294,5,6.54499999999999993,0.00000000000000000,0.71297183368461359,0.28702816631538641
295,5,6.94299999999999962,0.00000000000000000,0.40793255412914325,0.59206744587085669
296,5,6.62999999999999989,0.00000000000000000,0.64782525388005330,0.35217474611994670
297,5,6.25000000000000000,0.00000000000000000,0.93906878712396979,0.06093121287603018
298,5,6.86099999999999977,0.00000000000000000,0.47077984288177777,0.52922015711822223
299,5,6.27299999999999969,0.00000000000000000,0.92144088905920674,0.07855911094079332
300,5,6.48099999999999987,0.00000000000000000,0.76202337612569426,0.23797662387430571
301,5,6.13699999999999957,0.02567541674650324,0.97432458325349680,0.00000000000000000
302,5,6.04699999999999971,0.09465414830427285,0.90534585169572712,0.00000000000000000
303,5,6.50999999999999979,0.00000000000000000,0.73979689595707965,0.26020310404292030
304,5,5.92600000000000016,0.18739222073194067,0.81260777926805927,0.00000000000000000
305,5,6.95699999999999985,0.00000000000000000,0.39720252922015670,0.60279747077984336
306,5,6.19299999999999962,0.00000000000000000,0.98275531711055764,0.01724468288944240
307,5,8.29700000000000060,0.00000000000000000,0.00000000000000000,1.00000000000000000
308,5,6.31599999999999984,0.00000000000000000,0.88848438398160545,0.11151561601839452
309,5,5.87100000000000044,0.22954589001724418,0.77045410998275576,0.00000000000000000
310,5,6.48200000000000021,0.00000000000000000,0.76125694577505221,0.23874305422494785
311,5,6.79999999999999982,0.00000000000000000,0.51753209427093283,0.48246790572906723
312,5,5.00000000000000000,0.89710672542632697,0.10289327457367298,0.00000000000000000
313,5,6.60400000000000009,0.00000000000000000,0.66775244299674219,0.33224755700325781
314,5,7.82000000000000028,0.00000000000000000,0.00000000000000000,1.00000000000000000
315,5,6.22900000000000009,0.00000000000000000,0.95516382448744930,0.04483617551255065
316,5,7.18499999999999961,0.00000000000000000,0.22245640927380692,0.77754359072619306
317,5,6.11399999999999988,0.04330331481126637,0.95669668518873363,0.00000000000000000
318,5,7.17799999999999994,0.00000000000000000,0.22782142172829986,0.77217857827170011
319,5,7.16300000000000026,0.00000000000000000,0.23931787698792792,0.76068212301207205
320,5,6.12199999999999989,0.03717187200613128,0.96282812799386874,0.00000000000000000
321,5,5.39900000000000002,0.59130101552021463,0.40869898447978542,0.00000000000000000
322,5,7.80199999999999960,0.00000000000000000,0.00000000000000000,1.00000000000000000
323,5,6.23200000000000021,0.00000000000000000,0.95286453343552358,0.04713546656447640
324,5,8.39799999999999969,0.00000000000000000,0.00000000000000000,1.00000000000000000
325,5,6.10799999999999965,0.04790189691511786,0.95209810308488219,0.00000000000000000
326,5,6.00900000000000034,0.12377850162866402,0.87622149837133601,0.00000000000000000
327,5,4.96300000000000008,0.92546464840007669,0.07453535159992326,0.00000000000000000
328,5,5.85099999999999998,0.24487449703008224,0.75512550296991776,0.00000000000000000
329,5,6.72700000000000031,0.00000000000000000,0.57348150986779012,0.42651849013220994
330,5,5.86899999999999977,0.23107875071852846,0.76892124928147154,0.00000000000000000
331,5,6.42100000000000026,0.00000000000000000,0.80800919716420716,0.19199080283579284
332,5,7.31299999999999972,0.00000000000000000,0.12435332439164545,0.87564667560835452
333,5,5.80299999999999994,0.28166315386089280,0.71833684613910720,0.00000000000000000
334,5,6.14499999999999957,0.01954397394136815,0.98045602605863180,0.00000000000000000
335,5,6.42999999999999972,0.00000000000000000,0.80111132400843055,0.19888867599156940
336,5,6.16300000000000026,0.00574822762981368,0.99425177237018636,0.00000000000000000
337,5,5.34400000000000031,0.63345468480551803,0.36654531519448191,0.00000000000000000
338,5,5.71300000000000008,0.35064188541866242,0.64935811458133763,0.00000000000000000
339,5,6.56299999999999972,0.00000000000000000,0.69917608737305981,0.30082391262694019
340,5,7.82000000000000028,0.00000000000000000,0.00000000000000000,1.00000000000000000
341,5,6.55199999999999960,0.00000000000000000,0.70760682123012064,0.29239317876987936
342,5,8.26600000000000001,0.00000000000000000,0.00000000000000000,1.00000000000000000
343,5,5.70500000000000007,0.35677332822379748,0.64322667177620252,0.00000000000000000
344,5,5.60200000000000031,0.43571565433991155,0.56428434566008845,0.00000000000000000
345,5,6.41099999999999959,0.00000000000000000,0.81567350067062649,0.18432649932937348
346,5,6.22900000000000009,0.00000000000000000,0.95516382448744930,0.04483617551255065
347,5,6.22599999999999998,0.00000000000000000,0.95746311553937513,0.04253688446062491
348,5,5.41399999999999970,0.57980456026058658,0.42019543973941348,0.00000000000000000
349,5,5.81299999999999972,0.27399885035447413,0.72600114964552587,0.00000000000000000
350,5,5.51999999999999957,0.49856294309254673,0.50143705690745322,0.00000000000000000
351,5,5.92799999999999994,0.18585936003065709,0.81414063996934294,0.00000000000000000
352,5,7.35799999999999965,0.00000000000000000,0.08986395861276066,0.91013604138723936
353,5,6.41699999999999982,0.00000000000000000,0.81107491856677505,0.18892508143322498
354,5,5.95999999999999996,0.16133358881011672,0.83866641118988328,0.00000000000000000
355,5,8.03999999999999915,0.00000000000000000,0.00000000000000000,1.00000000000000000
356,5,7.26700000000000035,0.00000000000000000,0.15960912052117174,0.84039087947882829
357,5,7.28699999999999992,0.00000000000000000,0.14428051350833435,0.85571948649166563
358,5,6.15200000000000014,0.01417896148687452,0.98582103851312552,0.00000000000000000
359,5,5.87699999999999978,0.22494730791339337,0.77505269208660665,0.00000000000000000
360,5,5.57000000000000028,0.46024142556045194,0.53975857443954811,0.00000000000000000
361,5,8.72499999999999964,0.00000000000000000,0.00000000000000000,1.00000000000000000
362,5,5.59299999999999997,0.44261352749568877,0.55738647250431117,0.00000000000000000
363,5,5.96600000000000019,0.15673500670626522,0.84326499329373472,0.00000000000000000
364,5,6.71799999999999997,0.00000000000000000,0.58037938302356729,0.41962061697643271
365,5,6.19299999999999962,0.00000000000000000,0.98275531711055764,0.01724468288944240
366,5,6.05100000000000016,0.09158842690170496,0.90841157309829501,0.00000000000000000
367,5,7.85299999999999976,0.00000000000000000,0.00000000000000000,1.00000000000000000
368,5,5.74699999999999989,0.32458325349683842,0.67541674650316152,0.00000000000000000
369,5,5.59900000000000020,0.43801494539183727,0.56198505460816273,0.00000000000000000
370,5,5.92699999999999960,0.18662579038129923,0.81337420961870077,0.00000000000000000
371,5,5.18599999999999994,0.75455068020693628,0.24544931979306370,0.00000000000000000
372,5,6.31200000000000028,0.00000000000000000,0.89155010538417268,0.10844989461582731
373,5,5.98099999999999987,0.14523855144663719,0.85476144855336278,0.00000000000000000
374,5,7.32699999999999996,0.00000000000000000,0.11362329948265888,0.88637670051734108
375,5,6.82399999999999984,0.00000000000000000,0.49913776585552749,0.50086223414447251
376,5,5.81299999999999972,0.27399885035447413,0.72600114964552587,0.00000000000000000
377,5,5.79000000000000004,0.29162674841923725,0.70837325158076281,0.00000000000000000
378,5,5.85599999999999987,0.24104234527687290,0.75895765472312715,0.00000000000000000
379,5,5.85599999999999987,0.24104234527687290,0.75895765472312715,0.00000000000000000
380,5,5.96499999999999986,0.15750143705690736,0.84249856294309267,0.00000000000000000
381,5,7.64499999999999957,0.00000000000000000,0.00000000000000000,1.00000000000000000
382,5,6.16399999999999970,0.00498179727917222,0.99501820272082775,0.00000000000000000
383,5,6.52500000000000036,0.00000000000000000,0.72830044069745092,0.27169955930254902
384,5,6.29699999999999971,0.00000000000000000,0.90304656064380140,0.09695343935619859
385,5,5.36200000000000010,0.61965893849396425,0.38034106150603569,0.00000000000000000
386,5,5.89499999999999957,0.21115156160183959,0.78884843839816043,0.00000000000000000
387,5,6.37199999999999989,0.00000000000000000,0.84556428434565989,0.15443571565434017
388,5,5.93599999999999994,0.17972791722552198,0.82027208277447805,0.00000000000000000
389,5,6.00300000000000011,0.12837708373251552,0.87162291626748445,0.00000000000000000
390,5,6.16899999999999959,0.00114964552596287,0.99885035447403714,0.00000000000000000
391,5,6.01400000000000023,0.11994634987545467,0.88005365012454528,0.00000000000000000
392,5,6.33300000000000018,0.00000000000000000,0.87545506802069317,0.12454493197930684
393,5,5.97200000000000042,0.15213642460241375,0.84786357539758628,0.00000000000000000
394,5,5.84100000000000019,0.25253880053650096,0.74746119946349909,0.00000000000000000
395,5,5.90500000000000025,0.20348725809542020,0.79651274190457977,0.00000000000000000
396,5,6.37999999999999989,0.00000000000000000,0.83943284154052478,0.16056715845947525
397,5,6.87399999999999967,0.00000000000000000,0.46081624832343338,0.53918375167656662
398,5,5.95199999999999996,0.16746503161525181,0.83253496838474816,0.00000000000000000
399,5,6.56700000000000017,0.00000000000000000,0.69611036597049192,0.30388963402950808
400,5,5.96100000000000030,0.16056715845947458,0.83943284154052544,0.00000000000000000
401,5,6.72700000000000031,0.00000000000000000,0.57348150986779012,0.42651849013220994
402,5,6.12199999999999989,0.03717187200613128,0.96282812799386874,0.00000000000000000
403,5,6.43400000000000016,0.00000000000000000,0.79804560260586266,0.20195439739413729
404,5,5.60500000000000043,0.43341636328798583,0.56658363671201417,0.00000000000000000
405,5,5.45399999999999974,0.54914734623491113,0.45085265376508893,0.00000000000000000
406,5,6.45800000000000018,0.00000000000000000,0.77965127419045743,0.22034872580954257
407,5,6.11500000000000021,0.04253688446062423,0.95746311553937580,0.00000000000000000
408,5,6.30199999999999960,0.00000000000000000,0.89921440889059201,0.10078559110940793
409,5,6.34299999999999997,0.00000000000000000,0.86779076451427450,0.13220923548572555
410,5,5.01199999999999957,0.88790956121862474,0.11209043878137527,0.00000000000000000
411,5,5.66300000000000026,0.38896340295075654,0.61103659704924340,0.00000000000000000
412,5,5.68200000000000038,0.37440122628856065,0.62559877371143935,0.00000000000000000
413,5,8.25900000000000034,0.00000000000000000,0.00000000000000000,1.00000000000000000
414,5,6.15200000000000014,0.01417896148687452,0.98582103851312552,0.00000000000000000
415,5,7.69099999999999984,0.00000000000000000,0.00000000000000000,1.00000000000000000
416,5,7.39299999999999979,0.00000000000000000,0.06303889634029454,0.93696110365970542
417,5,6.34499999999999975,0.00000000000000000,0.86625790381299084,0.13374209618700914
418,5,6.39499999999999957,0.00000000000000000,0.82793638628089672,0.17206361371910328
419,5,4.90299999999999958,0.97145046943859026,0.02854953056140974,0.00000000000000000
420,5,7.92900000000000027,0.00000000000000000,0.00000000000000000,1.00000000000000000
421,5,6.22900000000000009,0.00000000000000000,0.95516382448744930,0.04483617551255065
422,5,5.76199999999999957,0.31308679823721042,0.68691320176278958,0.00000000000000000
423,5,5.85899999999999999,0.23874305422494715,0.76125694577505287,0.00000000000000000
424,5,6.01999999999999957,0.11534776777160387,0.88465223222839617,0.00000000000000000
425,5,6.54600000000000026,0.00000000000000000,0.71220540333397142,0.28779459666602858
426,5,6.40200000000000014,0.00000000000000000,0.82257137382640311,0.17742862617359692
427,5,6.86000000000000032,0.00000000000000000,0.47154627323241927,0.52845372676758073
428,5,5.71300000000000008,0.35064188541866242,0.64935811458133763,0.00000000000000000
429,5,5.63100000000000023,0.41348917417129694,0.58651082582870306,0.00000000000000000
430,5,5.61699999999999999,0.42421919908028349,0.57578080091971651,0.00000000000000000
431,5,5.95000000000000018,0.16899789231653542,0.83100210768346461,0.00000000000000000
432,5,6.00399999999999956,0.12761065338187405,0.87238934661812595,0.00000000000000000
433,5,6.05900000000000016,0.08545698409656988,0.91454301590343012,0.00000000000000000
434,5,6.01199999999999957,0.12147921057673895,0.87852078942326106,0.00000000000000000
435,5,6.24000000000000021,0.00000000000000000,0.94673309063038846,0.05326690936961149
436,5,6.39299999999999979,0.00000000000000000,0.82946924698218027,0.17053075301781970
437,5,6.79399999999999959,0.00000000000000000,0.52213067637478427,0.47786932362521573
438,5,6.33499999999999996,0.00000000000000000,0.87392220731940951,0.12607779268059044
439,5,8.24699999999999989,0.00000000000000000,0.00000000000000000,1.00000000000000000
440,5,6.21100000000000030,0.00000000000000000,0.96895957079900308,0.03104042920099687
441,5,6.47400000000000020,0.00000000000000000,0.76738838858018721,0.23261161141981274
442,5,6.41699999999999982,0.00000000000000000,0.81107491856677505,0.18892508143322498
443,5,5.38999999999999968,0.59819888867599180,0.40180111132400820,0.00000000000000000
444,5,6.11200000000000010,0.04483617551254997,0.95516382448745007,0.00000000000000000
445,5,5.94200000000000017,0.17512933512167050,0.82487066487832950,0.00000000000000000
446,5,5.72700000000000031,0.33991186050967581,0.66008813949032419,0.00000000000000000
447,5,5.70800000000000018,0.35447403717187176,0.64552596282812824,0.00000000000000000
448,5,6.87899999999999956,0.00000000000000000,0.45698409657022399,0.54301590342977601
449,5,5.89599999999999991,0.21038513125119745,0.78961486874880260,0.00000000000000000
450,5,5.57200000000000006,0.45870856485916833,0.54129143514083167,0.00000000000000000
451,5,5.85400000000000009,0.24257520597815652,0.75742479402184348,0.00000000000000000
452,5,6.78200000000000003,0.00000000000000000,0.53132784058248661,0.46867215941751345
453,5,6.89700000000000024,0.00000000000000000,0.44318835025866954,0.55681164974133046
454,5,6.30100000000000016,0.00000000000000000,0.89998083924123351,0.10001916075876648
455,5,6.74899999999999967,0.00000000000000000,0.55662004215366911,0.44337995784633094
456,5,6.73899999999999988,0.00000000000000000,0.56428434566008778,0.43571565433991222
457,5,6.14400000000000013,0.02031040429200961,0.97968959570799041,0.00000000000000000
458,5,5.80700000000000038,0.27859743245832491,0.72140256754167509,0.00000000000000000
459,5,5.87000000000000011,0.23031232036788632,0.76968767963211371,0.00000000000000000
460,5,5.60400000000000009,0.43418279363862794,0.56581720636137200,0.00000000000000000
461,5,6.16699999999999982,0.00268250622724647,0.99731749377275347,0.00000000000000000
462,5,5.84999999999999964,0.24564092738072441,0.75435907261927559,0.00000000000000000
463,5,6.75800000000000001,0.00000000000000000,0.54972216899789184,0.45027783100210816
464,5,6.78200000000000003,0.00000000000000000,0.53132784058248661,0.46867215941751345
465,5,6.12999999999999989,0.03104042920099619,0.96895957079900386,0.00000000000000000
466,5,5.62800000000000011,0.41578846522322266,0.58421153477677734,0.00000000000000000
467,5,6.43599999999999994,0.00000000000000000,0.79651274190457910,0.20348725809542090
468,5,6.12000000000000011,0.03870473270741488,0.96129526729258508,0.00000000000000000
469,5,5.93599999999999994,0.17972791722552198,0.82027208277447805,0.00000000000000000
470,5,4.65200000000000014,1.00000000000000000,0.00000000000000000,0.00000000000000000
471,5,6.41500000000000004,0.00000000000000000,0.81260777926805861,0.18739222073194137
472,5,6.32599999999999962,0.00000000000000000,0.88082008047518678,0.11917991952481322
473,5,5.95699999999999985,0.16363287986204245,0.83636712013795755,0.00000000000000000
474,5,6.97599999999999998,0.00000000000000000,0.38264035255796075,0.61735964744203919
475,5,6.98000000000000043,0.00000000000000000,0.37957463115539286,0.62042536884460708
476,5,4.87999999999999989,0.98907836750335343,0.01092163249664660,0.00000000000000000
477,5,6.08100000000000041,0.06859551638244819,0.93140448361755179,0.00000000000000000
478,5,6.37600000000000033,0.00000000000000000,0.84249856294309200,0.15750143705690806
479,5,6.60599999999999987,0.00000000000000000,0.66621958229545863,0.33378041770454142
480,5,5.63699999999999957,0.40889059206744610,0.59110940793255384,0.00000000000000000
481,5,6.97499999999999964,0.00000000000000000,0.38340678290860292,0.61659321709139714
482,5,5.59400000000000031,0.44184709714504666,0.55815290285495334,0.00000000000000000
483,5,6.49000000000000021,0.00000000000000000,0.75512550296991710,0.24487449703008293
484,5,5.92400000000000038,0.18892508143322428,0.81107491856677572,0.00000000000000000
485,5,7.02400000000000002,0.00000000000000000,0.34585169572715024,0.65414830427284976
486,5,6.18499999999999961,0.00000000000000000,0.98888675991569264,0.01111324008430731
487,5,5.78699999999999992,0.29392603947116297,0.70607396052883697,0.00000000000000000
488,5,7.14799999999999969,0.00000000000000000,0.25081433224755662,0.74918566775244333
489,5,6.81200000000000028,0.00000000000000000,0.50833493006322983,0.49166506993677017
490,5,5.88499999999999979,0.21881586510825829,0.78118413489174177,0.00000000000000000
491,5,7.51999999999999957,0.00000000000000000,0.00000000000000000,1.00000000000000000
492,5,6.16699999999999982,0.00268250622724647,0.99731749377275347,0.00000000000000000
493,5,8.37500000000000000,0.00000000000000000,0.00000000000000000,1.00000000000000000
494,5,6.18499999999999961,0.00000000000000000,0.98888675991569264,0.01111324008430731
495,5,6.42499999999999982,0.00000000000000000,0.80494347576163994,0.19505652423836006
496,5,7.10700000000000021,0.00000000000000000,0.28223797662387357,0.71776202337612649
497,5,6.79399999999999959,0.00000000000000000,0.52213067637478427,0.47786932362521573
498,5,5.98599999999999977,0.14140639969342783,0.85859360030657217,0.00000000000000000
499,5,6.51100000000000012,0.00000000000000000,0.73903046560643759,0.26096953439356246
500,5,7.33300000000000018,0.00000000000000000,0.10902471737880740,0.89097528262119263
501,5,5.91399999999999970,0.19658938493964367,0.80341061506035638,0.00000000000000000
502,5,6.40399999999999991,0.00000000000000000,0.82103851312511944,0.17896148687488053
503,5,5.41199999999999992,0.58133742096187013,0.41866257903812987,0.00000000000000000
504,5,6.21100000000000030,0.00000000000000000,0.96895957079900308,0.03104042920099687
0,6,93.29999999999999716,0.00000000000000000,0.00000000000000000,1.00000000000000000
1,6,94.59999999999999432,0.00000000000000000,0.00000000000000000,1.00000000000000000
2,6,59.10000000000000142,0.00000000000000000,0.68486096807415009,0.31513903192584991
3,6,7.79999999999999982,1.00000000000000000,0.00000000000000000,0.00000000000000000
4,6,97.40000000000000568,0.00000000000000000,0.00000000000000000,1.00000000000000000
5,6,100.00000000000000000,0.00000000000000000,0.00000000000000000,1.00000000000000000
6,6,82.90000000000000568,0.00000000000000000,0.00000000000000000,1.00000000000000000
7,6,83.00000000000000000,0.00000000000000000,0.00000000000000000,1.00000000000000000
8,6,96.00000000000000000,0.00000000000000000,0.00000000000000000,1.00000000000000000
9,6,96.09999999999999432,0.00000000000000000,0.00000000000000000,1.00000000000000000
10,6,52.29999999999999716,0.00000000000000000,0.96498455200823885,0.03501544799176113
11,6,100.00000000000000000,0.00000000000000000,0.00000000000000000,1.00000000000000000
12,6,43.39999999999999858,0.33161688980432535,0.66838311019567465,0.00000000000000000
13,6,52.89999999999999858,0.00000000000000000,0.94026776519052513,0.05973223480947489
14,6,61.50000000000000000,0.00000000000000000,0.58599382080329532,0.41400617919670463
15,6,56.39999999999999858,0.00000000000000000,0.79608650875386189,0.20391349124613814
16,6,49.29999999999999716,0.08856848609680736,0.91143151390319266,0.00000000000000000
17,6,100.00000000000000000,0.00000000000000000,0.00000000000000000,1.00000000000000000
18,6,83.50000000000000000,0.00000000000000000,0.00000000000000000,1.00000000000000000
19,6,66.20000000000000284,0.00000000000000000,0.39237899073120464,0.60762100926879536
20,6,34.20000000000000284,0.71060762100926855,0.28939237899073145,0.00000000000000000
21,6,76.90000000000000568,0.00000000000000000,0.00000000000000000,1.00000000000000000
22,6,42.39999999999999858,0.37281153450051485,0.62718846549948515,0.00000000000000000
23,6,96.09999999999999432,0.00000000000000000,0.00000000000000000,1.00000000000000000
24,6,84.09999999999999432,0.00000000000000000,0.00000000000000000,1.00000000000000000
25,6,31.30000000000000071,0.83007209062821818,0.16992790937178182,0.00000000000000000
26,6,59.50000000000000000,0.00000000000000000,0.66838311019567431,0.33161688980432563
27,6,100.00000000000000000,0.00000000000000000,0.00000000000000000,1.00000000000000000
28,6,100.00000000000000000,0.00000000000000000,0.00000000000000000,1.00000000000000000
29,6,97.90000000000000568,0.00000000000000000,0.00000000000000000,1.00000000000000000
30,6,66.50000000000000000,0.00000000000000000,0.38002059732234789,0.61997940267765217
31,6,100.00000000000000000,0.00000000000000000,0.00000000000000000,1.00000000000000000
32,6,82.90000000000000568,0.00000000000000000,0.00000000000000000,1.00000000000000000
33,6,98.20000000000000284,0.00000000000000000,0.00000000000000000,1.00000000000000000
34,6,100.00000000000000000,0.00000000000000000,0.00000000000000000,1.00000000000000000
35,6,85.09999999999999432,0.00000000000000000,0.00000000000000000,1.00000000000000000
36,6,68.20000000000000284,0.00000000000000000,0.30998970133882564,0.69001029866117436
37,6,93.79999999999999716,0.00000000000000000,0.00000000000000000,1.00000000000000000
38,6,97.40000000000000568,0.00000000000000000,0.00000000000000000,1.00000000000000000
39,6,45.79999999999999716,0.23274974253347061,0.76725025746652942,0.00000000000000000
40,6,88.00000000000000000,0.00000000000000000,0.00000000000000000,1.00000000000000000
41,6,38.50000000000000000,0.53347064881565387,0.46652935118434619,0.00000000000000000
42,6,98.40000000000000568,0.00000000000000000,0.00000000000000000,1.00000000000000000
43,6,71.29999999999999716,0.00000000000000000,0.18228630278063840,0.81771369721936160
44,6,27.69999999999999929,0.97837281153450040,0.02162718846549957,0.00000000000000000
45,6,97.00000000000000000,0.00000000000000000,0.00000000000000000,1.00000000000000000
46,6,6.20000000000000018,1.00000000000000000,0.00000000000000000,0.00000000000000000
47,6,52.29999999999999716,0.00000000000000000,0.96498455200823885,0.03501544799176113
48,6,33.29999999999999716,0.74768280123583930,0.25231719876416070,0.00000000000000000
49,6,100.00000000000000000,0.00000000000000000,0.00000000000000000,1.00000000000000000
50,6,38.89999999999999858,0.51699279093717809,0.48300720906282191,0.00000000000000000
51,6,85.09999999999999432,0.00000000000000000,0.00000000000000000,1.00000000000000000
52,6,73.29999999999999716,0.00000000000000000,0.09989701338825942,0.90010298661174060
53,6,82.79999999999999716,0.00000000000000000,0.00000000000000000,1.00000000000000000
54,6,98.09999999999999432,0.00000000000000000,0.00000000000000000,1.00000000000000000
55,6,84.50000000000000000,0.00000000000000000,0.00000000000000000,1.00000000000000000
56,6,32.20000000000000284,0.79299691040164755,0.20700308959835245,0.00000000000000000
57,6,14.69999999999999929,1.00000000000000000,0.00000000000000000,0.00000000000000000
58,6,25.80000000000000071,1.00000000000000000,0.00000000000000000,0.00000000000000000
59,6,96.20000000000000284,0.00000000000000000,0.00000000000000000,1.00000000000000000
60,6,100.00000000000000000,0.00000000000000000,0.00000000000000000,1.00000000000000000
61,6,100.00000000000000000,0.00000000000000000,0.00000000000000000,1.00000000000000000
62,6,63.10000000000000142,0.00000000000000000,0.52008238928939210,0.47991761071060790
63,6,81.79999999999999716,0.00000000000000000,0.00000000000000000,1.00000000000000000
64,6,23.39999999999999858,1.00000000000000000,0.00000000000000000,0.00000000000000000
65,6,97.29999999999999716,0.00000000000000000,0.00000000000000000,1.00000000000000000
66,6,56.79999999999999716,0.00000000000000000,0.77960865087538611,0.22039134912461386
67,6,46.70000000000000284,0.19567456230689984,0.80432543769310016,0.00000000000000000
68,6,87.90000000000000568,0.00000000000000000,0.00000000000000000,1.00000000000000000
69,6,73.09999999999999432,0.00000000000000000,0.10813594232749743,0.89186405767250254
70,6,100.00000000000000000,0.00000000000000000,0.00000000000000000,1.00000000000000000
71,6,96.79999999999999716,0.00000000000000000,0.00000000000000000,1.00000000000000000
72,6,65.20000000000000284,0.00000000000000000,0.43357363542739413,0.56642636457260587
73,6,94.79999999999999716,0.00000000000000000,0.00000000000000000,1.00000000000000000
74,6,29.10000000000000142,0.92070030895983501,0.07929969104016496,0.00000000000000000
75,6,91.70000000000000284,0.00000000000000000,0.00000000000000000,1.00000000000000000
76,6,98.00000000000000000,0.00000000000000000,0.00000000000000000,1.00000000000000000
77,6,87.90000000000000568,0.00000000000000000,0.00000000000000000,1.00000000000000000
78,6,88.50000000000000000,0.00000000000000000,0.00000000000000000,1.00000000000000000
79,6,59.70000000000000284,0.00000000000000000,0.66014418125643637,0.33985581874356363
80,6,84.59999999999999432,0.00000000000000000,0.00000000000000000,1.00000000000000000
81,6,59.70000000000000284,0.00000000000000000,0.66014418125643637,0.33985581874356363
82,6,94.29999999999999716,0.00000000000000000,0.00000000000000000,1.00000000000000000
83,6,100.00000000000000000,0.00000000000000000,0.00000000000000000,1.00000000000000000
84,6,86.29999999999999716,0.00000000000000000,0.00000000000000000,1.00000000000000000
85,6,43.70000000000000284,0.31925849639546833,0.68074150360453167,0.00000000000000000
86,6,100.00000000000000000,0.00000000000000000,0.00000000000000000,1.00000000000000000
87,6,21.50000000000000000,1.00000000000000000,0.00000000000000000,0.00000000000000000
88,6,38.39999999999999858,0.53759011328527284,0.46240988671472716,0.00000000000000000
89,6,65.40000000000000568,0.00000000000000000,0.42533470648815608,0.57466529351184392
90,6,72.70000000000000284,0.00000000000000000,0.12461380020597287,0.87538619979402710
91,6,98.79999999999999716,0.00000000000000000,0.00000000000000000,1.00000000000000000
92,6,79.70000000000000284,0.00000000000000000,0.00000000000000000,1.00000000000000000
93,6,58.70000000000000284,0.00000000000000000,0.70133882595262587,0.29866117404737413
94,6,21.89999999999999858,1.00000000000000000,0.00000000000000000,0.00000000000000000
95,6,87.29999999999999716,0.00000000000000000,0.00000000000000000,1.00000000000000000
96,6,84.09999999999999432,0.00000000000000000,0.00000000000000000,1.00000000000000000
97,6,47.39999999999999858,0.16683831101956734,0.83316168898043264,0.00000000000000000
98,6,100.00000000000000000,0.00000000000000000,0.00000000000000000,1.00000000000000000
99,6,68.79999999999999716,0.00000000000000000,0.28527291452111214,0.71472708547888786
100,6,92.40000000000000568,0.00000000000000000,0.00000000000000000,1.00000000000000000
101,6,90.40000000000000568,0.00000000000000000,0.00000000000000000,1.00000000000000000
102,6,70.40000000000000568,0.00000000000000000,0.21936148300720862,0.78063851699279141
103,6,36.60000000000000142,0.61174047373841378,0.38825952626158622,0.00000000000000000
104,6,35.70000000000000284,0.64881565396498431,0.35118434603501569,0.00000000000000000
105,6,17.00000000000000000,1.00000000000000000,0.00000000000000000,0.00000000000000000
106,6,98.20000000000000284,0.00000000000000000,0.00000000000000000,1.00000000000000000
107,6,45.39999999999999858,0.24922760041194633,0.75077239958805364,0.00000000000000000
108,6,95.29999999999999716,0.00000000000000000,0.00000000000000000,1.00000000000000000
109,6,23.30000000000000071,1.00000000000000000,0.00000000000000000,0.00000000000000000
110,6,67.20000000000000284,0.00000000000000000,0.35118434603501514,0.64881565396498486
111,6,74.90000000000000568,0.00000000000000000,0.03398558187435587,0.96601441812564415
112,6,2.89999999999999991,1.00000000000000000,0.00000000000000000,0.00000000000000000
113,6,71.70000000000000284,0.00000000000000000,0.16580844490216237,0.83419155509783760
114,6,95.40000000000000568,0.00000000000000000,0.00000000000000000,1.00000000000000000
115,6,97.20000000000000284,0.00000000000000000,0.00000000000000000,1.00000000000000000
116,6,10.00000000000000000,1.00000000000000000,0.00000000000000000,0.00000000000000000
117,6,96.00000000000000000,0.00000000000000000,0.00000000000000000,1.00000000000000000
118,6,96.90000000000000568,0.00000000000000000,0.00000000000000000,1.00000000000000000
119,6,91.90000000000000568,0.00000000000000000,0.00000000000000000,1.00000000000000000
120,6,100.00000000000000000,0.00000000000000000,0.00000000000000000,1.00000000000000000
121,6,34.50000000000000000,0.69824922760041186,0.30175077239958820,0.00000000000000000
122,6,100.00000000000000000,0.00000000000000000,0.00000000000000000,1.00000000000000000
123,6,62.79999999999999716,0.00000000000000000,0.53244078269824913,0.46755921730175087
124,6,65.20000000000000284,0.00000000000000000,0.43357363542739413,0.56642636457260587
125,6,39.00000000000000000,0.51287332646755912,0.48712667353244093,0.00000000000000000
126,6,58.50000000000000000,0.00000000000000000,0.70957775489186381,0.29042224510813613
127,6,100.00000000000000000,0.00000000000000000,0.00000000000000000,1.00000000000000000
128,6,100.00000000000000000,0.00000000000000000,0.00000000000000000,1.00000000000000000
129,6,21.80000000000000071,1.00000000000000000,0.00000000000000000,0.00000000000000000
130,6,15.69999999999999929,1.00000000000000000,0.00000000000000000,0.00000000000000000
131,6,94.29999999999999716,0.00000000000000000,0.00000000000000000,1.00000000000000000
132,6,48.20000000000000284,0.13388259526261556,0.86611740473738441,0.00000000000000000
133,6,34.89999999999999858,0.68177136972193608,0.31822863027806392,0.00000000000000000
134,6,61.50000000000000000,0.00000000000000000,0.58599382080329532,0.41400617919670463
135,6,32.29999999999999716,0.78887744593202880,0.21112255406797117,0.00000000000000000
136,6,31.10000000000000142,0.83831101956745602,0.16168898043254396,0.00000000000000000
137,6,86.09999999999999432,0.00000000000000000,0.00000000000000000,1.00000000000000000
138,6,96.59999999999999432,0.00000000000000000,0.00000000000000000,1.00000000000000000
139,6,73.50000000000000000,0.00000000000000000,0.09165808444902140,0.90834191555097865
140,6,65.29999999999999716,0.00000000000000000,0.42945417095777538,0.57054582904222462
141,6,30.19999999999999929,0.87538619979402665,0.12461380020597332,0.00000000000000000
142,6,31.89999999999999858,0.80535530381050457,0.19464469618949543,0.00000000000000000
143,6,51.00000000000000000,0.01853759011328510,0.98146240988671485,0.00000000000000000
144,6,37.79999999999999716,0.56230690010298656,0.43769309989701344,0.00000000000000000
145,6,76.50000000000000000,0.00000000000000000,0.00000000000000000,1.00000000000000000
146,6,61.79999999999999716,0.00000000000000000,0.57363542739443862,0.42636457260556138
147,6,96.40000000000000568,0.00000000000000000,0.00000000000000000,1.00000000000000000
148,6,84.20000000000000284,0.00000000000000000,0.00000000000000000,1.00000000000000000
149,6,45.70000000000000284,0.23686920700308933,0.76313079299691067,0.00000000000000000
150,6,93.29999999999999716,0.00000000000000000,0.00000000000000000,1.00000000000000000
151,6,85.50000000000000000,0.00000000000000000,0.00000000000000000,1.00000000000000000
152,6,58.79999999999999716,0.00000000000000000,0.69721936148300712,0.30278063851699288
153,6,85.40000000000000568,0.00000000000000000,0.00000000000000000,1.00000000000000000
154,6,70.29999999999999716,0.00000000000000000,0.22348094747682790,0.77651905252317210
155,6,83.40000000000000568,0.00000000000000000,0.00000000000000000,1.00000000000000000
156,6,47.60000000000000142,0.15859938208032934,0.84140061791967069,0.00000000000000000
157,6,70.59999999999999432,0.00000000000000000,0.21112255406797117,0.78887744593202880
158,6,88.40000000000000568,0.00000000000000000,0.00000000000000000,1.00000000000000000
159,6,49.10000000000000142,0.09680741503604509,0.90319258496395494,0.00000000000000000
160,6,91.09999999999999432,0.00000000000000000,0.00000000000000000,1.00000000000000000
161,6,54.20000000000000284,0.00000000000000000,0.88671472708547860,0.11328527291452141
162,6,100.00000000000000000,0.00000000000000000,0.00000000000000000,1.00000000000000000
163,6,62.50000000000000000,0.00000000000000000,0.54479917610710582,0.45520082389289412
164,6,92.90000000000000568,0.00000000000000000,0.00000000000000000,1.00000000000000000
165,6,31.89999999999999858,0.80535530381050457,0.19464469618949543,0.00000000000000000
166,6,80.79999999999999716,0.00000000000000000,0.00000000000000000,1.00000000000000000
167,6,40.00000000000000000,0.47167868177136957,0.52832131822863038,0.00000000000000000
168,6,18.50000000000000000,1.00000000000000000,0.00000000000000000,0.00000000000000000
169,6,93.59999999999999432,0.00000000000000000,0.00000000000000000,1.00000000000000000
170,6,17.80000000000000071,1.00000000000000000,0.00000000000000000,0.00000000000000000
171,6,21.39999999999999858,1.00000000000000000,0.00000000000000000,0.00000000000000000
172,6,58.10000000000000142,0.00000000000000000,0.72605561277033959,0.27394438722966041
173,6,45.10000000000000142,0.26158599382080305,0.73841400617919695,0.00000000000000000
174,6,13.90000000000000036,1.00000000000000000,0.00000000000000000,0.00000000000000000
175,6,91.79999999999999716,0.00000000000000000,0.00000000000000000,1.00000000000000000
176,6,45.00000000000000000,0.26570545829042208,0.73429454170957786,0.00000000000000000
177,6,96.00000000000000000,0.00000000000000000,0.00000000000000000,1.00000000000000000
178,6,35.89999999999999858,0.64057672502574659,0.35942327497425341,0.00000000000000000
179,6,28.80000000000000071,0.93305870236869193,0.06694129763130809,0.00000000000000000
180,6,54.39999999999999858,0.00000000000000000,0.87847579814624088,0.12152420185375913
181,6,28.39999999999999858,0.94953656024716782,0.05046343975283219,0.00000000000000000
182,6,98.50000000000000000,0.00000000000000000,0.00000000000000000,1.00000000000000000
183,6,90.00000000000000000,0.00000000000000000,0.00000000000000000,1.00000000000000000
184,6,77.00000000000000000,0.00000000000000000,0.00000000000000000,1.00000000000000000
185,6,57.79999999999999716,0.00000000000000000,0.73841400617919661,0.26158599382080339
186,6,70.59999999999999432,0.00000000000000000,0.21112255406797117,0.78887744593202880
187,6,19.10000000000000142,1.00000000000000000,0.00000000000000000,0.00000000000000000
188,6,91.90000000000000568,0.00000000000000000,0.00000000000000000,1.00000000000000000
189,6,56.50000000000000000,0.00000000000000000,0.79196704428424292,0.20803295571575714
190,6,100.00000000000000000,0.00000000000000000,0.00000000000000000,1.00000000000000000
191,6,86.90000000000000568,0.00000000000000000,0.00000000000000000,1.00000000000000000
192,6,92.90000000000000568,0.00000000000000000,0.00000000000000000,1.00000000000000000
193,6,40.39999999999999858,0.45520082389289385,0.54479917610710615,0.00000000000000000
194,6,40.50000000000000000,0.45108135942327482,0.54891864057672513,0.00000000000000000
195,6,85.40000000000000568,0.00000000000000000,0.00000000000000000,1.00000000000000000
196,6,94.40000000000000568,0.00000000000000000,0.00000000000000000,1.00000000000000000
197,6,95.40000000000000568,0.00000000000000000,0.00000000000000000,1.00000000000000000
198,6,52.60000000000000142,0.00000000000000000,0.95262615859938182,0.04737384140061816
199,6,37.20000000000000284,0.58702368692070006,0.41297631307929994,0.00000000000000000
200,6,93.00000000000000000,0.00000000000000000,0.00000000000000000,1.00000000000000000
201,6,42.79999999999999716,0.35633367662203907,0.64366632337796093,0.00000000000000000
202,6,100.00000000000000000,0.00000000000000000,0.00000000000000000,1.00000000000000000
203,6,54.00000000000000000,0.00000000000000000,0.89495365602471666,0.10504634397528340
204,6,100.00000000000000000,0.00000000000000000,0.00000000000000000,1.00000000000000000
205,6,91.20000000000000284,0.00000000000000000,0.00000000000000000,1.00000000000000000
206,6,32.00000000000000000,0.80123583934088560,0.19876416065911445,0.00000000000000000
207,6,22.30000000000000071,1.00000000000000000,0.00000000000000000,0.00000000000000000
208,6,72.90000000000000568,0.00000000000000000,0.11637487126673486,0.88362512873326515
209,6,100.00000000000000000,0.00000000000000000,0.00000000000000000,1.00000000000000000
210,6,100.00000000000000000,0.00000000000000000,0.00000000000000000,1.00000000000000000
211,6,82.59999999999999432,0.00000000000000000,0.00000000000000000,1.00000000000000000
212,6,91.59999999999999432,0.00000000000000000,0.00000000000000000,1.00000000000000000
213,6,92.40000000000000568,0.00000000000000000,0.00000000000000000,1.00000000000000000
214,6,20.80000000000000071,1.00000000000000000,0.00000000000000000,0.00000000000000000
215,6,89.09999999999999432,0.00000000000000000,0.00000000000000000,1.00000000000000000
216,6,56.00000000000000000,0.00000000000000000,0.81256436663233766,0.18743563336766239
217,6,13.00000000000000000,1.00000000000000000,0.00000000000000000,0.00000000000000000
218,6,45.79999999999999716,0.23274974253347061,0.76725025746652942,0.00000000000000000
219,6,67.79999999999999716,0.00000000000000000,0.32646755921730164,0.67353244078269836
220,6,83.29999999999999716,0.00000000000000000,0.00000000000000000,1.00000000000000000
221,6,71.00000000000000000,0.00000000000000000,0.19464469618949515,0.80535530381050491
222,6,56.70000000000000284,0.00000000000000000,0.78372811534500486,0.21627188465499517
223,6,94.70000000000000284,0.00000000000000000,0.00000000000000000,1.00000000000000000
224,6,89.90000000000000568,0.00000000000000000,0.00000000000000000,1.00000000000000000
225,6,92.20000000000000284,0.00000000000000000,0.00000000000000000,1.00000000000000000
226,6,97.50000000000000000,0.00000000000000000,0.00000000000000000,1.00000000000000000
227,6,22.89999999999999858,1.00000000000000000,0.00000000000000000,0.00000000000000000
228,6,36.10000000000000142,0.63233779608650853,0.36766220391349147,0.00000000000000000
229,6,100.00000000000000000,0.00000000000000000,0.00000000000000000,1.00000000000000000
230,6,95.79999999999999716,0.00000000000000000,0.00000000000000000,1.00000000000000000
231,6,29.30000000000000071,0.91246138002059718,0.08753861997940283,0.00000000000000000
232,6,98.79999999999999716,0.00000000000000000,0.00000000000000000,1.00000000000000000
233,6,18.39999999999999858,1.00000000000000000,0.00000000000000000,0.00000000000000000
234,6,75.00000000000000000,0.00000000000000000,0.02986611740473715,0.97013388259526290
235,6,52.50000000000000000,0.00000000000000000,0.95674562306900091,0.04325437693099915
236,6,41.10000000000000142,0.42636457260556104,0.57363542739443896,0.00000000000000000
237,6,85.20000000000000284,0.00000000000000000,0.00000000000000000,1.00000000000000000
238,6,36.60000000000000142,0.61174047373841378,0.38825952626158622,0.00000000000000000
239,6,29.69999999999999929,0.89598352214212140,0.10401647785787857,0.00000000000000000
240,6,82.50000000000000000,0.00000000000000000,0.00000000000000000,1.00000000000000000
241,6,21.39999999999999858,1.00000000000000000,0.00000000000000000,0.00000000000000000
242,6,94.59999999999999432,0.00000000000000000,0.00000000000000000,1.00000000000000000
243,6,95.70000000000000284,0.00000000000000000,0.00000000000000000,1.00000000000000000
244,6,24.80000000000000071,1.00000000000000000,0.00000000000000000,0.00000000000000000
245,6,95.00000000000000000,0.00000000000000000,0.00000000000000000,1.00000000000000000
246,6,73.40000000000000568,0.00000000000000000,0.09577754891864011,0.90422245108135990
247,6,53.60000000000000142,0.00000000000000000,0.91143151390319233,0.08856848609680766
248,6,28.89999999999999858,0.92893923789907307,0.07106076210092695,0.00000000000000000
249,6,81.59999999999999432,0.00000000000000000,0.00000000000000000,1.00000000000000000
250,6,18.39999999999999858,1.00000000000000000,0.00000000000000000,0.00000000000000000
251,6,96.00000000000000000,0.00000000000000000,0.00000000000000000,1.00000000000000000
252,6,100.00000000000000000,0.00000000000000000,0.00000000000000000,1.00000000000000000
253,6,53.60000000000000142,0.00000000000000000,0.91143151390319233,0.08856848609680766
254,6,8.90000000000000036,1.00000000000000000,0.00000000000000000,0.00000000000000000
255,6,34.50000000000000000,0.69824922760041186,0.30175077239958820,0.00000000000000000
256,6,97.29999999999999716,0.00000000000000000,0.00000000000000000,1.00000000000000000
257,6,87.90000000000000568,0.00000000000000000,0.00000000000000000,1.00000000000000000
258,6,87.59999999999999432,0.00000000000000000,0.00000000000000000,1.00000000000000000
259,6,89.59999999999999432,0.00000000000000000,0.00000000000000000,1.00000000000000000
260,6,88.59999999999999432,0.00000000000000000,0.00000000000000000,1.00000000000000000
261,6,94.09999999999999432,0.00000000000000000,0.00000000000000000,1.00000000000000000
262,6,69.09999999999999432,0.00000000000000000,0.27291452111225545,0.72708547888774455
263,6,95.59999999999999432,0.00000000000000000,0.00000000000000000,1.00000000000000000
264,6,95.40000000000000568,0.00000000000000000,0.00000000000000000,1.00000000000000000
265,6,17.69999999999999929,1.00000000000000000,0.00000000000000000,0.00000000000000000
266,6,38.29999999999999716,0.54170957775489181,0.45829042224510819,0.00000000000000000
267,6,94.00000000000000000,0.00000000000000000,0.00000000000000000,1.00000000000000000
268,6,48.00000000000000000,0.14212152420185359,0.85787847579814636,0.00000000000000000
269,6,72.50000000000000000,0.00000000000000000,0.13285272914521090,0.86714727085478915
270,6,31.50000000000000000,0.82183316168898035,0.17816683831101970,0.00000000000000000
271,6,93.59999999999999432,0.00000000000000000,0.00000000000000000,1.00000000000000000
272,6,98.40000000000000568,0.00000000000000000,0.00000000000000000,1.00000000000000000
273,6,71.90000000000000568,0.00000000000000000,0.15756951596292437,0.84243048403707566
274,6,100.00000000000000000,0.00000000000000000,0.00000000000000000,1.00000000000000000
275,6,73.90000000000000568,0.00000000000000000,0.07518022657054536,0.92481977342945465
276,6,58.39999999999999858,0.00000000000000000,0.71369721936148289,0.28630278063851711
277,6,76.00000000000000000,0.00000000000000000,0.00000000000000000,1.00000000000000000
278,6,6.59999999999999964,1.00000000000000000,0.00000000000000000,0.00000000000000000
279,6,98.79999999999999716,0.00000000000000000,0.00000000000000000,1.00000000000000000
280,6,65.09999999999999432,0.00000000000000000,0.43769309989701344,0.56230690010298656
281,6,90.79999999999999716,0.00000000000000000,0.00000000000000000,1.00000000000000000
282,6,81.70000000000000284,0.00000000000000000,0.00000000000000000,1.00000000000000000
283,6,64.70000000000000284,0.00000000000000000,0.45417095777548888,0.54582904222451112
284,6,94.90000000000000568,0.00000000000000000,0.00000000000000000,1.00000000000000000
285,6,27.60000000000000142,0.98249227600411926,0.01750772399588071,0.00000000000000000
286,6,45.60000000000000142,0.24098867147270833,0.75901132852729170,0.00000000000000000
287,6,74.50000000000000000,0.00000000000000000,0.05046343975283190,0.94953656024716815
288,6,49.89999999999999858,0.06385169927909361,0.93614830072090638,0.00000000000000000
289,6,95.00000000000000000,0.00000000000000000,0.00000000000000000,1.00000000000000000
290,6,77.29999999999999716,0.00000000000000000,0.00000000000000000,1.00000000000000000
291,6,93.90000000000000568,0.00000000000000000,0.00000000000000000,1.00000000000000000
292,6,77.79999999999999716,0.00000000000000000,0.00000000000000000,1.00000000000000000
293,6,78.70000000000000284,0.00000000000000000,0.00000000000000000,1.00000000000000000
294,6,99.09999999999999432,0.00000000000000000,0.00000000000000000,1.00000000000000000
295,6,97.40000000000000568,0.00000000000000000,0.00000000000000000,1.00000000000000000
296,6,56.10000000000000142,0.00000000000000000,0.80844490216271858,0.19155509783728139
297,6,92.59999999999999432,0.00000000000000000,0.00000000000000000,1.00000000000000000
298,6,27.89999999999999858,0.97013388259526256,0.02986611740473745,0.00000000000000000
299,6,6.00000000000000000,1.00000000000000000,0.00000000000000000,0.00000000000000000
300,6,18.50000000000000000,1.00000000000000000,0.00000000000000000,0.00000000000000000
301,6,87.40000000000000568,0.00000000000000000,0.00000000000000000,1.00000000000000000
302,6,88.79999999999999716,0.00000000000000000,0.00000000000000000,1.00000000000000000
303,6,100.00000000000000000,0.00000000000000000,0.00000000000000000,1.00000000000000000
304,6,42.60000000000000142,0.36457260556127680,0.63542739443872320,0.00000000000000000
305,6,6.79999999999999982,1.00000000000000000,0.00000000000000000,0.00000000000000000
306,6,78.09999999999999432,0.00000000000000000,0.00000000000000000,1.00000000000000000
307,6,67.00000000000000000,0.00000000000000000,0.35942327497425314,0.64057672502574692
308,6,38.10000000000000142,0.54994850669412954,0.45005149330587046,0.00000000000000000
309,6,41.89999999999999858,0.39340885684860960,0.60659114315139040,0.00000000000000000
310,6,32.10000000000000142,0.79711637487126652,0.20288362512873345,0.00000000000000000
311,6,9.90000000000000036,1.00000000000000000,0.00000000000000000,0.00000000000000000
312,6,89.50000000000000000,0.00000000000000000,0.00000000000000000,1.00000000000000000
313,6,18.80000000000000071,1.00000000000000000,0.00000000000000000,0.00000000000000000
314,6,36.89999999999999858,0.59938208032955709,0.40061791967044291,0.00000000000000000
315,6,88.00000000000000000,0.00000000000000000,0.00000000000000000,1.00000000000000000
316,6,61.10000000000000142,0.00000000000000000,0.60247167868177109,0.39752832131822891
317,6,79.79999999999999716,0.00000000000000000,0.00000000000000000,1.00000000000000000
318,6,26.30000000000000071,1.00000000000000000,0.00000000000000000,0.00000000000000000
319,6,79.90000000000000568,0.00000000000000000,0.00000000000000000,1.00000000000000000
320,6,97.29999999999999716,0.00000000000000000,0.00000000000000000,1.00000000000000000
321,6,95.29999999999999716,0.00000000000000000,0.00000000000000000,1.00000000000000000
322,6,98.20000000000000284,0.00000000000000000,0.00000000000000000,1.00000000000000000
323,6,53.70000000000000284,0.00000000000000000,0.90731204943357335,0.09268795056642666
324,6,91.50000000000000000,0.00000000000000000,0.00000000000000000,1.00000000000000000
325,6,32.00000000000000000,0.80123583934088560,0.19876416065911445,0.00000000000000000
326,6,42.29999999999999716,0.37693099897013382,0.62306900102986618,0.00000000000000000
327,6,91.40000000000000568,0.00000000000000000,0.00000000000000000,1.00000000000000000
328,6,96.70000000000000284,0.00000000000000000,0.00000000000000000,1.00000000000000000
329,6,33.50000000000000000,0.73944387229660136,0.26055612770339870,0.00000000000000000
330,6,46.29999999999999716,0.21215242018537586,0.78784757981462417,0.00000000000000000
331,6,78.90000000000000568,0.00000000000000000,0.00000000000000000,1.00000000000000000
332,6,97.90000000000000568,0.00000000000000000,0.00000000000000000,1.00000000000000000
333,6,89.00000000000000000,0.00000000000000000,0.00000000000000000,1.00000000000000000
334,6,29.19999999999999929,0.91658084449021615,0.08341915550978382,0.00000000000000000
335,6,58.70000000000000284,0.00000000000000000,0.70133882595262587,0.29866117404737413
336,6,69.59999999999999432,0.00000000000000000,0.25231719876416070,0.74768280123583930
337,6,100.00000000000000000,0.00000000000000000,0.00000000000000000,1.00000000000000000
338,6,97.00000000000000000,0.00000000000000000,0.00000000000000000,1.00000000000000000
339,6,95.59999999999999432,0.00000000000000000,0.00000000000000000,1.00000000000000000
340,6,64.50000000000000000,0.00000000000000000,0.46240988671472688,0.53759011328527317
341,6,21.39999999999999858,1.00000000000000000,0.00000000000000000,0.00000000000000000
342,6,78.29999999999999716,0.00000000000000000,0.00000000000000000,1.00000000000000000
343,6,77.70000000000000284,0.00000000000000000,0.00000000000000000,1.00000000000000000
344,6,62.00000000000000000,0.00000000000000000,0.56539649845520057,0.43460350154479938
345,6,100.00000000000000000,0.00000000000000000,0.00000000000000000,1.00000000000000000
346,6,91.20000000000000284,0.00000000000000000,0.00000000000000000,1.00000000000000000
347,6,79.20000000000000284,0.00000000000000000,0.00000000000000000,1.00000000000000000
348,6,98.29999999999999716,0.00000000000000000,0.00000000000000000,1.00000000000000000
349,6,100.00000000000000000,0.00000000000000000,0.00000000000000000,1.00000000000000000
350,6,100.00000000000000000,0.00000000000000000,0.00000000000000000,1.00000000000000000
351,6,88.20000000000000284,0.00000000000000000,0.00000000000000000,1.00000000000000000
352,6,71.59999999999999432,0.00000000000000000,0.16992790937178168,0.83007209062821830
353,6,66.09999999999999432,0.00000000000000000,0.39649845520082394,0.60350154479917606
354,6,92.09999999999999432,0.00000000000000000,0.00000000000000000,1.00000000000000000
355,6,86.50000000000000000,0.00000000000000000,0.00000000000000000,1.00000000000000000
356,6,49.00000000000000000,0.10092687950566409,0.89907312049433585,0.00000000000000000
357,6,34.10000000000000142,0.71472708547888752,0.28527291452111248,0.00000000000000000
358,6,100.00000000000000000,0.00000000000000000,0.00000000000000000,1.00000000000000000
359,6,79.20000000000000284,0.00000000000000000,0.00000000000000000,1.00000000000000000
360,6,98.09999999999999432,0.00000000000000000,0.00000000000000000,1.00000000000000000
361,6,83.00000000000000000,0.00000000000000000,0.00000000000000000,1.00000000000000000
362,6,76.50000000000000000,0.00000000000000000,0.00000000000000000,1.00000000000000000
363,6,93.40000000000000568,0.00000000000000000,0.00000000000000000,1.00000000000000000
364,6,17.50000000000000000,1.00000000000000000,0.00000000000000000,0.00000000000000000
365,6,92.59999999999999432,0.00000000000000000,0.00000000000000000,1.00000000000000000
366,6,82.50000000000000000,0.00000000000000000,0.00000000000000000,1.00000000000000000
367,6,33.20000000000000284,0.75180226570545805,0.24819773429454195,0.00000000000000000
368,6,98.90000000000000568,0.00000000000000000,0.00000000000000000,1.00000000000000000
369,6,85.70000000000000284,0.00000000000000000,0.00000000000000000,1.00000000000000000
370,6,47.20000000000000284,0.17507723995880509,0.82492276004119491,0.00000000000000000
371,6,93.79999999999999716,0.00000000000000000,0.00000000000000000,1.00000000000000000
372,6,51.89999999999999858,0.00000000000000000,0.98146240988671463,0.01853759011328539
373,6,68.09999999999999432,0.00000000000000000,0.31410916580844495,0.68589083419155505
374,6,94.50000000000000000,0.00000000000000000,0.00000000000000000,1.00000000000000000
375,6,76.50000000000000000,0.00000000000000000,0.00000000000000000,1.00000000000000000
376,6,90.29999999999999716,0.00000000000000000,0.00000000000000000,1.00000000000000000
377,6,58.00000000000000000,0.00000000000000000,0.73017507723995856,0.26982492276004139
378,6,42.10000000000000142,0.38516992790937155,0.61483007209062845,0.00000000000000000
379,6,97.00000000000000000,0.00000000000000000,0.00000000000000000,1.00000000000000000
380,6,89.20000000000000284,0.00000000000000000,0.00000000000000000,1.00000000000000000
381,6,49.70000000000000284,0.07209062821833133,0.92790937178166866,0.00000000000000000
382,6,91.29999999999999716,0.00000000000000000,0.00000000000000000,1.00000000000000000
383,6,86.50000000000000000,0.00000000000000000,0.00000000000000000,1.00000000000000000
384,6,91.79999999999999716,0.00000000000000000,0.00000000000000000,1.00000000000000000
385,6,96.20000000000000284,0.00000000000000000,0.00000000000000000,1.00000000000000000
386,6,59.60000000000000142,0.00000000000000000,0.66426364572605534,0.33573635427394466
387,6,97.90000000000000568,0.00000000000000000,0.00000000000000000,1.00000000000000000
388,6,19.50000000000000000,1.00000000000000000,0.00000000000000000,0.00000000000000000
389,6,94.50000000000000000,0.00000000000000000,0.00000000000000000,1.00000000000000000
390,6,6.59999999999999964,1.00000000000000000,0.00000000000000000,0.00000000000000000
391,6,48.50000000000000000,0.12152420185375884,0.87847579814624110,0.00000000000000000
392,6,17.19999999999999929,1.00000000000000000,0.00000000000000000,0.00000000000000000
393,6,76.70000000000000284,0.00000000000000000,0.00000000000000000,1.00000000000000000
394,6,61.39999999999999858,0.00000000000000000,0.59011328527291440,0.40988671472708560
395,6,53.20000000000000284,0.00000000000000000,0.92790937178166810,0.07209062821833191
396,6,95.59999999999999432,0.00000000000000000,0.00000000000000000,1.00000000000000000
397,6,28.10000000000000142,0.96189495365602451,0.03810504634397546,0.00000000000000000
398,6,84.70000000000000284,0.00000000000000000,0.00000000000000000,1.00000000000000000
399,6,87.29999999999999716,0.00000000000000000,0.00000000000000000,1.00000000000000000
400,6,17.50000000000000000,1.00000000000000000,0.00000000000000000,0.00000000000000000
401,6,79.90000000000000568,0.00000000000000000,0.00000000000000000,1.00000000000000000
402,6,52.79999999999999716,0.00000000000000000,0.94438722966014410,0.05561277033985588
403,6,100.00000000000000000,0.00000000000000000,0.00000000000000000,1.00000000000000000
404,6,70.20000000000000284,0.00000000000000000,0.22760041194644662,0.77239958805355335
405,6,92.70000000000000284,0.00000000000000000,0.00000000000000000,1.00000000000000000
406,6,98.90000000000000568,0.00000000000000000,0.00000000000000000,1.00000000000000000
407,6,63.00000000000000000,0.00000000000000000,0.52420185375901107,0.47579814624098887
408,6,32.20000000000000284,0.79299691040164755,0.20700308959835245,0.00000000000000000
409,6,100.00000000000000000,0.00000000000000000,0.00000000000000000,1.00000000000000000
410,6,88.00000000000000000,0.00000000000000000,0.00000000000000000,1.00000000000000000
411,6,21.89999999999999858,1.00000000000000000,0.00000000000000000,0.00000000000000000
412,6,33.79999999999999716,0.72708547888774455,0.27291452111225545,0.00000000000000000
413,6,8.40000000000000036,1.00000000000000000,0.00000000000000000,0.00000000000000000
414,6,82.59999999999999432,0.00000000000000000,0.00000000000000000,1.00000000000000000
415,6,51.79999999999999716,0.00000000000000000,0.98558187435633360,0.01441812564366638
416,6,99.29999999999999716,0.00000000000000000,0.00000000000000000,1.00000000000000000
417,6,20.10000000000000142,1.00000000000000000,0.00000000000000000,0.00000000000000000
418,6,91.00000000000000000,0.00000000000000000,0.00000000000000000,1.00000000000000000
419,6,97.79999999999999716,0.00000000000000000,0.00000000000000000,1.00000000000000000
420,6,96.20000000000000284,0.00000000000000000,0.00000000000000000,1.00000000000000000
421,6,90.70000000000000284,0.00000000000000000,0.00000000000000000,1.00000000000000000
422,6,40.29999999999999716,0.45932028836251282,0.54067971163748718,0.00000000000000000
423,6,68.70000000000000284,0.00000000000000000,0.28939237899073089,0.71060762100926911
424,6,47.20000000000000284,0.17507723995880509,0.82492276004119491,0.00000000000000000
425,6,33.10000000000000142,0.75592173017507702,0.24407826982492295,0.00000000000000000
426,6,95.20000000000000284,0.00000000000000000,0.00000000000000000,1.00000000000000000
427,6,74.40000000000000568,0.00000000000000000,0.05458290422245062,0.94541709577754940
428,6,94.09999999999999432,0.00000000000000000,0.00000000000000000,1.00000000000000000
429,6,100.00000000000000000,0.00000000000000000,0.00000000000000000,1.00000000000000000
430,6,97.90000000000000568,0.00000000000000000,0.00000000000000000,1.00000000000000000
431,6,82.00000000000000000,0.00000000000000000,0.00000000000000000,1.00000000000000000
432,6,85.90000000000000568,0.00000000000000000,0.00000000000000000,1.00000000000000000
433,6,37.29999999999999716,0.58290422245108131,0.41709577754891869,0.00000000000000000
434,6,66.59999999999999432,0.00000000000000000,0.37590113285272919,0.62409886714727081
435,6,16.30000000000000071,1.00000000000000000,0.00000000000000000,0.00000000000000000
436,6,7.79999999999999982,1.00000000000000000,0.00000000000000000,0.00000000000000000
437,6,89.29999999999999716,0.00000000000000000,0.00000000000000000,1.00000000000000000
438,6,98.20000000000000284,0.00000000000000000,0.00000000000000000,1.00000000000000000
439,6,70.40000000000000568,0.00000000000000000,0.21936148300720862,0.78063851699279141
440,6,6.50000000000000000,1.00000000000000000,0.00000000000000000,0.00000000000000000
441,6,97.09999999999999432,0.00000000000000000,0.00000000000000000,1.00000000000000000
442,6,98.29999999999999716,0.00000000000000000,0.00000000000000000,1.00000000000000000
443,6,98.90000000000000568,0.00000000000000000,0.00000000000000000,1.00000000000000000
444,6,81.29999999999999716,0.00000000000000000,0.00000000000000000,1.00000000000000000
445,6,93.50000000000000000,0.00000000000000000,0.00000000000000000,1.00000000000000000
446,6,69.50000000000000000,0.00000000000000000,0.25643666323377939,0.74356333676622066
447,6,74.29999999999999716,0.00000000000000000,0.05870236869206992,0.94129763130793009
448,6,77.70000000000000284,0.00000000000000000,0.00000000000000000,1.00000000000000000
449,6,95.40000000000000568,0.00000000000000000,0.00000000000000000,1.00000000000000000
450,6,88.50000000000000000,0.00000000000000000,0.00000000000000000,1.00000000000000000
451,6,96.59999999999999432,0.00000000000000000,0.00000000000000000,1.00000000000000000
452,6,41.10000000000000142,0.42636457260556104,0.57363542739443896,0.00000000000000000
453,6,54.29999999999999716,0.00000000000000000,0.88259526261585985,0.11740473738414013
454,6,83.70000000000000284,0.00000000000000000,0.00000000000000000,1.00000000000000000
455,6,92.59999999999999432,0.00000000000000000,0.00000000000000000,1.00000000000000000
456,6,30.80000000000000071,0.85066941297631293,0.14933058702368707,0.00000000000000000
457,6,62.20000000000000284,0.00000000000000000,0.55715756951596263,0.44284243048403737
458,6,53.79999999999999716,0.00000000000000000,0.90319258496395460,0.09680741503604538
459,6,69.70000000000000284,0.00000000000000000,0.24819773429454137,0.75180226570545861
460,6,89.79999999999999716,0.00000000000000000,0.00000000000000000,1.00000000000000000
461,6,90.00000000000000000,0.00000000000000000,0.00000000000000000,1.00000000000000000
462,6,41.50000000000000000,0.40988671472708532,0.59011328527291462,0.00000000000000000
463,6,32.89999999999999858,0.76416065911431508,0.23583934088568492,0.00000000000000000
464,6,90.79999999999999716,0.00000000000000000,0.00000000000000000,1.00000000000000000
465,6,100.00000000000000000,0.00000000000000000,0.00000000000000000,1.00000000000000000
466,6,100.00000000000000000,0.00000000000000000,0.00000000000000000,1.00000000000000000
467,6,87.90000000000000568,0.00000000000000000,0.00000000000000000,1.00000000000000000
468,6,76.70000000000000284,0.00000000000000000,0.00000000000000000,1.00000000000000000
469,6,80.29999999999999716,0.00000000000000000,0.00000000000000000,1.00000000000000000
470,6,100.00000000000000000,0.00000000000000000,0.00000000000000000,1.00000000000000000
471,6,40.10000000000000142,0.46755921730175054,0.53244078269824946,0.00000000000000000
472,6,97.70000000000000284,0.00000000000000000,0.00000000000000000,1.00000000000000000
473,6,100.00000000000000000,0.00000000000000000,0.00000000000000000,1.00000000000000000
474,6,91.00000000000000000,0.00000000000000000,0.00000000000000000,1.00000000000000000
475,6,67.59999999999999432,0.00000000000000000,0.33470648815653969,0.66529351184346031
476,6,100.00000000000000000,0.00000000000000000,0.00000000000000000,1.00000000000000000
477,6,84.40000000000000568,0.00000000000000000,0.00000000000000000,1.00000000000000000
478,6,54.29999999999999716,0.00000000000000000,0.88259526261585985,0.11740473738414013
479,6,42.20000000000000284,0.38105046343975257,0.61894953656024743,0.00000000000000000
480,6,94.70000000000000284,0.00000000000000000,0.00000000000000000,1.00000000000000000
481,6,15.30000000000000071,1.00000000000000000,0.00000000000000000,0.00000000000000000
482,6,36.79999999999999716,0.60350154479917606,0.39649845520082394,0.00000000000000000
483,6,44.39999999999999858,0.29042224510813586,0.70957775489186414,0.00000000000000000
484,6,94.09999999999999432,0.00000000000000000,0.00000000000000000,1.00000000000000000
485,6,15.80000000000000071,1.00000000000000000,0.00000000000000000,0.00000000000000000
486,6,98.70000000000000284,0.00000000000000000,0.00000000000000000,1.00000000000000000
487,6,31.10000000000000142,0.83831101956745602,0.16168898043254396,0.00000000000000000
488,6,27.69999999999999929,0.97837281153450040,0.02162718846549957,0.00000000000000000
489,6,32.20000000000000284,0.79299691040164755,0.20700308959835245,0.00000000000000000
490,6,33.00000000000000000,0.76004119464469611,0.23995880535530395,0.00000000000000000
491,6,89.40000000000000568,0.00000000000000000,0.00000000000000000,1.00000000000000000
492,6,84.00000000000000000,0.00000000000000000,0.00000000000000000,1.00000000000000000
493,6,93.90000000000000568,0.00000000000000000,0.00000000000000000,1.00000000000000000
494,6,96.70000000000000284,0.00000000000000000,0.00000000000000000,1.00000000000000000
495,6,74.79999999999999716,0.00000000000000000,0.03810504634397517,0.96189495365602484
496,6,36.60000000000000142,0.61174047373841378,0.38825952626158622,0.00000000000000000
497,6,98.79999999999999716,0.00000000000000000,0.00000000000000000,1.00000000000000000
498,6,88.40000000000000568,0.00000000000000000,0.00000000000000000,1.00000000000000000
499,6,21.10000000000000142,1.00000000000000000,0.00000000000000000,0.00000000000000000
500,6,100.00000000000000000,0.00000000000000000,0.00000000000000000,1.00000000000000000
501,6,83.20000000000000284,0.00000000000000000,0.00000000000000000,1.00000000000000000
502,6,100.00000000000000000,0.00000000000000000,0.00000000000000000,1.00000000000000000
503,6,9.80000000000000071,1.00000000000000000,0.00000000000000000,0.00000000000000000
504,6,28.89999999999999858,0.92893923789907307,0.07106076210092695,0.00000000000000000
0,7,1.34489999999999998,1.00000000000000000,0.00000000000000000,0.00000000000000000
1,7,2.12469999999999981,1.00000000000000000,0.00000000000000000,0.00000000000000000
2,7,4.23920000000000030,0.86891760405205087,0.13108239594794910,0.00000000000000000
3,7,5.28730000000000011,0.48768289245150903,0.51231710754849102,0.00000000000000000
4,7,2.12219999999999986,1.00000000000000000,0.00000000000000000,0.00000000000000000
5,7,1.43940000000000001,1.00000000000000000,0.00000000000000000,0.00000000000000000
6,7,6.22670000000000012,0.14598659622257176,0.85401340377742818,0.00000000000000000
7,7,2.73439999999999994,1.00000000000000000,0.00000000000000000,0.00000000000000000
8,7,1.74940000000000007,1.00000000000000000,0.00000000000000000,0.00000000000000000
9,7,2.10000000000000009,1.00000000000000000,0.00000000000000000,0.00000000000000000
10,7,8.01360000000000028,0.00000000000000000,0.49602160608898876,0.50397839391101118
11,7,1.41179999999999994,1.00000000000000000,0.00000000000000000,0.00000000000000000
12,7,7.98090000000000011,0.00000000000000000,0.50791586719893800,0.49208413280106200
13,7,7.03549999999999986,0.00000000000000000,0.85179459665905854,0.14820540334094143
14,7,3.91749999999999998,0.98593239913066411,0.01406760086933591,0.00000000000000000
15,7,5.73209999999999997,0.32589184224645129,0.67410815775354871,0.00000000000000000
16,7,7.03789999999999960,0.00000000000000000,0.85092162336658528,0.14907837663341467
17,7,1.17419999999999991,1.00000000000000000,0.00000000000000000,0.00000000000000000
18,7,2.10990000000000011,1.00000000000000000,0.00000000000000000,0.00000000000000000
19,7,7.22539999999999960,0.00000000000000000,0.78272058489210616,0.21727941510789384
20,7,6.33610000000000007,0.10619356364066235,0.89380643635933765,0.00000000000000000
21,7,3.67149999999999999,1.00000000000000000,0.00000000000000000,0.00000000000000000
22,7,3.94539999999999980,0.97578408460566168,0.02421591539433834,0.00000000000000000
23,7,5.95049999999999990,0.24645127263137798,0.75354872736862200,0.00000000000000000
24,7,2.64630000000000010,1.00000000000000000,0.00000000000000000,0.00000000000000000
25,7,7.31719999999999970,0.00000000000000000,0.74932935645500109,0.25067064354499885
26,7,9.22289999999999921,0.00000000000000000,0.05615218834398845,0.94384781165601150
27,7,4.17499999999999982,0.89226963962571271,0.10773036037428725,0.00000000000000000
28,7,2.00479999999999992,1.00000000000000000,0.00000000000000000,0.00000000000000000
29,7,1.66870000000000007,1.00000000000000000,0.00000000000000000,0.00000000000000000
30,7,3.65189999999999992,1.00000000000000000,0.00000000000000000,0.00000000000000000
31,7,1.55390000000000006,1.00000000000000000,0.00000000000000000,0.00000000000000000
32,7,1.90470000000000006,1.00000000000000000,0.00000000000000000,0.00000000000000000
33,7,1.66860000000000008,1.00000000000000000,0.00000000000000000,0.00000000000000000
34,7,1.42540000000000000,1.00000000000000000,0.00000000000000000,0.00000000000000000
35,7,3.42110000000000003,1.00000000000000000,0.00000000000000000,0.00000000000000000
36,7,3.36030000000000006,1.00000000000000000,0.00000000000000000,0.00000000000000000
37,7,2.88929999999999998,1.00000000000000000,0.00000000000000000,0.00000000000000000
38,7,2.20599999999999996,1.00000000000000000,0.00000000000000000,0.00000000000000000
39,7,4.09049999999999958,0.92300557429821151,0.07699442570178855,0.00000000000000000
40,7,2.51820000000000022,1.00000000000000000,0.00000000000000000,0.00000000000000000
41,7,6.45840000000000014,0.06170829961170870,0.93829170038829135,0.00000000000000000
42,7,1.84980000000000011,1.00000000000000000,0.00000000000000000,0.00000000000000000
43,7,2.85610000000000008,1.00000000000000000,0.00000000000000000,0.00000000000000000
44,7,8.53529999999999944,0.00000000000000000,0.30625903663759829,0.69374096336240165
45,7,1.77000000000000002,1.00000000000000000,0.00000000000000000,0.00000000000000000
46,7,5.28730000000000011,0.48768289245150903,0.51231710754849102,0.00000000000000000
47,7,4.54039999999999999,0.75935945584664766,0.24064054415335231,0.00000000000000000
48,7,5.10039999999999960,0.55566568760287005,0.44433431239712995,0.00000000000000000
49,7,1.97839999999999994,1.00000000000000000,0.00000000000000000,0.00000000000000000
50,7,4.56669999999999998,0.74979312351662741,0.25020687648337259,0.00000000000000000
51,7,2.02179999999999982,1.00000000000000000,0.00000000000000000,0.00000000000000000
52,7,3.83840000000000003,1.00000000000000000,0.00000000000000000,0.00000000000000000
53,7,3.26279999999999992,1.00000000000000000,0.00000000000000000,0.00000000000000000
54,7,1.42609999999999992,1.00000000000000000,0.00000000000000000,0.00000000000000000
55,7,4.46189999999999998,0.78791295728796296,0.21208704271203702,0.00000000000000000
56,7,5.87359999999999971,0.27442279187771107,0.72557720812228887,0.00000000000000000
57,7,5.41589999999999971,0.44090607352981304,0.55909392647018696,0.00000000000000000
58,7,5.21459999999999990,0.51412670843601382,0.48587329156398618,0.00000000000000000
59,7,1.38610000000000011,1.00000000000000000,0.00000000000000000,0.00000000000000000
60,7,1.58939999999999992,1.00000000000000000,0.00000000000000000,0.00000000000000000
61,7,1.58040000000000003,1.00000000000000000,0.00000000000000000,0.00000000000000000
62,7,3.41449999999999987,1.00000000000000000,0.00000000000000000,0.00000000000000000
63,7,2.11209999999999987,1.00000000000000000,0.00000000000000000,0.00000000000000000
64,7,5.11669999999999980,0.54973674399148853,0.45026325600851141,0.00000000000000000
65,7,2.10069999999999979,1.00000000000000000,0.00000000000000000,0.00000000000000000
66,7,3.74759999999999982,1.00000000000000000,0.00000000000000000,0.00000000000000000
67,7,5.40069999999999961,0.44643490438214417,0.55356509561785583,0.00000000000000000
68,7,2.58060000000000000,1.00000000000000000,0.00000000000000000,0.00000000000000000
69,7,2.47750000000000004,1.00000000000000000,0.00000000000000000,0.00000000000000000
70,7,1.16910000000000003,1.00000000000000000,0.00000000000000000,0.00000000000000000
71,7,1.35670000000000002,1.00000000000000000,0.00000000000000000,0.00000000000000000
72,7,4.08999999999999986,0.92318744373414330,0.07681255626585670,0.00000000000000000
73,7,1.98790000000000000,1.00000000000000000,0.00000000000000000,0.00000000000000000
74,7,4.56669999999999998,0.74979312351662741,0.25020687648337259,0.00000000000000000
75,7,3.97690000000000010,0.96432631014194903,0.03567368985805095,0.00000000000000000
76,7,1.82260000000000000,1.00000000000000000,0.00000000000000000,0.00000000000000000
77,7,1.61319999999999997,1.00000000000000000,0.00000000000000000,0.00000000000000000
78,7,2.86169999999999991,1.00000000000000000,0.00000000000000000,0.00000000000000000
79,7,1.99760000000000004,1.00000000000000000,0.00000000000000000,0.00000000000000000
80,7,2.13289999999999980,1.00000000000000000,0.00000000000000000,0.00000000000000000
81,7,6.26689999999999969,0.13136429357364360,0.86863570642635646,0.00000000000000000
82,7,6.34670000000000023,0.10233793159890506,0.89766206840109497,0.00000000000000000
83,7,1.46550000000000002,1.00000000000000000,0.00000000000000000,0.00000000000000000
84,7,3.42169999999999996,1.00000000000000000,0.00000000000000000,0.00000000000000000
85,7,5.41589999999999971,0.44090607352981304,0.55909392647018696,0.00000000000000000
86,7,1.28519999999999990,1.00000000000000000,0.00000000000000000,0.00000000000000000
87,7,6.47980000000000000,0.05392428775382153,0.94607571224617848,0.00000000000000000
88,7,6.26999999999999957,0.13023670307086557,0.86976329692913446,0.00000000000000000
89,7,2.96340000000000003,1.00000000000000000,0.00000000000000000,0.00000000000000000
90,7,4.35489999999999977,0.82683301657739916,0.17316698342260084,0.00000000000000000
91,7,1.72570000000000001,1.00000000000000000,0.00000000000000000,0.00000000000000000
92,7,2.49820000000000020,1.00000000000000000,0.00000000000000000,0.00000000000000000
93,7,3.91749999999999998,0.98593239913066411,0.01406760086933591,0.00000000000000000
94,7,8.69660000000000011,0.00000000000000000,0.24758795660595279,0.75241204339404721
95,7,4.23899999999999988,0.86899035182642381,0.13100964817357616,0.00000000000000000
96,7,2.19740000000000002,1.00000000000000000,0.00000000000000000,0.00000000000000000
97,7,7.82779999999999987,0.00000000000000000,0.56360428848129951,0.43639571151870055
98,7,1.32160000000000011,1.00000000000000000,0.00000000000000000,0.00000000000000000
99,7,3.27970000000000006,1.00000000000000000,0.00000000000000000,0.00000000000000000
100,7,3.36330000000000018,1.00000000000000000,0.00000000000000000,0.00000000000000000
101,7,2.83400000000000007,1.00000000000000000,0.00000000000000000,0.00000000000000000
102,7,5.40069999999999961,0.44643490438214417,0.55356509561785583,0.00000000000000000
103,7,3.79649999999999999,1.00000000000000000,0.00000000000000000,0.00000000000000000
104,7,9.18759999999999977,0.00000000000000000,0.06899217052078352,0.93100782947921645
105,7,3.37510000000000021,1.00000000000000000,0.00000000000000000,0.00000000000000000
106,7,2.35519999999999996,1.00000000000000000,0.00000000000000000,0.00000000000000000
107,7,4.81219999999999981,0.66049523047404279,0.33950476952595726,0.00000000000000000
108,7,1.87460000000000004,1.00000000000000000,0.00000000000000000,0.00000000000000000
109,7,6.64069999999999983,0.00000000000000000,0.99539870327092184,0.00460129672907813
110,7,3.53250000000000020,1.00000000000000000,0.00000000000000000,0.00000000000000000
111,7,3.33170000000000011,1.00000000000000000,0.00000000000000000,0.00000000000000000
112,7,5.72090000000000032,0.32996571761132670,0.67003428238867324,0.00000000000000000
113,7,4.03169999999999984,0.94439341996380799,0.05560658003619197,0.00000000000000000
114,7,2.54800000000000004,1.00000000000000000,0.00000000000000000,0.00000000000000000
115,7,2.06510000000000016,1.00000000000000000,0.00000000000000000,0.00000000000000000
116,7,7.82779999999999987,0.00000000000000000,0.56360428848129951,0.43639571151870055
117,7,1.70280000000000009,1.00000000000000000,0.00000000000000000,0.00000000000000000
118,7,3.75979999999999981,1.00000000000000000,0.00000000000000000,0.00000000000000000
119,7,1.41650000000000009,1.00000000000000000,0.00000000000000000,0.00000000000000000
120,7,1.52750000000000008,1.00000000000000000,0.00000000000000000,0.00000000000000000
121,7,8.79209999999999958,0.00000000000000000,0.21285089434295160,0.78714910565704843
122,7,2.01069999999999993,1.00000000000000000,0.00000000000000000,0.00000000000000000
123,7,1.98649999999999993,1.00000000000000000,0.00000000000000000,0.00000000000000000
124,7,2.75919999999999987,1.00000000000000000,0.00000000000000000,0.00000000000000000
125,7,5.45089999999999986,0.42817521301457689,0.57182478698542316,0.00000000000000000
126,7,4.81219999999999981,0.66049523047404279,0.33950476952595726,0.00000000000000000
127,7,1.75730000000000008,1.00000000000000000,0.00000000000000000,0.00000000000000000
128,7,1.58879999999999999,1.00000000000000000,0.00000000000000000,0.00000000000000000
129,7,5.40109999999999957,0.44628940883339868,0.55371059116660137,0.00000000000000000
130,7,6.26999999999999957,0.13023670307086557,0.86976329692913446,0.00000000000000000
131,7,2.08820000000000006,1.00000000000000000,0.00000000000000000,0.00000000000000000
132,7,3.06650000000000000,1.00000000000000000,0.00000000000000000,0.00000000000000000
133,7,8.05550000000000033,0.00000000000000000,0.48078094735789184,0.51921905264210821
134,7,3.65189999999999992,1.00000000000000000,0.00000000000000000,0.00000000000000000
135,7,3.94539999999999980,0.97578408460566168,0.02421591539433834,0.00000000000000000
136,7,5.96039999999999992,0.24285025779992545,0.75714974220007458,0.00000000000000000
137,7,2.05270000000000019,1.00000000000000000,0.00000000000000000,0.00000000000000000
138,7,2.19799999999999995,1.00000000000000000,0.00000000000000000,0.00000000000000000
139,7,2.39990000000000014,1.00000000000000000,0.00000000000000000,0.00000000000000000
140,7,2.40910000000000002,1.00000000000000000,0.00000000000000000,0.00000000000000000
141,7,3.84730000000000016,1.00000000000000000,0.00000000000000000,0.00000000000000000
142,7,5.11800000000000033,0.54926388345806532,0.45073611654193468,0.00000000000000000
143,7,5.96039999999999992,0.24285025779992545,0.75714974220007458,0.00000000000000000
144,7,2.51940000000000008,1.00000000000000000,0.00000000000000000,0.00000000000000000
145,7,4.14799999999999969,0.90209058916603779,0.09790941083396219,0.00000000000000000
146,7,4.70749999999999957,0.69857869035819198,0.30142130964180802,0.00000000000000000
147,7,2.07200000000000006,1.00000000000000000,0.00000000000000000,0.00000000000000000
148,7,2.25649999999999995,1.00000000000000000,0.00000000000000000,0.00000000000000000
149,7,6.81470000000000020,0.00000000000000000,0.93210813956660510,0.06789186043339492
150,7,2.00260000000000016,1.00000000000000000,0.00000000000000000,0.00000000000000000
151,7,5.68940000000000001,0.34142349207503930,0.65857650792496070,0.00000000000000000
152,7,4.00190000000000001,0.95523283834535189,0.04476716165464814,0.00000000000000000
153,7,2.71470000000000011,1.00000000000000000,0.00000000000000000,0.00000000000000000
154,7,3.18270000000000008,1.00000000000000000,0.00000000000000000,0.00000000000000000
155,7,2.72270000000000012,1.00000000000000000,0.00000000000000000,0.00000000000000000
156,7,7.31970000000000010,0.00000000000000000,0.74842000927534125,0.25157999072465870
157,7,2.89270000000000005,1.00000000000000000,0.00000000000000000,0.00000000000000000
158,7,2.56709999999999994,1.00000000000000000,0.00000000000000000,0.00000000000000000
159,7,7.82650000000000023,0.00000000000000000,0.56407714901472239,0.43592285098527761
160,7,2.29550000000000010,1.00000000000000000,0.00000000000000000,0.00000000000000000
161,7,6.06219999999999981,0.20582164064418160,0.79417835935581838,0.00000000000000000
162,7,1.48960000000000004,1.00000000000000000,0.00000000000000000,0.00000000000000000
163,7,3.49520000000000008,1.00000000000000000,0.00000000000000000,0.00000000000000000
164,7,2.35340000000000016,1.00000000000000000,0.00000000000000000,0.00000000000000000
165,7,7.30729999999999968,0.00000000000000000,0.75293037128645368,0.24706962871354635
166,7,3.27210000000000001,1.00000000000000000,0.00000000000000000,0.00000000000000000
167,7,5.72090000000000032,0.32996571761132670,0.67003428238867324,0.00000000000000000
168,7,10.71030000000000015,0.00000000000000000,0.00000000000000000,1.00000000000000000
169,7,1.61190000000000011,1.00000000000000000,0.00000000000000000,0.00000000000000000
170,7,6.61150000000000038,0.00601987832934722,0.99398012167065275,0.00000000000000000
171,7,6.49800000000000022,0.04730424028589867,0.95269575971410136,0.00000000000000000
172,7,3.37000000000000011,1.00000000000000000,0.00000000000000000,0.00000000000000000
173,7,4.42720000000000002,0.80053469614163986,0.19946530385836012,0.00000000000000000
174,7,7.65340000000000042,0.00000000000000000,0.62704034773436146,0.37295965226563854
175,7,2.42200000000000015,1.00000000000000000,0.00000000000000000,0.00000000000000000
176,7,4.50260000000000016,0.77310878520310267,0.22689121479689736,0.00000000000000000
177,7,1.78830000000000000,1.00000000000000000,0.00000000000000000,0.00000000000000000
178,7,10.71030000000000015,0.00000000000000000,0.00000000000000000,1.00000000000000000
179,7,2.79859999999999998,1.00000000000000000,0.00000000000000000,0.00000000000000000
180,7,2.77780000000000005,1.00000000000000000,0.00000000000000000,0.00000000000000000
181,7,6.64069999999999983,0.00000000000000000,0.99539870327092184,0.00460129672907813
182,7,1.62319999999999998,1.00000000000000000,0.00000000000000000,0.00000000000000000
183,7,2.59750000000000014,1.00000000000000000,0.00000000000000000,0.00000000000000000
184,7,3.41060000000000008,1.00000000000000000,0.00000000000000000,0.00000000000000000
185,7,3.49520000000000008,1.00000000000000000,0.00000000000000000,0.00000000000000000
186,7,2.06349999999999989,1.00000000000000000,0.00000000000000000,0.00000000000000000
187,7,9.22029999999999994,0.00000000000000000,0.05709790941083430,0.94290209058916574
188,7,2.21099999999999985,1.00000000000000000,0.00000000000000000,0.00000000000000000
189,7,4.49859999999999971,0.77456374069055833,0.22543625930944167,0.00000000000000000
190,7,1.17809999999999993,1.00000000000000000,0.00000000000000000,0.00000000000000000
191,7,1.80099999999999993,1.00000000000000000,0.00000000000000000,0.00000000000000000
192,7,2.08689999999999998,1.00000000000000000,0.00000000000000000,0.00000000000000000
193,7,5.49169999999999980,0.41333466704253025,0.58666533295746981,0.00000000000000000
194,7,8.32479999999999976,0.00000000000000000,0.38282606916494677,0.61717393083505323
195,7,1.60739999999999994,1.00000000000000000,0.00000000000000000,0.00000000000000000
196,7,4.45469999999999988,0.79053187716538298,0.20946812283461699,0.00000000000000000
197,7,2.42980000000000018,1.00000000000000000,0.00000000000000000,0.00000000000000000
198,7,2.87199999999999989,1.00000000000000000,0.00000000000000000,0.00000000000000000
199,7,5.24469999999999992,0.50317816839291074,0.49682183160708926,0.00000000000000000
200,7,2.28339999999999987,1.00000000000000000,0.00000000000000000,0.00000000000000000
201,7,4.26729999999999965,0.85869654175267585,0.14130345824732413,0.00000000000000000
202,7,1.51059999999999994,1.00000000000000000,0.00000000000000000,0.00000000000000000
203,7,2.38169999999999993,1.00000000000000000,0.00000000000000000,0.00000000000000000
204,7,1.65819999999999990,1.00000000000000000,0.00000000000000000,0.00000000000000000
205,7,1.43950000000000000,1.00000000000000000,0.00000000000000000,0.00000000000000000
206,7,5.64839999999999964,0.35633678582145889,0.64366321417854111,0.00000000000000000
207,7,3.94539999999999980,0.97578408460566168,0.02421591539433834,0.00000000000000000
208,7,2.79859999999999998,1.00000000000000000,0.00000000000000000,0.00000000000000000
209,7,1.38610000000000011,1.00000000000000000,0.00000000000000000,0.00000000000000000
210,7,1.13700000000000001,1.00000000000000000,0.00000000000000000,0.00000000000000000
211,7,2.74739999999999984,1.00000000000000000,0.00000000000000000,0.00000000000000000
212,7,1.93009999999999993,1.00000000000000000,0.00000000000000000,0.00000000000000000
213,7,1.86620000000000008,1.00000000000000000,0.00000000000000000,0.00000000000000000
214,7,7.30729999999999968,0.00000000000000000,0.75293037128645368,0.24706962871354635
215,7,1.64749999999999996,1.00000000000000000,0.00000000000000000,0.00000000000000000
216,7,3.11209999999999987,1.00000000000000000,0.00000000000000000,0.00000000000000000
217,7,7.39670000000000005,0.00000000000000000,0.72041211614182188,0.27958788385817812
218,7,6.06219999999999981,0.20582164064418160,0.79417835935581838,0.00000000000000000
219,7,7.22550000000000026,0.00000000000000000,0.78268421100491958,0.21731578899508044
220,7,2.74100000000000010,1.00000000000000000,0.00000000000000000,0.00000000000000000
221,7,2.90839999999999987,1.00000000000000000,0.00000000000000000,0.00000000000000000
222,7,2.82370000000000010,1.00000000000000000,0.00000000000000000,0.00000000000000000
223,7,1.78210000000000002,1.00000000000000000,0.00000000000000000,0.00000000000000000
224,7,2.80160000000000009,1.00000000000000000,0.00000000000000000,0.00000000000000000
225,7,2.70060000000000011,1.00000000000000000,0.00000000000000000,0.00000000000000000
226,7,1.20239999999999991,1.00000000000000000,0.00000000000000000,0.00000000000000000
227,7,7.31719999999999970,0.00000000000000000,0.74932935645500109,0.25067064354499885
228,7,12.12650000000000006,0.00000000000000000,0.00000000000000000,1.00000000000000000
229,7,1.41300000000000003,1.00000000000000000,0.00000000000000000,0.00000000000000000
230,7,2.00629999999999997,1.00000000000000000,0.00000000000000000,0.00000000000000000
231,7,4.49859999999999971,0.77456374069055833,0.22543625930944167,0.00000000000000000
232,7,1.86810000000000009,1.00000000000000000,0.00000000000000000,0.00000000000000000
233,7,5.49169999999999980,0.41333466704253025,0.58666533295746981,0.00000000000000000
234,7,2.89650000000000007,1.00000000000000000,0.00000000000000000,0.00000000000000000
235,7,4.35489999999999977,0.82683301657739916,0.17316698342260084,0.00000000000000000
236,7,4.02200000000000024,0.94792168702088764,0.05207831297911240,0.00000000000000000
237,7,2.12239999999999984,1.00000000000000000,0.00000000000000000,0.00000000000000000
238,7,4.50260000000000016,0.77310878520310267,0.22689121479689736,0.00000000000000000
239,7,8.34399999999999942,0.00000000000000000,0.37584228282516025,0.62415771717483981
240,7,3.31749999999999989,1.00000000000000000,0.00000000000000000,0.00000000000000000
241,7,6.81470000000000020,0.00000000000000000,0.93210813956660510,0.06789186043339492
242,7,2.42589999999999995,1.00000000000000000,0.00000000000000000,0.00000000000000000
243,7,1.46080000000000010,1.00000000000000000,0.00000000000000000,0.00000000000000000
244,7,5.88499999999999979,0.27027616873846272,0.72972383126153728,0.00000000000000000
245,7,3.78719999999999990,1.00000000000000000,0.00000000000000000,0.00000000000000000
246,7,3.31749999999999989,1.00000000000000000,0.00000000000000000,0.00000000000000000
247,7,3.66590000000000016,1.00000000000000000,0.00000000000000000,0.00000000000000000
248,7,5.41589999999999971,0.44090607352981304,0.55909392647018696,0.00000000000000000
249,7,2.67750000000000021,1.00000000000000000,0.00000000000000000,0.00000000000000000
250,7,5.50269999999999992,0.40933353945202738,0.59066646054797256,0.00000000000000000
251,7,1.67680000000000007,1.00000000000000000,0.00000000000000000,0.00000000000000000
252,7,1.59159999999999990,1.00000000000000000,0.00000000000000000,0.00000000000000000
253,7,3.19919999999999982,1.00000000000000000,0.00000000000000000,0.00000000000000000
254,7,7.39670000000000005,0.00000000000000000,0.72041211614182188,0.27958788385817812
255,7,5.98529999999999962,0.23379315989051475,0.76620684010948525,0.00000000000000000
256,7,2.38870000000000005,1.00000000000000000,0.00000000000000000,0.00000000000000000
257,7,1.82060000000000000,1.00000000000000000,0.00000000000000000,0.00000000000000000
258,7,1.95120000000000005,1.00000000000000000,0.00000000000000000,0.00000000000000000
259,7,1.12959999999999994,1.00000000000000000,0.00000000000000000,0.00000000000000000
260,7,3.66500000000000004,1.00000000000000000,0.00000000000000000,0.00000000000000000
261,7,2.49610000000000021,1.00000000000000000,0.00000000000000000,0.00000000000000000
262,7,2.47860000000000014,1.00000000000000000,0.00000000000000000,0.00000000000000000
263,7,1.75720000000000010,1.00000000000000000,0.00000000000000000,0.00000000000000000
264,7,2.46989999999999998,1.00000000000000000,0.00000000000000000,0.00000000000000000
265,7,5.49169999999999980,0.41333466704253025,0.58666533295746981,0.00000000000000000
266,7,7.30900000000000016,0.00000000000000000,0.75231201520428481,0.24768798479571513
267,7,1.73639999999999994,1.00000000000000000,0.00000000000000000,0.00000000000000000
268,7,4.77939999999999987,0.67242586547117833,0.32757413452882173,0.00000000000000000
269,7,2.73010000000000019,1.00000000000000000,0.00000000000000000,0.00000000000000000
270,7,9.08919999999999995,0.00000000000000000,0.10478407551219011,0.89521592448780984
271,7,2.30529999999999990,1.00000000000000000,0.00000000000000000,0.00000000000000000
272,7,2.34600000000000009,1.00000000000000000,0.00000000000000000,0.00000000000000000
273,7,3.09920000000000018,1.00000000000000000,0.00000000000000000,0.00000000000000000
274,7,1.33250000000000002,1.00000000000000000,0.00000000000000000,0.00000000000000000
275,7,3.09209999999999985,1.00000000000000000,0.00000000000000000,0.00000000000000000
276,7,2.82900000000000018,1.00000000000000000,0.00000000000000000,0.00000000000000000
277,7,3.49520000000000008,1.00000000000000000,0.00000000000000000,0.00000000000000000
278,7,5.28730000000000011,0.48768289245150903,0.51231710754849102,0.00000000000000000
279,7,1.81250000000000000,1.00000000000000000,0.00000000000000000,0.00000000000000000
280,7,6.33610000000000007,0.10619356364066235,0.89380643635933765,0.00000000000000000
281,7,1.97090000000000010,1.00000000000000000,0.00000000000000000,0.00000000000000000
282,7,4.25790000000000024,0.86211568714819620,0.13788431285180378,0.00000000000000000
283,7,3.42419999999999991,1.00000000000000000,0.00000000000000000,0.00000000000000000
284,7,1.52570000000000006,1.00000000000000000,0.00000000000000000,0.00000000000000000
285,7,4.86280000000000001,0.64209004355772992,0.35790995644227008,0.00000000000000000
286,7,7.31719999999999970,0.00000000000000000,0.74932935645500109,0.25067064354499885
287,7,4.05220000000000002,0.93693677309059820,0.06306322690940176,0.00000000000000000
288,7,4.72109999999999985,0.69363184170084302,0.30636815829915698,0.00000000000000000
289,7,2.22219999999999995,1.00000000000000000,0.00000000000000000,0.00000000000000000
290,7,3.61500000000000021,1.00000000000000000,0.00000000000000000,0.00000000000000000
291,7,1.81719999999999993,1.00000000000000000,0.00000000000000000,0.00000000000000000
292,7,1.50039999999999996,1.00000000000000000,0.00000000000000000,0.00000000000000000
293,7,1.86290000000000000,1.00000000000000000,0.00000000000000000,0.00000000000000000
294,7,1.51920000000000011,1.00000000000000000,0.00000000000000000,0.00000000000000000
295,7,1.87729999999999997,1.00000000000000000,0.00000000000000000,0.00000000000000000
296,7,4.43770000000000042,0.79671543798706890,0.20328456201293107,0.00000000000000000
297,7,1.79840000000000000,1.00000000000000000,0.00000000000000000,0.00000000000000000
298,7,5.11669999999999980,0.54973674399148853,0.45026325600851141,0.00000000000000000
299,7,4.25150000000000006,0.86444361592812513,0.13555638407187484,0.00000000000000000
300,7,6.18989999999999974,0.15937218670716302,0.84062781329283698,0.00000000000000000
301,7,2.71470000000000011,1.00000000000000000,0.00000000000000000,0.00000000000000000
302,7,4.45340000000000025,0.79100473769880597,0.20899526230119408,0.00000000000000000
303,7,1.76590000000000003,1.00000000000000000,0.00000000000000000,0.00000000000000000
304,7,2.38169999999999993,1.00000000000000000,0.00000000000000000,0.00000000000000000
305,7,8.90670000000000073,0.00000000000000000,0.17116641962734955,0.82883358037265042
306,7,1.93559999999999999,1.00000000000000000,0.00000000000000000,0.00000000000000000
307,7,2.42160000000000020,1.00000000000000000,0.00000000000000000,0.00000000000000000
308,7,6.45840000000000014,0.06170829961170870,0.93829170038829135,0.00000000000000000
309,7,3.72400000000000020,1.00000000000000000,0.00000000000000000,0.00000000000000000
310,7,4.14029999999999987,0.90489137847938972,0.09510862152061032,0.00000000000000000
311,7,6.21959999999999980,0.14856914221280551,0.85143085778719452,0.00000000000000000
312,7,1.51839999999999997,1.00000000000000000,0.00000000000000000,0.00000000000000000
313,7,6.21959999999999980,0.14856914221280551,0.85143085778719452,0.00000000000000000
314,7,3.49520000000000008,1.00000000000000000,0.00000000000000000,0.00000000000000000
315,7,1.95120000000000005,1.00000000000000000,0.00000000000000000,0.00000000000000000
316,7,4.96710000000000029,0.60415207922232617,0.39584792077767383,0.00000000000000000
317,7,3.54590000000000005,1.00000000000000000,0.00000000000000000,0.00000000000000000
318,7,6.47980000000000000,0.05392428775382153,0.94607571224617848,0.00000000000000000
319,7,3.21570000000000000,1.00000000000000000,0.00000000000000000,0.00000000000000000
320,7,1.61800000000000010,1.00000000000000000,0.00000000000000000,0.00000000000000000
321,7,5.87000000000000011,0.27573225181642097,0.72426774818357909,0.00000000000000000
322,7,2.04070000000000018,1.00000000000000000,0.00000000000000000,0.00000000000000000
323,7,5.01410000000000000,0.58705635224472352,0.41294364775527648,0.00000000000000000
324,7,2.28849999999999998,1.00000000000000000,0.00000000000000000,0.00000000000000000
325,7,9.22029999999999994,0.00000000000000000,0.05709790941083430,0.94290209058916574
326,7,5.50269999999999992,0.40933353945202738,0.59066646054797256,0.00000000000000000
327,7,1.75229999999999997,1.00000000000000000,0.00000000000000000,0.00000000000000000
328,7,2.10690000000000000,1.00000000000000000,0.00000000000000000,0.00000000000000000
329,7,5.40069999999999961,0.44643490438214417,0.55356509561785583,0.00000000000000000
330,7,5.23109999999999964,0.50812501705025970,0.49187498294974025,0.00000000000000000
331,7,4.96710000000000029,0.60415207922232617,0.39584792077767383,0.00000000000000000
332,7,1.31630000000000003,1.00000000000000000,0.00000000000000000,0.00000000000000000
333,7,1.90470000000000006,1.00000000000000000,0.00000000000000000,0.00000000000000000
334,7,7.81479999999999997,0.00000000000000000,0.56833289381552998,0.43166710618447002
335,7,6.06219999999999981,0.20582164064418160,0.79417835935581838,0.00000000000000000
336,7,3.49520000000000008,1.00000000000000000,0.00000000000000000,0.00000000000000000
337,7,3.87500000000000000,1.00000000000000000,0.00000000000000000,0.00000000000000000
338,7,1.92650000000000010,1.00000000000000000,0.00000000000000000,0.00000000000000000
339,7,2.84699999999999998,1.00000000000000000,0.00000000000000000,0.00000000000000000
340,7,4.69470000000000010,0.70323454791804962,0.29676545208195043,0.00000000000000000
341,7,3.37510000000000021,1.00000000000000000,0.00000000000000000,0.00000000000000000
342,7,2.89440000000000008,1.00000000000000000,0.00000000000000000,0.00000000000000000
343,7,3.94499999999999984,0.97592958015440723,0.02407041984559280,0.00000000000000000
344,7,6.08769999999999989,0.19654629941165241,0.80345370058834764,0.00000000000000000
345,7,1.85890000000000000,1.00000000000000000,0.00000000000000000,0.00000000000000000
346,7,2.54510000000000014,1.00000000000000000,0.00000000000000000,0.00000000000000000
347,7,8.05550000000000033,0.00000000000000000,0.48078094735789184,0.51921905264210821
348,7,1.75540000000000007,1.00000000000000000,0.00000000000000000,0.00000000000000000
349,7,4.09520000000000017,0.92129600160045100,0.07870399839954904,0.00000000000000000
350,7,1.53309999999999991,1.00000000000000000,0.00000000000000000,0.00000000000000000
351,7,2.46309999999999985,1.00000000000000000,0.00000000000000000,0.00000000000000000
352,7,4.14799999999999969,0.90209058916603779,0.09790941083396219,0.00000000000000000
353,7,3.09229999999999983,1.00000000000000000,0.00000000000000000,0.00000000000000000
354,7,3.87709999999999999,1.00000000000000000,0.00000000000000000,0.00000000000000000
355,7,3.21570000000000000,1.00000000000000000,0.00000000000000000,0.00000000000000000
356,7,4.78720000000000034,0.66958870227063982,0.33041129772936023,0.00000000000000000
357,7,7.30900000000000016,0.00000000000000000,0.75231201520428481,0.24768798479571513
358,7,1.91419999999999990,1.00000000000000000,0.00000000000000000,0.00000000000000000
359,7,2.42589999999999995,1.00000000000000000,0.00000000000000000,0.00000000000000000
360,7,3.79789999999999983,1.00000000000000000,0.00000000000000000,0.00000000000000000
361,7,2.89440000000000008,1.00000000000000000,0.00000000000000000,0.00000000000000000
362,7,7.95490000000000030,0.00000000000000000,0.51737307786739906,0.48262692213260094
363,7,6.81850000000000023,0.00000000000000000,0.93072593185352226,0.06927406814647770
364,7,7.82650000000000023,0.00000000000000000,0.56407714901472239,0.43592285098527761
365,7,1.79119999999999990,1.00000000000000000,0.00000000000000000,0.00000000000000000
366,7,2.16780000000000017,1.00000000000000000,0.00000000000000000,0.00000000000000000
367,7,5.11800000000000033,0.54926388345806532,0.45073611654193468,0.00000000000000000
368,7,1.63339999999999996,1.00000000000000000,0.00000000000000000,0.00000000000000000
369,7,4.45460000000000012,0.79056825105256934,0.20943174894743069,0.00000000000000000
370,7,6.93200000000000038,0.00000000000000000,0.88944156989697087,0.11055843010302914
371,7,1.52960000000000007,1.00000000000000000,0.00000000000000000,0.00000000000000000
372,7,3.99169999999999980,0.95894297483836355,0.04105702516163640,0.00000000000000000
373,7,3.67149999999999999,1.00000000000000000,0.00000000000000000,0.00000000000000000
374,7,2.07880000000000020,1.00000000000000000,0.00000000000000000,0.00000000000000000
375,7,1.79400000000000004,1.00000000000000000,0.00000000000000000,0.00000000000000000
376,7,4.68200000000000038,0.70785403159072091,0.29214596840927914,0.00000000000000000
377,7,6.32000000000000028,0.11204975947767087,0.88795024052232907,0.00000000000000000
378,7,4.42900000000000027,0.79987996617228485,0.20012003382771520,0.00000000000000000
379,7,1.94439999999999991,1.00000000000000000,0.00000000000000000,0.00000000000000000
380,7,4.01229999999999976,0.95144995407796751,0.04855004592203249,0.00000000000000000
381,7,5.21189999999999998,0.51510880339004628,0.48489119660995372,0.00000000000000000
382,7,3.04800000000000004,1.00000000000000000,0.00000000000000000,0.00000000000000000
383,7,2.43579999999999997,1.00000000000000000,0.00000000000000000,0.00000000000000000
384,7,2.36819999999999986,1.00000000000000000,0.00000000000000000,0.00000000000000000
385,7,2.10360000000000014,1.00000000000000000,0.00000000000000000,0.00000000000000000
386,7,5.61500000000000021,0.36848566414171258,0.63151433585828742,0.00000000000000000
387,7,2.32739999999999991,1.00000000000000000,0.00000000000000000,0.00000000000000000
388,7,10.58569999999999922,0.00000000000000000,0.00000000000000000,1.00000000000000000
389,7,2.54029999999999978,1.00000000000000000,0.00000000000000000,0.00000000000000000
390,7,5.72090000000000032,0.32996571761132670,0.67003428238867324,0.00000000000000000
391,7,8.01360000000000028,0.00000000000000000,0.49602160608898876,0.50397839391101118
392,7,5.21459999999999990,0.51412670843601382,0.48587329156398618,0.00000000000000000
393,7,3.10250000000000004,1.00000000000000000,0.00000000000000000,0.00000000000000000
394,7,3.37789999999999990,1.00000000000000000,0.00000000000000000,0.00000000000000000
395,7,3.15229999999999988,1.00000000000000000,0.00000000000000000,0.00000000000000000
396,7,1.96819999999999995,1.00000000000000000,0.00000000000000000,0.00000000000000000
397,7,6.46539999999999981,0.05916212750866160,0.94083787249133843,0.00000000000000000
398,7,2.87150000000000016,1.00000000000000000,0.00000000000000000,0.00000000000000000
399,7,3.60230000000000006,1.00000000000000000,0.00000000000000000,0.00000000000000000
400,7,5.28730000000000011,0.48768289245150903,0.51231710754849102,0.00000000000000000
401,7,2.77780000000000005,1.00000000000000000,0.00000000000000000,0.00000000000000000
402,7,2.64029999999999987,1.00000000000000000,0.00000000000000000,0.00000000000000000
403,7,1.83470000000000000,1.00000000000000000,0.00000000000000000,0.00000000000000000
404,7,7.95490000000000030,0.00000000000000000,0.51737307786739906,0.48262692213260094
405,7,1.82089999999999996,1.00000000000000000,0.00000000000000000,0.00000000000000000
406,7,2.11850000000000005,1.00000000000000000,0.00000000000000000,0.00000000000000000
407,7,6.81470000000000020,0.00000000000000000,0.93210813956660510,0.06789186043339492
408,7,5.40069999999999961,0.44643490438214417,0.55356509561785583,0.00000000000000000
409,7,1.57410000000000005,1.00000000000000000,0.00000000000000000,0.00000000000000000
410,7,1.61020000000000008,1.00000000000000000,0.00000000000000000,0.00000000000000000
411,7,10.58569999999999922,0.00000000000000000,0.00000000000000000,1.00000000000000000
412,7,5.10039999999999960,0.55566568760287005,0.44433431239712995,0.00000000000000000
413,7,8.90670000000000073,0.00000000000000000,0.17116641962734955,0.82883358037265042
414,7,1.74550000000000005,1.00000000000000000,0.00000000000000000,0.00000000000000000
415,7,4.36650000000000027,0.82261364566377781,0.17738635433622213,0.00000000000000000
416,7,2.45270000000000010,1.00000000000000000,0.00000000000000000,0.00000000000000000
417,7,7.82779999999999987,0.00000000000000000,0.56360428848129951,0.43639571151870055
418,7,2.50519999999999987,1.00000000000000000,0.00000000000000000,0.00000000000000000
419,7,1.34590000000000010,1.00000000000000000,0.00000000000000000,0.00000000000000000
420,7,2.04590000000000005,1.00000000000000000,0.00000000000000000,0.00000000000000000
421,7,3.09929999999999994,1.00000000000000000,0.00000000000000000,0.00000000000000000
422,7,4.09830000000000005,0.92016841109767300,0.07983158890232706,0.00000000000000000
423,7,2.70190000000000019,1.00000000000000000,0.00000000000000000,0.00000000000000000
424,7,3.55489999999999995,1.00000000000000000,0.00000000000000000,0.00000000000000000
425,7,3.13229999999999986,1.00000000000000000,0.00000000000000000,0.00000000000000000
426,7,2.26250000000000018,1.00000000000000000,0.00000000000000000,0.00000000000000000
427,7,2.91529999999999978,1.00000000000000000,0.00000000000000000,0.00000000000000000
428,7,4.23299999999999965,0.87117278505760731,0.12882721494239274,0.00000000000000000
429,7,6.08209999999999962,0.19858323709409029,0.80141676290590969,0.00000000000000000
430,7,1.45470000000000010,1.00000000000000000,0.00000000000000000,0.00000000000000000
431,7,3.99000000000000021,0.95956133092053209,0.04043866907946794,0.00000000000000000
432,7,6.59210000000000029,0.01307641244350670,0.98692358755649334,0.00000000000000000
433,7,4.81219999999999981,0.66049523047404279,0.33950476952595726,0.00000000000000000
434,7,5.56050000000000022,0.38830943265829454,0.61169056734170546,0.00000000000000000
435,7,4.42900000000000027,0.79987996617228485,0.20012003382771520,0.00000000000000000
436,7,7.03549999999999986,0.00000000000000000,0.85179459665905854,0.14820540334094143
437,7,2.38890000000000002,1.00000000000000000,0.00000000000000000,0.00000000000000000
438,7,2.11070000000000002,1.00000000000000000,0.00000000000000000,0.00000000000000000
439,7,3.65189999999999992,1.00000000000000000,0.00000000000000000,0.00000000000000000
440,7,5.72090000000000032,0.32996571761132670,0.67003428238867324,0.00000000000000000
441,7,2.43290000000000006,1.00000000000000000,0.00000000000000000,0.00000000000000000
442,7,2.18500000000000005,1.00000000000000000,0.00000000000000000,0.00000000000000000
443,7,1.72809999999999997,1.00000000000000000,0.00000000000000000,0.00000000000000000
444,7,2.50910000000000011,1.00000000000000000,0.00000000000000000,0.00000000000000000
445,7,1.96690000000000009,1.00000000000000000,0.00000000000000000,0.00000000000000000
446,7,3.79649999999999999,1.00000000000000000,0.00000000000000000,0.00000000000000000
447,7,4.72109999999999985,0.69363184170084302,0.30636815829915698,0.00000000000000000
448,7,3.27210000000000001,1.00000000000000000,0.00000000000000000,0.00000000000000000
449,7,1.90959999999999996,1.00000000000000000,0.00000000000000000,0.00000000000000000
450,7,2.59609999999999985,1.00000000000000000,0.00000000000000000,0.00000000000000000
451,7,1.89559999999999995,1.00000000000000000,0.00000000000000000,0.00000000000000000
452,7,3.78860000000000019,1.00000000000000000,0.00000000000000000,0.00000000000000000
453,7,6.33610000000000007,0.10619356364066235,0.89380643635933765,0.00000000000000000
454,7,2.78310000000000013,1.00000000000000000,0.00000000000000000,0.00000000000000000
455,7,2.32359999999999989,1.00000000000000000,0.00000000000000000,0.00000000000000000
456,7,6.47980000000000000,0.05392428775382153,0.94607571224617848,0.00000000000000000
457,7,2.59790000000000010,1.00000000000000000,0.00000000000000000,0.00000000000000000
458,7,3.65260000000000007,1.00000000000000000,0.00000000000000000,0.00000000000000000
459,7,2.25769999999999982,1.00000000000000000,0.00000000000000000,0.00000000000000000
460,7,2.98789999999999978,1.00000000000000000,0.00000000000000000,0.00000000000000000
461,7,2.42099999999999982,1.00000000000000000,0.00000000000000000,0.00000000000000000
462,7,3.93420000000000014,0.97985795997053704,0.02014204002946291,0.00000000000000000
463,7,4.07760000000000034,0.92769780574525540,0.07230219425474466,0.00000000000000000
464,7,1.81949999999999990,1.00000000000000000,0.00000000000000000,0.00000000000000000
465,7,1.41910000000000003,1.00000000000000000,0.00000000000000000,0.00000000000000000
466,7,1.51659999999999995,1.00000000000000000,0.00000000000000000,0.00000000000000000
467,7,2.31579999999999986,1.00000000000000000,0.00000000000000000,0.00000000000000000
468,7,2.28750000000000009,1.00000000000000000,0.00000000000000000,0.00000000000000000
469,7,2.77919999999999989,1.00000000000000000,0.00000000000000000,0.00000000000000000
470,7,1.46720000000000006,1.00000000000000000,0.00000000000000000,0.00000000000000000
471,7,4.72109999999999985,0.69363184170084302,0.30636815829915698,0.00000000000000000
472,7,2.27099999999999991,1.00000000000000000,0.00000000000000000,0.00000000000000000
473,7,1.80259999999999998,1.00000000000000000,0.00000000000000000,0.00000000000000000
474,7,2.16749999999999998,1.00000000000000000,0.00000000000000000,0.00000000000000000
475,7,2.53290000000000015,1.00000000000000000,0.00000000000000000,0.00000000000000000
476,7,1.58949999999999991,1.00000000000000000,0.00000000000000000,0.00000000000000000
477,7,2.71749999999999980,1.00000000000000000,0.00000000000000000,0.00000000000000000
478,7,4.54039999999999999,0.75935945584664766,0.24064054415335231,0.00000000000000000
479,7,6.18989999999999974,0.15937218670716302,0.84062781329283698,0.00000000000000000
480,7,1.97989999999999999,1.00000000000000000,0.00000000000000000,0.00000000000000000
481,7,7.65340000000000042,0.00000000000000000,0.62704034773436146,0.37295965226563854
482,7,6.49800000000000022,0.04730424028589867,0.95269575971410136,0.00000000000000000
483,7,8.79209999999999958,0.00000000000000000,0.21285089434295160,0.78714910565704843
484,7,4.39960000000000040,0.81057388900508309,0.18942611099491691,0.00000000000000000
485,7,5.40109999999999957,0.44628940883339868,0.55371059116660137,0.00000000000000000
486,7,2.26160000000000005,1.00000000000000000,0.00000000000000000,0.00000000000000000
487,7,6.61150000000000038,0.00601987832934722,0.99398012167065275,0.00000000000000000
488,7,5.11669999999999980,0.54973674399148853,0.45026325600851141,0.00000000000000000
489,7,4.10069999999999979,0.91929543780519973,0.08070456219480028,0.00000000000000000
490,7,6.49800000000000022,0.04730424028589867,0.95269575971410136,0.00000000000000000
491,7,2.13980000000000015,1.00000000000000000,0.00000000000000000,0.00000000000000000
492,7,3.03339999999999987,1.00000000000000000,0.00000000000000000,0.00000000000000000
493,7,2.16199999999999992,1.00000000000000000,0.00000000000000000,0.00000000000000000
494,7,2.17050000000000010,1.00000000000000000,0.00000000000000000,0.00000000000000000
495,7,2.20040000000000013,1.00000000000000000,0.00000000000000000,0.00000000000000000
496,7,7.30900000000000016,0.00000000000000000,0.75231201520428481,0.24768798479571513
497,7,1.35800000000000010,1.00000000000000000,0.00000000000000000,0.00000000000000000
498,7,1.99289999999999989,1.00000000000000000,0.00000000000000000,0.00000000000000000
499,7,6.81470000000000020,0.00000000000000000,0.93210813956660510,0.06789186043339492
500,7,1.89460000000000006,1.00000000000000000,0.00000000000000000,0.00000000000000000
501,7,3.99860000000000015,0.95643317662250260,0.04356682337749736,0.00000000000000000
502,7,1.63900000000000001,1.00000000000000000,0.00000000000000000,0.00000000000000000
503,7,3.58749999999999991,1.00000000000000000,0.00000000000000000,0.00000000000000000
504,7,3.66590000000000016,1.00000000000000000,0.00000000000000000,0.00000000000000000
0,8,24.00000000000000000,0.00000000000000000,0.00000000000000000,1.00000000000000000
1,8,24.00000000000000000,0.00000000000000000,0.00000000000000000,1.00000000000000000
2,8,4.00000000000000000,1.00000000000000000,0.00000000000000000,0.00000000000000000
3,8,4.00000000000000000,1.00000000000000000,0.00000000000000000,0.00000000000000000
4,8,24.00000000000000000,0.00000000000000000,0.00000000000000000,1.00000000000000000
5,8,4.00000000000000000,1.00000000000000000,0.00000000000000000,0.00000000000000000
6,8,5.00000000000000000,1.00000000000000000,0.00000000000000000,0.00000000000000000
7,8,24.00000000000000000,0.00000000000000000,0.00000000000000000,1.00000000000000000
8,8,5.00000000000000000,1.00000000000000000,0.00000000000000000,0.00000000000000000
9,8,5.00000000000000000,1.00000000000000000,0.00000000000000000,0.00000000000000000
10,8,3.00000000000000000,1.00000000000000000,0.00000000000000000,0.00000000000000000
11,8,5.00000000000000000,1.00000000000000000,0.00000000000000000,0.00000000000000000
12,8,8.00000000000000000,0.78260869565217395,0.21739130434782608,0.00000000000000000
13,8,6.00000000000000000,1.00000000000000000,0.00000000000000000,0.00000000000000000
14,8,3.00000000000000000,1.00000000000000000,0.00000000000000000,0.00000000000000000
15,8,5.00000000000000000,1.00000000000000000,0.00000000000000000,0.00000000000000000
16,8,1.00000000000000000,1.00000000000000000,0.00000000000000000,0.00000000000000000
17,8,24.00000000000000000,0.00000000000000000,0.00000000000000000,1.00000000000000000
18,8,4.00000000000000000,1.00000000000000000,0.00000000000000000,0.00000000000000000
19,8,8.00000000000000000,0.78260869565217395,0.21739130434782608,0.00000000000000000
20,8,3.00000000000000000,1.00000000000000000,0.00000000000000000,0.00000000000000000
21,8,8.00000000000000000,0.78260869565217395,0.21739130434782608,0.00000000000000000
22,8,4.00000000000000000,1.00000000000000000,0.00000000000000000,0.00000000000000000
23,8,5.00000000000000000,1.00000000000000000,0.00000000000000000,0.00000000000000000
24,8,5.00000000000000000,1.00000000000000000,0.00000000000000000,0.00000000000000000
25,8,6.00000000000000000,1.00000000000000000,0.00000000000000000,0.00000000000000000
26,8,3.00000000000000000,1.00000000000000000,0.00000000000000000,0.00000000000000000
27,8,4.00000000000000000,1.00000000000000000,0.00000000000000000,0.00000000000000000
28,8,24.00000000000000000,0.00000000000000000,0.00000000000000000,1.00000000000000000
29,8,4.00000000000000000,1.00000000000000000,0.00000000000000000,0.00000000000000000
30,8,8.00000000000000000,0.78260869565217395,0.21739130434782608,0.00000000000000000
31,8,24.00000000000000000,0.00000000000000000,0.00000000000000000,1.00000000000000000
32,8,24.00000000000000000,0.00000000000000000,0.00000000000000000,1.00000000000000000
33,8,4.00000000000000000,1.00000000000000000,0.00000000000000000,0.00000000000000000
34,8,24.00000000000000000,0.00000000000000000,0.00000000000000000,1.00000000000000000
35,8,5.00000000000000000,1.00000000000000000,0.00000000000000000,0.00000000000000000
36,8,5.00000000000000000,1.00000000000000000,0.00000000000000000,0.00000000000000000
37,8,5.00000000000000000,1.00000000000000000,0.00000000000000000,0.00000000000000000
38,8,24.00000000000000000,0.00000000000000000,0.00000000000000000,1.00000000000000000
39,8,5.00000000000000000,1.00000000000000000,0.00000000000000000,0.00000000000000000
40,8,24.00000000000000000,0.00000000000000000,0.00000000000000000,1.00000000000000000
41,8,5.00000000000000000,1.00000000000000000,0.00000000000000000,0.00000000000000000
42,8,4.00000000000000000,1.00000000000000000,0.00000000000000000,0.00000000000000000
43,8,5.00000000000000000,1.00000000000000000,0.00000000000000000,0.00000000000000000
44,8,4.00000000000000000,1.00000000000000000,0.00000000000000000,0.00000000000000000
45,8,24.00000000000000000,0.00000000000000000,0.00000000000000000,1.00000000000000000
46,8,4.00000000000000000,1.00000000000000000,0.00000000000000000,0.00000000000000000
47,8,5.00000000000000000,1.00000000000000000,0.00000000000000000,0.00000000000000000
48,8,3.00000000000000000,1.00000000000000000,0.00000000000000000,0.00000000000000000
49,8,24.00000000000000000,0.00000000000000000,0.00000000000000000,1.00000000000000000
50,8,5.00000000000000000,1.00000000000000000,0.00000000000000000,0.00000000000000000
51,8,24.00000000000000000,0.00000000000000000,0.00000000000000000,1.00000000000000000
52,8,8.00000000000000000,0.78260869565217395,0.21739130434782608,0.00000000000000000
53,8,4.00000000000000000,1.00000000000000000,0.00000000000000000,0.00000000000000000
54,8,24.00000000000000000,0.00000000000000000,0.00000000000000000,1.00000000000000000
55,8,4.00000000000000000,1.00000000000000000,0.00000000000000000,0.00000000000000000
56,8,4.00000000000000000,1.00000000000000000,0.00000000000000000,0.00000000000000000
57,8,5.00000000000000000,1.00000000000000000,0.00000000000000000,0.00000000000000000
58,8,4.00000000000000000,1.00000000000000000,0.00000000000000000,0.00000000000000000
59,8,24.00000000000000000,0.00000000000000000,0.00000000000000000,1.00000000000000000
60,8,24.00000000000000000,0.00000000000000000,0.00000000000000000,1.00000000000000000
61,8,24.00000000000000000,0.00000000000000000,0.00000000000000000,1.00000000000000000
62,8,2.00000000000000000,1.00000000000000000,0.00000000000000000,0.00000000000000000
63,8,5.00000000000000000,1.00000000000000000,0.00000000000000000,0.00000000000000000
64,8,4.00000000000000000,1.00000000000000000,0.00000000000000000,0.00000000000000000
65,8,24.00000000000000000,0.00000000000000000,0.00000000000000000,1.00000000000000000
66,8,3.00000000000000000,1.00000000000000000,0.00000000000000000,0.00000000000000000
67,8,4.00000000000000000,1.00000000000000000,0.00000000000000000,0.00000000000000000
68,8,24.00000000000000000,0.00000000000000000,0.00000000000000000,1.00000000000000000
69,8,6.00000000000000000,1.00000000000000000,0.00000000000000000,0.00000000000000000
70,8,24.00000000000000000,0.00000000000000000,0.00000000000000000,1.00000000000000000
71,8,24.00000000000000000,0.00000000000000000,0.00000000000000000,1.00000000000000000
72,8,1.00000000000000000,1.00000000000000000,0.00000000000000000,0.00000000000000000
73,8,24.00000000000000000,0.00000000000000000,0.00000000000000000,1.00000000000000000
74,8,5.00000000000000000,1.00000000000000000,0.00000000000000000,0.00000000000000000
75,8,4.00000000000000000,1.00000000000000000,0.00000000000000000,0.00000000000000000
76,8,4.00000000000000000,1.00000000000000000,0.00000000000000000,0.00000000000000000
77,8,24.00000000000000000,0.00000000000000000,0.00000000000000000,1.00000000000000000
78,8,8.00000000000000000,0.78260869565217395,0.21739130434782608,0.00000000000000000
79,8,24.00000000000000000,0.00000000000000000,0.00000000000000000,1.00000000000000000
80,8,5.00000000000000000,1.00000000000000000,0.00000000000000000,0.00000000000000000
81,8,1.00000000000000000,1.00000000000000000,0.00000000000000000,0.00000000000000000
82,8,5.00000000000000000,1.00000000000000000,0.00000000000000000,0.00000000000000000
83,8,24.00000000000000000,0.00000000000000000,0.00000000000000000,1.00000000000000000
84,8,2.00000000000000000,1.00000000000000000,0.00000000000000000,0.00000000000000000
85,8,5.00000000000000000,1.00000000000000000,0.00000000000000000,0.00000000000000000
86,8,24.00000000000000000,0.00000000000000000,0.00000000000000000,1.00000000000000000
87,8,5.00000000000000000,1.00000000000000000,0.00000000000000000,0.00000000000000000
88,8,2.00000000000000000,1.00000000000000000,0.00000000000000000,0.00000000000000000
89,8,24.00000000000000000,0.00000000000000000,0.00000000000000000,1.00000000000000000
90,8,4.00000000000000000,1.00000000000000000,0.00000000000000000,0.00000000000000000
91,8,24.00000000000000000,0.00000000000000000,0.00000000000000000,1.00000000000000000
92,8,6.00000000000000000,1.00000000000000000,0.00000000000000000,0.00000000000000000
93,8,3.00000000000000000,1.00000000000000000,0.00000000000000000,0.00000000000000000
94,8,5.00000000000000000,1.00000000000000000,0.00000000000000000,0.00000000000000000
95,8,4.00000000000000000,1.00000000000000000,0.00000000000000000,0.00000000000000000
96,8,2.00000000000000000,1.00000000000000000,0.00000000000000000,0.00000000000000000
97,8,5.00000000000000000,1.00000000000000000,0.00000000000000000,0.00000000000000000
98,8,5.00000000000000000,1.00000000000000000,0.00000000000000000,0.00000000000000000
99,8,3.00000000000000000,1.00000000000000000,0.00000000000000000,0.00000000000000000
100,8,5.00000000000000000,1.00000000000000000,0.00000000000000000,0.00000000000000000
101,8,4.00000000000000000,1.00000000000000000,0.00000000000000000,0.00000000000000000
102,8,4.00000000000000000,1.00000000000000000,0.00000000000000000,0.00000000000000000
103,8,4.00000000000000000,1.00000000000000000,0.00000000000000000,0.00000000000000000
104,8,2.00000000000000000,1.00000000000000000,0.00000000000000000,0.00000000000000000
105,8,8.00000000000000000,0.78260869565217395,0.21739130434782608,0.00000000000000000
106,8,24.00000000000000000,0.00000000000000000,0.00000000000000000,1.00000000000000000
107,8,5.00000000000000000,1.00000000000000000,0.00000000000000000,0.00000000000000000
108,8,24.00000000000000000,0.00000000000000000,0.00000000000000000,1.00000000000000000
109,8,1.00000000000000000,1.00000000000000000,0.00000000000000000,0.00000000000000000
110,8,4.00000000000000000,1.00000000000000000,0.00000000000000000,0.00000000000000000
111,8,24.00000000000000000,0.00000000000000000,0.00000000000000000,1.00000000000000000
112,8,3.00000000000000000,1.00000000000000000,0.00000000000000000,0.00000000000000000
113,8,4.00000000000000000,1.00000000000000000,0.00000000000000000,0.00000000000000000
114,8,6.00000000000000000,1.00000000000000000,0.00000000000000000,0.00000000000000000
115,8,24.00000000000000000,0.00000000000000000,0.00000000000000000,1.00000000000000000
116,8,5.00000000000000000,1.00000000000000000,0.00000000000000000,0.00000000000000000
117,8,24.00000000000000000,0.00000000000000000,0.00000000000000000,1.00000000000000000
118,8,4.00000000000000000,1.00000000000000000,0.00000000000000000,0.00000000000000000
119,8,24.00000000000000000,0.00000000000000000,0.00000000000000000,1.00000000000000000
120,8,24.00000000000000000,0.00000000000000000,0.00000000000000000,1.00000000000000000
121,8,1.00000000000000000,1.00000000000000000,0.00000000000000000,0.00000000000000000
122,8,5.00000000000000000,1.00000000000000000,0.00000000000000000,0.00000000000000000
123,8,5.00000000000000000,1.00000000000000000,0.00000000000000000,0.00000000000000000
124,8,6.00000000000000000,1.00000000000000000,0.00000000000000000,0.00000000000000000
125,8,5.00000000000000000,1.00000000000000000,0.00000000000000000,0.00000000000000000
126,8,5.00000000000000000,1.00000000000000000,0.00000000000000000,0.00000000000000000
127,8,5.00000000000000000,1.00000000000000000,0.00000000000000000,0.00000000000000000
128,8,24.00000000000000000,0.00000000000000000,0.00000000000000000,1.00000000000000000
129,8,3.00000000000000000,1.00000000000000000,0.00000000000000000,0.00000000000000000
130,8,2.00000000000000000,1.00000000000000000,0.00000000000000000,0.00000000000000000
131,8,24.00000000000000000,0.00000000000000000,0.00000000000000000,1.00000000000000000
132,8,24.00000000000000000,0.00000000000000000,0.00000000000000000,1.00000000000000000
133,8,7.00000000000000000,0.95652173913043481,0.04347826086956522,0.00000000000000000
134,8,8.00000000000000000,0.78260869565217395,0.21739130434782608,0.00000000000000000
135,8,4.00000000000000000,1.00000000000000000,0.00000000000000000,0.00000000000000000
136,8,4.00000000000000000,1.00000000000000000,0.00000000000000000,0.00000000000000000
137,8,24.00000000000000000,0.00000000000000000,0.00000000000000000,1.00000000000000000
138,8,24.00000000000000000,0.00000000000000000,0.00000000000000000,1.00000000000000000
139,8,6.00000000000000000,1.00000000000000000,0.00000000000000000,0.00000000000000000
140,8,6.00000000000000000,1.00000000000000000,0.00000000000000000,0.00000000000000000
141,8,5.00000000000000000,1.00000000000000000,0.00000000000000000,0.00000000000000000
142,8,4.00000000000000000,1.00000000000000000,0.00000000000000000,0.00000000000000000
143,8,4.00000000000000000,1.00000000000000000,0.00000000000000000,0.00000000000000000
144,8,4.00000000000000000,1.00000000000000000,0.00000000000000000,0.00000000000000000
145,8,8.00000000000000000,0.78260869565217395,0.21739130434782608,0.00000000000000000
146,8,4.00000000000000000,1.00000000000000000,0.00000000000000000,0.00000000000000000
147,8,24.00000000000000000,0.00000000000000000,0.00000000000000000,1.00000000000000000
148,8,6.00000000000000000,1.00000000000000000,0.00000000000000000,0.00000000000000000
149,8,4.00000000000000000,1.00000000000000000,0.00000000000000000,0.00000000000000000
150,8,24.00000000000000000,0.00000000000000000,0.00000000000000000,1.00000000000000000
151,8,3.00000000000000000,1.00000000000000000,0.00000000000000000,0.00000000000000000
152,8,4.00000000000000000,1.00000000000000000,0.00000000000000000,0.00000000000000000
153,8,5.00000000000000000,1.00000000000000000,0.00000000000000000,0.00000000000000000
154,8,7.00000000000000000,0.95652173913043481,0.04347826086956522,0.00000000000000000
155,8,24.00000000000000000,0.00000000000000000,0.00000000000000000,1.00000000000000000
156,8,3.00000000000000000,1.00000000000000000,0.00000000000000000,0.00000000000000000
157,8,6.00000000000000000,1.00000000000000000,0.00000000000000000,0.00000000000000000
158,8,24.00000000000000000,0.00000000000000000,0.00000000000000000,1.00000000000000000
159,8,7.00000000000000000,0.95652173913043481,0.04347826086956522,0.00000000000000000
160,8,24.00000000000000000,0.00000000000000000,0.00000000000000000,1.00000000000000000
161,8,3.00000000000000000,1.00000000000000000,0.00000000000000000,0.00000000000000000
162,8,24.00000000000000000,0.00000000000000000,0.00000000000000000,1.00000000000000000
163,8,2.00000000000000000,1.00000000000000000,0.00000000000000000,0.00000000000000000
164,8,6.00000000000000000,1.00000000000000000,0.00000000000000000,0.00000000000000000
165,8,1.00000000000000000,1.00000000000000000,0.00000000000000000,0.00000000000000000
166,8,8.00000000000000000,0.78260869565217395,0.21739130434782608,0.00000000000000000
167,8,3.00000000000000000,1.00000000000000000,0.00000000000000000,0.00000000000000000
168,8,4.00000000000000000,1.00000000000000000,0.00000000000000000,0.00000000000000000
169,8,4.00000000000000000,1.00000000000000000,0.00000000000000000,0.00000000000000000
170,8,4.00000000000000000,1.00000000000000000,0.00000000000000000,0.00000000000000000
171,8,4.00000000000000000,1.00000000000000000,0.00000000000000000,0.00000000000000000
172,8,7.00000000000000000,0.95652173913043481,0.04347826086956522,0.00000000000000000
173,8,3.00000000000000000,1.00000000000000000,0.00000000000000000,0.00000000000000000
174,8,3.00000000000000000,1.00000000000000000,0.00000000000000000,0.00000000000000000
175,8,5.00000000000000000,1.00000000000000000,0.00000000000000000,0.00000000000000000
176,8,5.00000000000000000,1.00000000000000000,0.00000000000000000,0.00000000000000000
177,8,4.00000000000000000,1.00000000000000000,0.00000000000000000,0.00000000000000000
178,8,4.00000000000000000,1.00000000000000000,0.00000000000000000,0.00000000000000000
179,8,6.00000000000000000,1.00000000000000000,0.00000000000000000,0.00000000000000000
180,8,5.00000000000000000,1.00000000000000000,0.00000000000000000,0.00000000000000000
181,8,1.00000000000000000,1.00000000000000000,0.00000000000000000,0.00000000000000000
182,8,5.00000000000000000,1.00000000000000000,0.00000000000000000,0.00000000000000000
183,8,24.00000000000000000,0.00000000000000000,0.00000000000000000,1.00000000000000000
184,8,24.00000000000000000,0.00000000000000000,0.00000000000000000,1.00000000000000000
185,8,2.00000000000000000,1.00000000000000000,0.00000000000000000,0.00000000000000000
186,8,24.00000000000000000,0.00000000000000000,0.00000000000000000,1.00000000000000000
187,8,1.00000000000000000,1.00000000000000000,0.00000000000000000,0.00000000000000000
188,8,5.00000000000000000,1.00000000000000000,0.00000000000000000,0.00000000000000000
189,8,4.00000000000000000,1.00000000000000000,0.00000000000000000,0.00000000000000000
190,8,24.00000000000000000,0.00000000000000000,0.00000000000000000,1.00000000000000000
191,8,5.00000000000000000,1.00000000000000000,0.00000000000000000,0.00000000000000000
192,8,2.00000000000000000,1.00000000000000000,0.00000000000000000,0.00000000000000000
193,8,7.00000000000000000,0.95652173913043481,0.04347826086956522,0.00000000000000000
194,8,5.00000000000000000,1.00000000000000000,0.00000000000000000,0.00000000000000000
195,8,24.00000000000000000,0.00000000000000000,0.00000000000000000,1.00000000000000000
196,8,4.00000000000000000,1.00000000000000000,0.00000000000000000,0.00000000000000000
197,8,24.00000000000000000,0.00000000000000000,0.00000000000000000,1.00000000000000000
198,8,5.00000000000000000,1.00000000000000000,0.00000000000000000,0.00000000000000000
199,8,5.00000000000000000,1.00000000000000000,0.00000000000000000,0.00000000000000000
200,8,5.00000000000000000,1.00000000000000000,0.00000000000000000,0.00000000000000000
201,8,4.00000000000000000,1.00000000000000000,0.00000000000000000,0.00000000000000000
202,8,24.00000000000000000,0.00000000000000000,0.00000000000000000,1.00000000000000000
203,8,6.00000000000000000,1.00000000000000000,0.00000000000000000,0.00000000000000000
204,8,24.00000000000000000,0.00000000000000000,0.00000000000000000,1.00000000000000000
205,8,24.00000000000000000,0.00000000000000000,0.00000000000000000,1.00000000000000000
206,8,4.00000000000000000,1.00000000000000000,0.00000000000000000,0.00000000000000000
207,8,4.00000000000000000,1.00000000000000000,0.00000000000000000,0.00000000000000000
208,8,6.00000000000000000,1.00000000000000000,0.00000000000000000,0.00000000000000000
209,8,24.00000000000000000,0.00000000000000000,0.00000000000000000,1.00000000000000000
210,8,24.00000000000000000,0.00000000000000000,0.00000000000000000,1.00000000000000000
211,8,6.00000000000000000,1.00000000000000000,0.00000000000000000,0.00000000000000000
212,8,5.00000000000000000,1.00000000000000000,0.00000000000000000,0.00000000000000000
213,8,24.00000000000000000,0.00000000000000000,0.00000000000000000,1.00000000000000000
214,8,1.00000000000000000,1.00000000000000000,0.00000000000000000,0.00000000000000000
215,8,24.00000000000000000,0.00000000000000000,0.00000000000000000,1.00000000000000000
216,8,5.00000000000000000,1.00000000000000000,0.00000000000000000,0.00000000000000000
217,8,7.00000000000000000,0.95652173913043481,0.04347826086956522,0.00000000000000000
218,8,3.00000000000000000,1.00000000000000000,0.00000000000000000,0.00000000000000000
219,8,8.00000000000000000,0.78260869565217395,0.21739130434782608,0.00000000000000000
220,8,3.00000000000000000,1.00000000000000000,0.00000000000000000,0.00000000000000000
221,8,24.00000000000000000,0.00000000000000000,0.00000000000000000,1.00000000000000000
222,8,24.00000000000000000,0.00000000000000000,0.00000000000000000,1.00000000000000000
223,8,24.00000000000000000,0.00000000000000000,0.00000000000000000,1.00000000000000000
224,8,24.00000000000000000,0.00000000000000000,0.00000000000000000,1.00000000000000000
225,8,3.00000000000000000,1.00000000000000000,0.00000000000000000,0.00000000000000000
226,8,24.00000000000000000,0.00000000000000000,0.00000000000000000,1.00000000000000000
227,8,6.00000000000000000,1.00000000000000000,0.00000000000000000,0.00000000000000000
228,8,5.00000000000000000,1.00000000000000000,0.00000000000000000,0.00000000000000000
229,8,24.00000000000000000,0.00000000000000000,0.00000000000000000,1.00000000000000000
230,8,2.00000000000000000,1.00000000000000000,0.00000000000000000,0.00000000000000000
231,8,4.00000000000000000,1.00000000000000000,0.00000000000000000,0.00000000000000000
232,8,4.00000000000000000,1.00000000000000000,0.00000000000000000,0.00000000000000000
233,8,7.00000000000000000,0.95652173913043481,0.04347826086956522,0.00000000000000000
234,8,24.00000000000000000,0.00000000000000000,0.00000000000000000,1.00000000000000000
235,8,4.00000000000000000,1.00000000000000000,0.00000000000000000,0.00000000000000000
236,8,7.00000000000000000,0.95652173913043481,0.04347826086956522,0.00000000000000000
237,8,5.00000000000000000,1.00000000000000000,0.00000000000000000,0.00000000000000000
238,8,5.00000000000000000,1.00000000000000000,0.00000000000000000,0.00000000000000000
239,8,4.00000000000000000,1.00000000000000000,0.00000000000000000,0.00000000000000000
240,8,4.00000000000000000,1.00000000000000000,0.00000000000000000,0.00000000000000000
241,8,4.00000000000000000,1.00000000000000000,0.00000000000000000,0.00000000000000000
242,8,5.00000000000000000,1.00000000000000000,0.00000000000000000,0.00000000000000000
243,8,5.00000000000000000,1.00000000000000000,0.00000000000000000,0.00000000000000000
244,8,1.00000000000000000,1.00000000000000000,0.00000000000000000,0.00000000000000000
245,8,4.00000000000000000,1.00000000000000000,0.00000000000000000,0.00000000000000000
246,8,5.00000000000000000,1.00000000000000000,0.00000000000000000,0.00000000000000000
247,8,4.00000000000000000,1.00000000000000000,0.00000000000000000,0.00000000000000000
248,8,5.00000000000000000,1.00000000000000000,0.00000000000000000,0.00000000000000000
249,8,6.00000000000000000,1.00000000000000000,0.00000000000000000,0.00000000000000000
250,8,4.00000000000000000,1.00000000000000000,0.00000000000000000,0.00000000000000000
251,8,24.00000000000000000,0.00000000000000000,0.00000000000000000,1.00000000000000000
252,8,5.00000000000000000,1.00000000000000000,0.00000000000000000,0.00000000000000000
253,8,3.00000000000000000,1.00000000000000000,0.00000000000000000,0.00000000000000000
254,8,7.00000000000000000,0.95652173913043481,0.04347826086956522,0.00000000000000000
255,8,5.00000000000000000,1.00000000000000000,0.00000000000000000,0.00000000000000000
256,8,5.00000000000000000,1.00000000000000000,0.00000000000000000,0.00000000000000000
257,8,24.00000000000000000,0.00000000000000000,0.00000000000000000,1.00000000000000000
258,8,24.00000000000000000,0.00000000000000000,0.00000000000000000,1.00000000000000000
259,8,24.00000000000000000,0.00000000000000000,0.00000000000000000,1.00000000000000000
260,8,4.00000000000000000,1.00000000000000000,0.00000000000000000,0.00000000000000000
261,8,24.00000000000000000,0.00000000000000000,0.00000000000000000,1.00000000000000000
262,8,1.00000000000000000,1.00000000000000000,0.00000000000000000,0.00000000000000000
263,8,2.00000000000000000,1.00000000000000000,0.00000000000000000,0.00000000000000000
264,8,4.00000000000000000,1.00000000000000000,0.00000000000000000,0.00000000000000000
265,8,7.00000000000000000,0.95652173913043481,0.04347826086956522,0.00000000000000000
266,8,2.00000000000000000,1.00000000000000000,0.00000000000000000,0.00000000000000000
267,8,5.00000000000000000,1.00000000000000000,0.00000000000000000,0.00000000000000000
268,8,3.00000000000000000,1.00000000000000000,0.00000000000000000,0.00000000000000000
269,8,6.00000000000000000,1.00000000000000000,0.00000000000000000,0.00000000000000000
270,8,1.00000000000000000,1.00000000000000000,0.00000000000000000,0.00000000000000000
271,8,24.00000000000000000,0.00000000000000000,0.00000000000000000,1.00000000000000000
272,8,4.00000000000000000,1.00000000000000000,0.00000000000000000,0.00000000000000000
273,8,7.00000000000000000,0.95652173913043481,0.04347826086956522,0.00000000000000000
274,8,24.00000000000000000,0.00000000000000000,0.00000000000000000,1.00000000000000000
275,8,2.00000000000000000,1.00000000000000000,0.00000000000000000,0.00000000000000000
276,8,3.00000000000000000,1.00000000000000000,0.00000000000000000,0.00000000000000000
277,8,2.00000000000000000,1.00000000000000000,0.00000000000000000,0.00000000000000000
278,8,4.00000000000000000,1.00000000000000000,0.00000000000000000,0.00000000000000000
279,8,4.00000000000000000,1.00000000000000000,0.00000000000000000,0.00000000000000000
280,8,6.00000000000000000,1.00000000000000000,0.00000000000000000,0.00000000000000000
281,8,5.00000000000000000,1.00000000000000000,0.00000000000000000,0.00000000000000000
282,8,4.00000000000000000,1.00000000000000000,0.00000000000000000,0.00000000000000000
283,8,24.00000000000000000,0.00000000000000000,0.00000000000000000,1.00000000000000000
284,8,5.00000000000000000,1.00000000000000000,0.00000000000000000,0.00000000000000000
285,8,4.00000000000000000,1.00000000000000000,0.00000000000000000,0.00000000000000000
286,8,6.00000000000000000,1.00000000000000000,0.00000000000000000,0.00000000000000000
287,8,5.00000000000000000,1.00000000000000000,0.00000000000000000,0.00000000000000000
288,8,5.00000000000000000,1.00000000000000000,0.00000000000000000,0.00000000000000000
289,8,24.00000000000000000,0.00000000000000000,0.00000000000000000,1.00000000000000000
290,8,4.00000000000000000,1.00000000000000000,0.00000000000000000,0.00000000000000000
291,8,24.00000000000000000,0.00000000000000000,0.00000000000000000,1.00000000000000000
292,8,24.00000000000000000,0.00000000000000000,0.00000000000000000,1.00000000000000000
293,8,24.00000000000000000,0.00000000000000000,0.00000000000000000,1.00000000000000000
294,8,24.00000000000000000,0.00000000000000000,0.00000000000000000,1.00000000000000000
295,8,5.00000000000000000,1.00000000000000000,0.00000000000000000,0.00000000000000000
296,8,3.00000000000000000,1.00000000000000000,0.00000000000000000,0.00000000000000000
297,8,5.00000000000000000,1.00000000000000000,0.00000000000000000,0.00000000000000000
298,8,4.00000000000000000,1.00000000000000000,0.00000000000000000,0.00000000000000000
299,8,5.00000000000000000,1.00000000000000000,0.00000000000000000,0.00000000000000000
300,8,6.00000000000000000,1.00000000000000000,0.00000000000000000,0.00000000000000000
301,8,5.00000000000000000,1.00000000000000000,0.00000000000000000,0.00000000000000000
302,8,4.00000000000000000,1.00000000000000000,0.00000000000000000,0.00000000000000000
303,8,5.00000000000000000,1.00000000000000000,0.00000000000000000,0.00000000000000000
304,8,6.00000000000000000,1.00000000000000000,0.00000000000000000,0.00000000000000000
305,8,7.00000000000000000,0.95652173913043481,0.04347826086956522,0.00000000000000000
306,8,24.00000000000000000,0.00000000000000000,0.00000000000000000,1.00000000000000000
307,8,5.00000000000000000,1.00000000000000000,0.00000000000000000,0.00000000000000000
308,8,5.00000000000000000,1.00000000000000000,0.00000000000000000,0.00000000000000000
309,8,24.00000000000000000,0.00000000000000000,0.00000000000000000,1.00000000000000000
310,8,4.00000000000000000,1.00000000000000000,0.00000000000000000,0.00000000000000000
311,8,1.00000000000000000,1.00000000000000000,0.00000000000000000,0.00000000000000000
312,8,24.00000000000000000,0.00000000000000000,0.00000000000000000,1.00000000000000000
313,8,1.00000000000000000,1.00000000000000000,0.00000000000000000,0.00000000000000000
314,8,2.00000000000000000,1.00000000000000000,0.00000000000000000,0.00000000000000000
315,8,24.00000000000000000,0.00000000000000000,0.00000000000000000,1.00000000000000000
316,8,2.00000000000000000,1.00000000000000000,0.00000000000000000,0.00000000000000000
317,8,24.00000000000000000,0.00000000000000000,0.00000000000000000,1.00000000000000000
318,8,5.00000000000000000,1.00000000000000000,0.00000000000000000,0.00000000000000000
319,8,8.00000000000000000,0.78260869565217395,0.21739130434782608,0.00000000000000000
320,8,5.00000000000000000,1.00000000000000000,0.00000000000000000,0.00000000000000000
321,8,3.00000000000000000,1.00000000000000000,0.00000000000000000,0.00000000000000000
322,8,5.00000000000000000,1.00000000000000000,0.00000000000000000,0.00000000000000000
323,8,5.00000000000000000,1.00000000000000000,0.00000000000000000,0.00000000000000000
324,8,5.00000000000000000,1.00000000000000000,0.00000000000000000,0.00000000000000000
325,8,1.00000000000000000,1.00000000000000000,0.00000000000000000,0.00000000000000000
326,8,4.00000000000000000,1.00000000000000000,0.00000000000000000,0.00000000000000000
327,8,24.00000000000000000,0.00000000000000000,0.00000000000000000,1.00000000000000000
328,8,5.00000000000000000,1.00000000000000000,0.00000000000000000,0.00000000000000000
329,8,4.00000000000000000,1.00000000000000000,0.00000000000000000,0.00000000000000000
330,8,5.00000000000000000,1.00000000000000000,0.00000000000000000,0.00000000000000000
331,8,2.00000000000000000,1.00000000000000000,0.00000000000000000,0.00000000000000000
332,8,24.00000000000000000,0.00000000000000000,0.00000000000000000,1.00000000000000000
333,8,24.00000000000000000,0.00000000000000000,0.00000000000000000,1.00000000000000000
334,8,8.00000000000000000,0.78260869565217395,0.21739130434782608,0.00000000000000000
335,8,3.00000000000000000,1.00000000000000000,0.00000000000000000,0.00000000000000000
336,8,2.00000000000000000,1.00000000000000000,0.00000000000000000,0.00000000000000000
337,8,4.00000000000000000,1.00000000000000000,0.00000000000000000,0.00000000000000000
338,8,24.00000000000000000,0.00000000000000000,0.00000000000000000,1.00000000000000000
339,8,3.00000000000000000,1.00000000000000000,0.00000000000000000,0.00000000000000000
340,8,5.00000000000000000,1.00000000000000000,0.00000000000000000,0.00000000000000000
341,8,8.00000000000000000,0.78260869565217395,0.21739130434782608,0.00000000000000000
342,8,8.00000000000000000,0.78260869565217395,0.21739130434782608,0.00000000000000000
343,8,4.00000000000000000,1.00000000000000000,0.00000000000000000,0.00000000000000000
344,8,3.00000000000000000,1.00000000000000000,0.00000000000000000,0.00000000000000000
345,8,24.00000000000000000,0.00000000000000000,0.00000000000000000,1.00000000000000000
346,8,5.00000000000000000,1.00000000000000000,0.00000000000000000,0.00000000000000000
347,8,7.00000000000000000,0.95652173913043481,0.04347826086956522,0.00000000000000000
348,8,4.00000000000000000,1.00000000000000000,0.00000000000000000,0.00000000000000000
349,8,4.00000000000000000,1.00000000000000000,0.00000000000000000,0.00000000000000000
350,8,24.00000000000000000,0.00000000000000000,0.00000000000000000,1.00000000000000000
351,8,6.00000000000000000,1.00000000000000000,0.00000000000000000,0.00000000000000000
352,8,8.00000000000000000,0.78260869565217395,0.21739130434782608,0.00000000000000000
353,8,2.00000000000000000,1.00000000000000000,0.00000000000000000,0.00000000000000000
354,8,4.00000000000000000,1.00000000000000000,0.00000000000000000,0.00000000000000000
355,8,8.00000000000000000,0.78260869565217395,0.21739130434782608,0.00000000000000000
356,8,4.00000000000000000,1.00000000000000000,0.00000000000000000,0.00000000000000000
357,8,2.00000000000000000,1.00000000000000000,0.00000000000000000,0.00000000000000000
358,8,24.00000000000000000,0.00000000000000000,0.00000000000000000,1.00000000000000000
359,8,5.00000000000000000,1.00000000000000000,0.00000000000000000,0.00000000000000000
360,8,4.00000000000000000,1.00000000000000000,0.00000000000000000,0.00000000000000000
361,8,8.00000000000000000,0.78260869565217395,0.21739130434782608,0.00000000000000000
362,8,7.00000000000000000,0.95652173913043481,0.04347826086956522,0.00000000000000000
363,8,8.00000000000000000,0.78260869565217395,0.21739130434782608,0.00000000000000000
364,8,7.00000000000000000,0.95652173913043481,0.04347826086956522,0.00000000000000000
365,8,24.00000000000000000,0.00000000000000000,0.00000000000000000,1.00000000000000000
366,8,24.00000000000000000,0.00000000000000000,0.00000000000000000,1.00000000000000000
367,8,4.00000000000000000,1.00000000000000000,0.00000000000000000,0.00000000000000000
368,8,24.00000000000000000,0.00000000000000000,0.00000000000000000,1.00000000000000000
369,8,4.00000000000000000,1.00000000000000000,0.00000000000000000,0.00000000000000000
370,8,8.00000000000000000,0.78260869565217395,0.21739130434782608,0.00000000000000000
371,8,5.00000000000000000,1.00000000000000000,0.00000000000000000,0.00000000000000000
372,8,24.00000000000000000,0.00000000000000000,0.00000000000000000,1.00000000000000000
373,8,8.00000000000000000,0.78260869565217395,0.21739130434782608,0.00000000000000000
374,8,5.00000000000000000,1.00000000000000000,0.00000000000000000,0.00000000000000000
375,8,24.00000000000000000,0.00000000000000000,0.00000000000000000,1.00000000000000000
376,8,4.00000000000000000,1.00000000000000000,0.00000000000000000,0.00000000000000000
377,8,4.00000000000000000,1.00000000000000000,0.00000000000000000,0.00000000000000000
378,8,3.00000000000000000,1.00000000000000000,0.00000000000000000,0.00000000000000000
379,8,2.00000000000000000,1.00000000000000000,0.00000000000000000,0.00000000000000000
380,8,4.00000000000000000,1.00000000000000000,0.00000000000000000,0.00000000000000000
381,8,5.00000000000000000,1.00000000000000000,0.00000000000000000,0.00000000000000000
382,8,8.00000000000000000,0.78260869565217395,0.21739130434782608,0.00000000000000000
383,8,24.00000000000000000,0.00000000000000000,0.00000000000000000,1.00000000000000000
384,8,24.00000000000000000,0.00000000000000000,0.00000000000000000,1.00000000000000000
385,8,24.00000000000000000,0.00000000000000000,0.00000000000000000,1.00000000000000000
386,8,5.00000000000000000,1.00000000000000000,0.00000000000000000,0.00000000000000000
387,8,4.00000000000000000,1.00000000000000000,0.00000000000000000,0.00000000000000000
388,8,4.00000000000000000,1.00000000000000000,0.00000000000000000,0.00000000000000000
389,8,24.00000000000000000,0.00000000000000000,0.00000000000000000,1.00000000000000000
390,8,3.00000000000000000,1.00000000000000000,0.00000000000000000,0.00000000000000000
391,8,3.00000000000000000,1.00000000000000000,0.00000000000000000,0.00000000000000000
392,8,4.00000000000000000,1.00000000000000000,0.00000000000000000,0.00000000000000000
393,8,4.00000000000000000,1.00000000000000000,0.00000000000000000,0.00000000000000000
394,8,5.00000000000000000,1.00000000000000000,0.00000000000000000,0.00000000000000000
395,8,24.00000000000000000,0.00000000000000000,0.00000000000000000,1.00000000000000000
396,8,24.00000000000000000,0.00000000000000000,0.00000000000000000,1.00000000000000000
397,8,5.00000000000000000,1.00000000000000000,0.00000000000000000,0.00000000000000000
398,8,24.00000000000000000,0.00000000000000000,0.00000000000000000,1.00000000000000000
399,8,4.00000000000000000,1.00000000000000000,0.00000000000000000,0.00000000000000000
400,8,4.00000000000000000,1.00000000000000000,0.00000000000000000,0.00000000000000000
401,8,5.00000000000000000,1.00000000000000000,0.00000000000000000,0.00000000000000000
402,8,4.00000000000000000,1.00000000000000000,0.00000000000000000,0.00000000000000000
403,8,24.00000000000000000,0.00000000000000000,0.00000000000000000,1.00000000000000000
404,8,7.00000000000000000,0.95652173913043481,0.04347826086956522,0.00000000000000000
405,8,4.00000000000000000,1.00000000000000000,0.00000000000000000,0.00000000000000000
406,8,4.00000000000000000,1.00000000000000000,0.00000000000000000,0.00000000000000000
407,8,4.00000000000000000,1.00000000000000000,0.00000000000000000,0.00000000000000000
408,8,4.00000000000000000,1.00000000000000000,0.00000000000000000,0.00000000000000000
409,8,24.00000000000000000,0.00000000000000000,0.00000000000000000,1.00000000000000000
410,8,5.00000000000000000,1.00000000000000000,0.00000000000000000,0.00000000000000000
411,8,4.00000000000000000,1.00000000000000000,0.00000000000000000,0.00000000000000000
412,8,3.00000000000000000,1.00000000000000000,0.00000000000000000,0.00000000000000000
413,8,7.00000000000000000,0.95652173913043481,0.04347826086956522,0.00000000000000000
414,8,5.00000000000000000,1.00000000000000000,0.00000000000000000,0.00000000000000000
415,8,3.00000000000000000,1.00000000000000000,0.00000000000000000,0.00000000000000000
416,8,24.00000000000000000,0.00000000000000000,0.00000000000000000,1.00000000000000000
417,8,5.00000000000000000,1.00000000000000000,0.00000000000000000,0.00000000000000000
418,8,24.00000000000000000,0.00000000000000000,0.00000000000000000,1.00000000000000000
419,8,5.00000000000000000,1.00000000000000000,0.00000000000000000,0.00000000000000000
420,8,5.00000000000000000,1.00000000000000000,0.00000000000000000,0.00000000000000000
421,8,24.00000000000000000,0.00000000000000000,0.00000000000000000,1.00000000000000000
422,8,24.00000000000000000,0.00000000000000000,0.00000000000000000,1.00000000000000000
423,8,5.00000000000000000,1.00000000000000000,0.00000000000000000,0.00000000000000000
424,8,5.00000000000000000,1.00000000000000000,0.00000000000000000,0.00000000000000000
425,8,5.00000000000000000,1.00000000000000000,0.00000000000000000,0.00000000000000000
426,8,5.00000000000000000,1.00000000000000000,0.00000000000000000,0.00000000000000000
427,8,5.00000000000000000,1.00000000000000000,0.00000000000000000,0.00000000000000000
428,8,4.00000000000000000,1.00000000000000000,0.00000000000000000,0.00000000000000000
429,8,5.00000000000000000,1.00000000000000000,0.00000000000000000,0.00000000000000000
430,8,24.00000000000000000,0.00000000000000000,0.00000000000000000,1.00000000000000000
431,8,4.00000000000000000,1.00000000000000000,0.00000000000000000,0.00000000000000000
432,8,5.00000000000000000,1.00000000000000000,0.00000000000000000,0.00000000000000000
433,8,5.00000000000000000,1.00000000000000000,0.00000000000000000,0.00000000000000000
434,8,5.00000000000000000,1.00000000000000000,0.00000000000000000,0.00000000000000000
435,8,3.00000000000000000,1.00000000000000000,0.00000000000000000,0.00000000000000000
436,8,6.00000000000000000,1.00000000000000000,0.00000000000000000,0.00000000000000000
437,8,1.00000000000000000,1.00000000000000000,0.00000000000000000,0.00000000000000000
438,8,4.00000000000000000,1.00000000000000000,0.00000000000000000,0.00000000000000000
439,8,8.00000000000000000,0.78260869565217395,0.21739130434782608,0.00000000000000000
440,8,3.00000000000000000,1.00000000000000000,0.00000000000000000,0.00000000000000000
441,8,5.00000000000000000,1.00000000000000000,0.00000000000000000,0.00000000000000000
442,8,24.00000000000000000,0.00000000000000000,0.00000000000000000,1.00000000000000000
443,8,24.00000000000000000,0.00000000000000000,0.00000000000000000,1.00000000000000000
444,8,24.00000000000000000,0.00000000000000000,0.00000000000000000,1.00000000000000000
445,8,4.00000000000000000,1.00000000000000000,0.00000000000000000,0.00000000000000000
446,8,4.00000000000000000,1.00000000000000000,0.00000000000000000,0.00000000000000000
447,8,5.00000000000000000,1.00000000000000000,0.00000000000000000,0.00000000000000000
448,8,8.00000000000000000,0.78260869565217395,0.21739130434782608,0.00000000000000000
449,8,24.00000000000000000,0.00000000000000000,0.00000000000000000,1.00000000000000000
450,8,5.00000000000000000,1.00000000000000000,0.00000000000000000,0.00000000000000000
451,8,24.00000000000000000,0.00000000000000000,0.00000000000000000,1.00000000000000000
452,8,5.00000000000000000,1.00000000000000000,0.00000000000000000,0.00000000000000000
453,8,6.00000000000000000,1.00000000000000000,0.00000000000000000,0.00000000000000000
454,8,24.00000000000000000,0.00000000000000000,0.00000000000000000,1.00000000000000000
455,8,24.00000000000000000,0.00000000000000000,0.00000000000000000,1.00000000000000000
456,8,5.00000000000000000,1.00000000000000000,0.00000000000000000,0.00000000000000000
457,8,3.00000000000000000,1.00000000000000000,0.00000000000000000,0.00000000000000000
458,8,4.00000000000000000,1.00000000000000000,0.00000000000000000,0.00000000000000000
459,8,2.00000000000000000,1.00000000000000000,0.00000000000000000,0.00000000000000000
460,8,3.00000000000000000,1.00000000000000000,0.00000000000000000,0.00000000000000000
461,8,5.00000000000000000,1.00000000000000000,0.00000000000000000,0.00000000000000000
462,8,5.00000000000000000,1.00000000000000000,0.00000000000000000,0.00000000000000000
463,8,4.00000000000000000,1.00000000000000000,0.00000000000000000,0.00000000000000000
464,8,24.00000000000000000,0.00000000000000000,0.00000000000000000,1.00000000000000000
465,8,5.00000000000000000,1.00000000000000000,0.00000000000000000,0.00000000000000000
466,8,5.00000000000000000,1.00000000000000000,0.00000000000000000,0.00000000000000000
467,8,24.00000000000000000,0.00000000000000000,0.00000000000000000,1.00000000000000000
468,8,1.00000000000000000,1.00000000000000000,0.00000000000000000,0.00000000000000000
469,8,24.00000000000000000,0.00000000000000000,0.00000000000000000,1.00000000000000000
470,8,24.00000000000000000,0.00000000000000000,0.00000000000000000,1.00000000000000000
471,8,5.00000000000000000,1.00000000000000000,0.00000000000000000,0.00000000000000000
472,8,4.00000000000000000,1.00000000000000000,0.00000000000000000,0.00000000000000000
473,8,24.00000000000000000,0.00000000000000000,0.00000000000000000,1.00000000000000000
474,8,1.00000000000000000,1.00000000000000000,0.00000000000000000,0.00000000000000000
475,8,24.00000000000000000,0.00000000000000000,0.00000000000000000,1.00000000000000000
476,8,24.00000000000000000,0.00000000000000000,0.00000000000000000,1.00000000000000000
477,8,24.00000000000000000,0.00000000000000000,0.00000000000000000,1.00000000000000000
478,8,5.00000000000000000,1.00000000000000000,0.00000000000000000,0.00000000000000000
479,8,6.00000000000000000,1.00000000000000000,0.00000000000000000,0.00000000000000000
480,8,4.00000000000000000,1.00000000000000000,0.00000000000000000,0.00000000000000000
481,8,3.00000000000000000,1.00000000000000000,0.00000000000000000,0.00000000000000000
482,8,4.00000000000000000,1.00000000000000000,0.00000000000000000,0.00000000000000000
483,8,1.00000000000000000,1.00000000000000000,0.00000000000000000,0.00000000000000000
484,8,4.00000000000000000,1.00000000000000000,0.00000000000000000,0.00000000000000000
485,8,3.00000000000000000,1.00000000000000000,0.00000000000000000,0.00000000000000000
486,8,24.00000000000000000,0.00000000000000000,0.00000000000000000,1.00000000000000000
487,8,4.00000000000000000,1.00000000000000000,0.00000000000000000,0.00000000000000000
488,8,4.00000000000000000,1.00000000000000000,0.00000000000000000,0.00000000000000000
489,8,5.00000000000000000,1.00000000000000000,0.00000000000000000,0.00000000000000000
490,8,4.00000000000000000,1.00000000000000000,0.00000000000000000,0.00000000000000000
491,8,5.00000000000000000,1.00000000000000000,0.00000000000000000,0.00000000000000000
492,8,24.00000000000000000,0.00000000000000000,0.00000000000000000,1.00000000000000000
493,8,5.00000000000000000,1.00000000000000000,0.00000000000000000,0.00000000000000000
494,8,24.00000000000000000,0.00000000000000000,0.00000000000000000,1.00000000000000000
495,8,24.00000000000000000,0.00000000000000000,0.00000000000000000,1.00000000000000000
496,8,2.00000000000000000,1.00000000000000000,0.00000000000000000,0.00000000000000000
497,8,24.00000000000000000,0.00000000000000000,0.00000000000000000,1.00000000000000000
498,8,2.00000000000000000,1.00000000000000000,0.00000000000000000,0.00000000000000000
499,8,4.00000000000000000,1.00000000000000000,0.00000000000000000,0.00000000000000000
500,8,5.00000000000000000,1.00000000000000000,0.00000000000000000,0.00000000000000000
501,8,4.00000000000000000,1.00000000000000000,0.00000000000000000,0.00000000000000000
502,8,24.00000000000000000,0.00000000000000000,0.00000000000000000,1.00000000000000000
503,8,4.00000000000000000,1.00000000000000000,0.00000000000000000,0.00000000000000000
504,8,4.00000000000000000,1.00000000000000000,0.00000000000000000,0.00000000000000000
0,9,666.00000000000000000,0.00000000000000000,0.00000000000000000,1.00000000000000000
1,9,666.00000000000000000,0.00000000000000000,0.00000000000000000,1.00000000000000000
2,9,277.00000000000000000,1.00000000000000000,0.00000000000000000,0.00000000000000000
3,9,305.00000000000000000,1.00000000000000000,0.00000000000000000,0.00000000000000000
4,9,666.00000000000000000,0.00000000000000000,0.00000000000000000,1.00000000000000000
5,9,437.00000000000000000,0.09160305343511450,0.90839694656488545,0.00000000000000000
6,9,311.00000000000000000,1.00000000000000000,0.00000000000000000,0.00000000000000000
7,9,666.00000000000000000,0.00000000000000000,0.00000000000000000,1.00000000000000000
8,9,403.00000000000000000,0.35114503816793891,0.64885496183206104,0.00000000000000000
9,9,403.00000000000000000,0.35114503816793891,0.64885496183206104,0.00000000000000000
10,9,352.00000000000000000,0.74045801526717558,0.25954198473282442,0.00000000000000000
11,9,403.00000000000000000,0.35114503816793891,0.64885496183206104,0.00000000000000000
12,9,284.00000000000000000,1.00000000000000000,0.00000000000000000,0.00000000000000000
13,9,300.00000000000000000,1.00000000000000000,0.00000000000000000,0.00000000000000000
14,9,223.00000000000000000,1.00000000000000000,0.00000000000000000,0.00000000000000000
15,9,370.00000000000000000,0.60305343511450382,0.39694656488549618,0.00000000000000000
16,9,284.00000000000000000,1.00000000000000000,0.00000000000000000,0.00000000000000000
17,9,666.00000000000000000,0.00000000000000000,0.00000000000000000,1.00000000000000000
18,9,711.00000000000000000,0.00000000000000000,0.00000000000000000,1.00000000000000000
19,9,284.00000000000000000,1.00000000000000000,0.00000000000000000,0.00000000000000000
20,9,244.00000000000000000,1.00000000000000000,0.00000000000000000,0.00000000000000000
21,9,307.00000000000000000,1.00000000000000000,0.00000000000000000,0.00000000000000000
22,9,277.00000000000000000,1.00000000000000000,0.00000000000000000,0.00000000000000000
23,9,311.00000000000000000,1.00000000000000000,0.00000000000000000,0.00000000000000000
24,9,296.00000000000000000,1.00000000000000000,0.00000000000000000,0.00000000000000000
25,9,293.00000000000000000,1.00000000000000000,0.00000000000000000,0.00000000000000000
26,9,216.00000000000000000,1.00000000000000000,0.00000000000000000,0.00000000000000000
27,9,307.00000000000000000,1.00000000000000000,0.00000000000000000,0.00000000000000000
28,9,666.00000000000000000,0.00000000000000000,0.00000000000000000,1.00000000000000000
29,9,437.00000000000000000,0.09160305343511450,0.90839694656488545,0.00000000000000000
30,9,307.00000000000000000,1.00000000000000000,0.00000000000000000,0.00000000000000000
31,9,666.00000000000000000,0.00000000000000000,0.00000000000000000,1.00000000000000000
32,9,666.00000000000000000,0.00000000000000000,0.00000000000000000,1.00000000000000000
33,9,437.00000000000000000,0.09160305343511450,0.90839694656488545,0.00000000000000000
34,9,666.00000000000000000,0.00000000000000000,0.00000000000000000,1.00000000000000000
35,9,276.00000000000000000,1.00000000000000000,0.00000000000000000,0.00000000000000000
36,9,279.00000000000000000,1.00000000000000000,0.00000000000000000,0.00000000000000000
37,9,276.00000000000000000,1.00000000000000000,0.00000000000000000,0.00000000000000000
38,9,666.00000000000000000,0.00000000000000000,0.00000000000000000,1.00000000000000000
39,9,398.00000000000000000,0.38931297709923662,0.61068702290076338,0.00000000000000000
40,9,666.00000000000000000,0.00000000000000000,0.00000000000000000,1.00000000000000000
41,9,224.00000000000000000,1.00000000000000000,0.00000000000000000,0.00000000000000000
42,9,437.00000000000000000,0.09160305343511450,0.90839694656488545,0.00000000000000000
43,9,384.00000000000000000,0.49618320610687022,0.50381679389312972,0.00000000000000000
44,9,351.00000000000000000,0.74809160305343514,0.25190839694656486,0.00000000000000000
45,9,666.00000000000000000,0.00000000000000000,0.00000000000000000,1.00000000000000000
46,9,305.00000000000000000,1.00000000000000000,0.00000000000000000,0.00000000000000000
47,9,287.00000000000000000,1.00000000000000000,0.00000000000000000,0.00000000000000000
48,9,233.00000000000000000,1.00000000000000000,0.00000000000000000,0.00000000000000000
49,9,666.00000000000000000,0.00000000000000000,0.00000000000000000,1.00000000000000000
50,9,398.00000000000000000,0.38931297709923662,0.61068702290076338,0.00000000000000000
51,9,666.00000000000000000,0.00000000000000000,0.00000000000000000,1.00000000000000000
52,9,307.00000000000000000,1.00000000000000000,0.00000000000000000,0.00000000000000000
53,9,304.00000000000000000,1.00000000000000000,0.00000000000000000,0.00000000000000000
54,9,666.00000000000000000,0.00000000000000000,0.00000000000000000,1.00000000000000000
55,9,307.00000000000000000,1.00000000000000000,0.00000000000000000,0.00000000000000000
56,9,430.00000000000000000,0.14503816793893129,0.85496183206106868,0.00000000000000000
57,9,287.00000000000000000,1.00000000000000000,0.00000000000000000,0.00000000000000000
58,9,430.00000000000000000,0.14503816793893129,0.85496183206106868,0.00000000000000000
59,9,666.00000000000000000,0.00000000000000000,0.00000000000000000,1.00000000000000000
60,9,666.00000000000000000,0.00000000000000000,0.00000000000000000,1.00000000000000000
61,9,666.00000000000000000,0.00000000000000000,0.00000000000000000,1.00000000000000000
62,9,270.00000000000000000,1.00000000000000000,0.00000000000000000,0.00000000000000000
63,9,264.00000000000000000,1.00000000000000000,0.00000000000000000,0.00000000000000000
64,9,245.00000000000000000,1.00000000000000000,0.00000000000000000,0.00000000000000000
65,9,666.00000000000000000,0.00000000000000000,0.00000000000000000,1.00000000000000000
66,9,247.00000000000000000,1.00000000000000000,0.00000000000000000,0.00000000000000000
67,9,281.00000000000000000,1.00000000000000000,0.00000000000000000,0.00000000000000000
68,9,666.00000000000000000,0.00000000000000000,0.00000000000000000,1.00000000000000000
69,9,432.00000000000000000,0.12977099236641221,0.87022900763358779,0.00000000000000000
70,9,666.00000000000000000,0.00000000000000000,0.00000000000000000,1.00000000000000000
71,9,666.00000000000000000,0.00000000000000000,0.00000000000000000,1.00000000000000000
72,9,296.00000000000000000,1.00000000000000000,0.00000000000000000,0.00000000000000000
73,9,666.00000000000000000,0.00000000000000000,0.00000000000000000,1.00000000000000000
74,9,398.00000000000000000,0.38931297709923662,0.61068702290076338,0.00000000000000000
75,9,307.00000000000000000,1.00000000000000000,0.00000000000000000,0.00000000000000000
76,9,711.00000000000000000,0.00000000000000000,0.00000000000000000,1.00000000000000000
77,9,666.00000000000000000,0.00000000000000000,0.00000000000000000,1.00000000000000000
78,9,307.00000000000000000,1.00000000000000000,0.00000000000000000,0.00000000000000000
79,9,666.00000000000000000,0.00000000000000000,0.00000000000000000,1.00000000000000000
80,9,264.00000000000000000,1.00000000000000000,0.00000000000000000,0.00000000000000000
81,9,422.00000000000000000,0.20610687022900764,0.79389312977099236,0.00000000000000000
82,9,311.00000000000000000,1.00000000000000000,0.00000000000000000,0.00000000000000000
83,9,666.00000000000000000,0.00000000000000000,0.00000000000000000,1.00000000000000000
84,9,270.00000000000000000,1.00000000000000000,0.00000000000000000,0.00000000000000000
85,9,287.00000000000000000,1.00000000000000000,0.00000000000000000,0.00000000000000000
86,9,666.00000000000000000,0.00000000000000000,0.00000000000000000,1.00000000000000000
87,9,398.00000000000000000,0.38931297709923662,0.61068702290076338,0.00000000000000000
88,9,348.00000000000000000,0.77099236641221369,0.22900763358778625,0.00000000000000000
89,9,666.00000000000000000,0.00000000000000000,0.00000000000000000,1.00000000000000000
90,9,277.00000000000000000,1.00000000000000000,0.00000000000000000,0.00000000000000000
91,9,666.00000000000000000,0.00000000000000000,0.00000000000000000,1.00000000000000000
92,9,391.00000000000000000,0.44274809160305345,0.55725190839694660,0.00000000000000000
93,9,223.00000000000000000,1.00000000000000000,0.00000000000000000,0.00000000000000000
94,9,226.00000000000000000,1.00000000000000000,0.00000000000000000,0.00000000000000000
95,9,307.00000000000000000,1.00000000000000000,0.00000000000000000,0.00000000000000000
96,9,188.00000000000000000,1.00000000000000000,0.00000000000000000,0.00000000000000000
97,9,358.00000000000000000,0.69465648854961837,0.30534351145038169,0.00000000000000000
98,9,403.00000000000000000,0.35114503816793891,0.64885496183206104,0.00000000000000000
99,9,193.00000000000000000,1.00000000000000000,0.00000000000000000,0.00000000000000000
100,9,276.00000000000000000,1.00000000000000000,0.00000000000000000,0.00000000000000000
101,9,304.00000000000000000,1.00000000000000000,0.00000000000000000,0.00000000000000000
102,9,281.00000000000000000,1.00000000000000000,0.00000000000000000,0.00000000000000000
103,9,307.00000000000000000,1.00000000000000000,0.00000000000000000,0.00000000000000000
104,9,313.00000000000000000,1.00000000000000000,0.00000000000000000,0.00000000000000000
105,9,307.00000000000000000,1.00000000000000000,0.00000000000000000,0.00000000000000000
106,9,666.00000000000000000,0.00000000000000000,0.00000000000000000,1.00000000000000000
107,9,224.00000000000000000,1.00000000000000000,0.00000000000000000,0.00000000000000000
108,9,666.00000000000000000,0.00000000000000000,0.00000000000000000,1.00000000000000000
109,9,304.00000000000000000,1.00000000000000000,0.00000000000000000,0.00000000000000000
110,9,304.00000000000000000,1.00000000000000000,0.00000000000000000,0.00000000000000000
111,9,666.00000000000000000,0.00000000000000000,0.00000000000000000,1.00000000000000000
112,9,233.00000000000000000,1.00000000000000000,0.00000000000000000,0.00000000000000000
113,9,304.00000000000000000,1.00000000000000000,0.00000000000000000,0.00000000000000000
114,9,432.00000000000000000,0.12977099236641221,0.87022900763358779,0.00000000000000000
115,9,666.00000000000000000,0.00000000000000000,0.00000000000000000,1.00000000000000000
116,9,358.00000000000000000,0.69465648854961837,0.30534351145038169,0.00000000000000000
117,9,666.00000000000000000,0.00000000000000000,0.00000000000000000,1.00000000000000000
118,9,307.00000000000000000,1.00000000000000000,0.00000000000000000,0.00000000000000000
119,9,666.00000000000000000,0.00000000000000000,0.00000000000000000,1.00000000000000000
120,9,666.00000000000000000,0.00000000000000000,0.00000000000000000,1.00000000000000000
121,9,335.00000000000000000,0.87022900763358779,0.12977099236641221,0.00000000000000000
122,9,264.00000000000000000,1.00000000000000000,0.00000000000000000,0.00000000000000000
123,9,264.00000000000000000,1.00000000000000000,0.00000000000000000,0.00000000000000000
124,9,432.00000000000000000,0.12977099236641221,0.87022900763358779,0.00000000000000000
125,9,311.00000000000000000,1.00000000000000000,0.00000000000000000,0.00000000000000000
126,9,224.00000000000000000,1.00000000000000000,0.00000000000000000,0.00000000000000000
127,9,403.00000000000000000,0.35114503816793891,0.64885496183206104,0.00000000000000000
128,9,666.00000000000000000,0.00000000000000000,0.00000000000000000,1.00000000000000000
129,9,252.00000000000000000,1.00000000000000000,0.00000000000000000,0.00000000000000000
130,9,348.00000000000000000,0.77099236641221369,0.22900763358778625,0.00000000000000000
131,9,666.00000000000000000,0.00000000000000000,0.00000000000000000,1.00000000000000000
132,9,666.00000000000000000,0.00000000000000000,0.00000000000000000,1.00000000000000000
133,9,330.00000000000000000,0.90839694656488545,0.09160305343511450,0.00000000000000000
134,9,307.00000000000000000,1.00000000000000000,0.00000000000000000,0.00000000000000000
135,9,277.00000000000000000,1.00000000000000000,0.00000000000000000,0.00000000000000000
136,9,289.00000000000000000,1.00000000000000000,0.00000000000000000,0.00000000000000000
137,9,666.00000000000000000,0.00000000000000000,0.00000000000000000,1.00000000000000000
138,9,666.00000000000000000,0.00000000000000000,0.00000000000000000,1.00000000000000000
139,9,391.00000000000000000,0.44274809160305345,0.55725190839694660,0.00000000000000000
140,9,391.00000000000000000,0.44274809160305345,0.55725190839694660,0.00000000000000000
141,9,279.00000000000000000,1.00000000000000000,0.00000000000000000,0.00000000000000000
142,9,224.00000000000000000,1.00000000000000000,0.00000000000000000,0.00000000000000000
143,9,289.00000000000000000,1.00000000000000000,0.00000000000000000,0.00000000000000000
144,9,304.00000000000000000,1.00000000000000000,0.00000000000000000,0.00000000000000000
145,9,307.00000000000000000,1.00000000000000000,0.00000000000000000,0.00000000000000000
146,9,307.00000000000000000,1.00000000000000000,0.00000000000000000,0.00000000000000000
147,9,666.00000000000000000,0.00000000000000000,0.00000000000000000,1.00000000000000000
148,9,432.00000000000000000,0.12977099236641221,0.87022900763358779,0.00000000000000000
149,9,243.00000000000000000,1.00000000000000000,0.00000000000000000,0.00000000000000000
150,9,666.00000000000000000,0.00000000000000000,0.00000000000000000,1.00000000000000000
151,9,233.00000000000000000,1.00000000000000000,0.00000000000000000,0.00000000000000000
152,9,304.00000000000000000,1.00000000000000000,0.00000000000000000,0.00000000000000000
153,9,384.00000000000000000,0.49618320610687022,0.50381679389312972,0.00000000000000000
154,9,222.00000000000000000,1.00000000000000000,0.00000000000000000,0.00000000000000000
155,9,666.00000000000000000,0.00000000000000000,0.00000000000000000,1.00000000000000000
156,9,469.00000000000000000,0.00000000000000000,0.84732824427480913,0.15267175572519084
157,9,391.00000000000000000,0.44274809160305345,0.55725190839694660,0.00000000000000000
158,9,666.00000000000000000,0.00000000000000000,0.00000000000000000,1.00000000000000000
159,9,330.00000000000000000,0.90839694656488545,0.09160305343511450,0.00000000000000000
160,9,666.00000000000000000,0.00000000000000000,0.00000000000000000,1.00000000000000000
161,9,222.00000000000000000,1.00000000000000000,0.00000000000000000,0.00000000000000000
162,9,666.00000000000000000,0.00000000000000000,0.00000000000000000,1.00000000000000000
163,9,276.00000000000000000,1.00000000000000000,0.00000000000000000,0.00000000000000000
164,9,432.00000000000000000,0.12977099236641221,0.87022900763358779,0.00000000000000000
165,9,300.00000000000000000,1.00000000000000000,0.00000000000000000,0.00000000000000000
166,9,307.00000000000000000,1.00000000000000000,0.00000000000000000,0.00000000000000000
167,9,233.00000000000000000,1.00000000000000000,0.00000000000000000,0.00000000000000000
168,9,411.00000000000000000,0.29007633587786258,0.70992366412213737,0.00000000000000000
169,9,437.00000000000000000,0.09160305343511450,0.90839694656488545,0.00000000000000000
170,9,337.00000000000000000,0.85496183206106868,0.14503816793893129,0.00000000000000000
171,9,345.00000000000000000,0.79389312977099236,0.20610687022900764,0.00000000000000000
172,9,222.00000000000000000,1.00000000000000000,0.00000000000000000,0.00000000000000000
173,9,247.00000000000000000,1.00000000000000000,0.00000000000000000,0.00000000000000000
174,9,402.00000000000000000,0.35877862595419846,0.64122137404580148,0.00000000000000000
175,9,403.00000000000000000,0.35114503816793891,0.64885496183206104,0.00000000000000000
176,9,398.00000000000000000,0.38931297709923662,0.61068702290076338,0.00000000000000000
177,9,437.00000000000000000,0.09160305343511450,0.90839694656488545,0.00000000000000000
178,9,411.00000000000000000,0.29007633587786258,0.70992366412213737,0.00000000000000000
179,9,391.00000000000000000,0.44274809160305345,0.55725190839694660,0.00000000000000000
180,9,384.00000000000000000,0.49618320610687022,0.50381679389312972,0.00000000000000000
181,9,304.00000000000000000,1.00000000000000000,0.00000000000000000,0.00000000000000000
182,9,403.00000000000000000,0.35114503816793891,0.64885496183206104,0.00000000000000000
183,9,666.00000000000000000,0.00000000000000000,0.00000000000000000,1.00000000000000000
184,9,666.00000000000000000,0.00000000000000000,0.00000000000000000,1.00000000000000000
185,9,276.00000000000000000,1.00000000000000000,0.00000000000000000,0.00000000000000000
186,9,666.00000000000000000,0.00000000000000000,0.00000000000000000,1.00000000000000000
187,9,315.00000000000000000,1.00000000000000000,0.00000000000000000,0.00000000000000000
188,9,384.00000000000000000,0.49618320610687022,0.50381679389312972,0.00000000000000000
189,9,307.00000000000000000,1.00000000000000000,0.00000000000000000,0.00000000000000000
190,9,666.00000000000000000,0.00000000000000000,0.00000000000000000,1.00000000000000000
191,9,264.00000000000000000,1.00000000000000000,0.00000000000000000,0.00000000000000000
192,9,188.00000000000000000,1.00000000000000000,0.00000000000000000,0.00000000000000000
193,9,329.00000000000000000,0.91603053435114501,0.08396946564885496,0.00000000000000000
194,9,256.00000000000000000,1.00000000000000000,0.00000000000000000,0.00000000000000000
195,9,666.00000000000000000,0.00000000000000000,0.00000000000000000,1.00000000000000000
196,9,307.00000000000000000,1.00000000000000000,0.00000000000000000,0.00000000000000000
197,9,666.00000000000000000,0.00000000000000000,0.00000000000000000,1.00000000000000000
198,9,264.00000000000000000,1.00000000000000000,0.00000000000000000,0.00000000000000000
199,9,216.00000000000000000,1.00000000000000000,0.00000000000000000,0.00000000000000000
200,9,403.00000000000000000,0.35114503816793891,0.64885496183206104,0.00000000000000000
201,9,254.00000000000000000,1.00000000000000000,0.00000000000000000,0.00000000000000000
202,9,666.00000000000000000,0.00000000000000000,0.00000000000000000,1.00000000000000000
203,9,391.00000000000000000,0.44274809160305345,0.55725190839694660,0.00000000000000000
204,9,666.00000000000000000,0.00000000000000000,0.00000000000000000,1.00000000000000000
205,9,666.00000000000000000,0.00000000000000000,0.00000000000000000,1.00000000000000000
206,9,255.00000000000000000,1.00000000000000000,0.00000000000000000,0.00000000000000000
207,9,277.00000000000000000,1.00000000000000000,0.00000000000000000,0.00000000000000000
208,9,391.00000000000000000,0.44274809160305345,0.55725190839694660,0.00000000000000000
209,9,666.00000000000000000,0.00000000000000000,0.00000000000000000,1.00000000000000000
210,9,666.00000000000000000,0.00000000000000000,0.00000000000000000,1.00000000000000000
211,9,432.00000000000000000,0.12977099236641221,0.87022900763358779,0.00000000000000000
212,9,264.00000000000000000,1.00000000000000000,0.00000000000000000,0.00000000000000000
213,9,666.00000000000000000,0.00000000000000000,0.00000000000000000,1.00000000000000000
214,9,285.00000000000000000,1.00000000000000000,0.00000000000000000,0.00000000000000000
215,9,666.00000000000000000,0.00000000000000000,0.00000000000000000,1.00000000000000000
216,9,276.00000000000000000,1.00000000000000000,0.00000000000000000,0.00000000000000000
217,9,330.00000000000000000,0.90839694656488545,0.09160305343511450,0.00000000000000000
218,9,222.00000000000000000,1.00000000000000000,0.00000000000000000,0.00000000000000000
219,9,284.00000000000000000,1.00000000000000000,0.00000000000000000,0.00000000000000000
220,9,193.00000000000000000,1.00000000000000000,0.00000000000000000,0.00000000000000000
221,9,666.00000000000000000,0.00000000000000000,0.00000000000000000,1.00000000000000000
222,9,666.00000000000000000,0.00000000000000000,0.00000000000000000,1.00000000000000000
223,9,666.00000000000000000,0.00000000000000000,0.00000000000000000,1.00000000000000000
224,9,666.00000000000000000,0.00000000000000000,0.00000000000000000,1.00000000000000000
225,9,193.00000000000000000,1.00000000000000000,0.00000000000000000,0.00000000000000000
226,9,666.00000000000000000,0.00000000000000000,0.00000000000000000,1.00000000000000000
227,9,293.00000000000000000,1.00000000000000000,0.00000000000000000,0.00000000000000000
228,9,187.00000000000000000,1.00000000000000000,0.00000000000000000,0.00000000000000000
229,9,666.00000000000000000,0.00000000000000000,0.00000000000000000,1.00000000000000000
230,9,188.00000000000000000,1.00000000000000000,0.00000000000000000,0.00000000000000000
231,9,307.00000000000000000,1.00000000000000000,0.00000000000000000,0.00000000000000000
232,9,711.00000000000000000,0.00000000000000000,0.00000000000000000,1.00000000000000000
233,9,329.00000000000000000,0.91603053435114501,0.08396946564885496,0.00000000000000000
234,9,666.00000000000000000,0.00000000000000000,0.00000000000000000,1.00000000000000000
235,9,277.00000000000000000,1.00000000000000000,0.00000000000000000,0.00000000000000000
236,9,222.00000000000000000,1.00000000000000000,0.00000000000000000,0.00000000000000000
237,9,384.00000000000000000,0.49618320610687022,0.50381679389312972,0.00000000000000000
238,9,398.00000000000000000,0.38931297709923662,0.61068702290076338,0.00000000000000000
239,9,280.00000000000000000,1.00000000000000000,0.00000000000000000,0.00000000000000000
240,9,304.00000000000000000,1.00000000000000000,0.00000000000000000,0.00000000000000000
241,9,243.00000000000000000,1.00000000000000000,0.00000000000000000,0.00000000000000000
242,9,403.00000000000000000,0.35114503816793891,0.64885496183206104,0.00000000000000000
243,9,403.00000000000000000,0.35114503816793891,0.64885496183206104,0.00000000000000000
244,9,198.00000000000000000,1.00000000000000000,0.00000000000000000,0.00000000000000000
245,9,307.00000000000000000,1.00000000000000000,0.00000000000000000,0.00000000000000000
246,9,296.00000000000000000,1.00000000000000000,0.00000000000000000,0.00000000000000000
247,9,270.00000000000000000,1.00000000000000000,0.00000000000000000,0.00000000000000000
248,9,287.00000000000000000,1.00000000000000000,0.00000000000000000,0.00000000000000000
249,9,432.00000000000000000,0.12977099236641221,0.87022900763358779,0.00000000000000000
250,9,289.00000000000000000,1.00000000000000000,0.00000000000000000,0.00000000000000000
251,9,666.00000000000000000,0.00000000000000000,0.00000000000000000,1.00000000000000000
252,9,403.00000000000000000,0.35114503816793891,0.64885496183206104,0.00000000000000000
253,9,193.00000000000000000,1.00000000000000000,0.00000000000000000,0.00000000000000000
254,9,330.00000000000000000,0.90839694656488545,0.09160305343511450,0.00000000000000000
255,9,224.00000000000000000,1.00000000000000000,0.00000000000000000,0.00000000000000000
256,9,403.00000000000000000,0.35114503816793891,0.64885496183206104,0.00000000000000000
257,9,666.00000000000000000,0.00000000000000000,0.00000000000000000,1.00000000000000000
258,9,666.00000000000000000,0.00000000000000000,0.00000000000000000,1.00000000000000000
259,9,666.00000000000000000,0.00000000000000000,0.00000000000000000,1.00000000000000000
260,9,277.00000000000000000,1.00000000000000000,0.00000000000000000,0.00000000000000000
261,9,666.00000000000000000,0.00000000000000000,0.00000000000000000,1.00000000000000000
262,9,273.00000000000000000,1.00000000000000000,0.00000000000000000,0.00000000000000000
263,9,188.00000000000000000,1.00000000000000000,0.00000000000000000,0.00000000000000000
264,9,437.00000000000000000,0.09160305343511450,0.90839694656488545,0.00000000000000000
265,9,329.00000000000000000,0.91603053435114501,0.08396946564885496,0.00000000000000000
266,9,329.00000000000000000,0.91603053435114501,0.08396946564885496,0.00000000000000000
267,9,403.00000000000000000,0.35114503816793891,0.64885496183206104,0.00000000000000000
268,9,247.00000000000000000,1.00000000000000000,0.00000000000000000,0.00000000000000000
269,9,432.00000000000000000,0.12977099236641221,0.87022900763358779,0.00000000000000000
270,9,241.00000000000000000,1.00000000000000000,0.00000000000000000,0.00000000000000000
271,9,666.00000000000000000,0.00000000000000000,0.00000000000000000,1.00000000000000000
272,9,437.00000000000000000,0.09160305343511450,0.90839694656488545,0.00000000000000000
273,9,222.00000000000000000,1.00000000000000000,0.00000000000000000,0.00000000000000000
274,9,666.00000000000000000,0.00000000000000000,0.00000000000000000,1.00000000000000000
275,9,270.00000000000000000,1.00000000000000000,0.00000000000000000,0.00000000000000000
276,9,193.00000000000000000,1.00000000000000000,0.00000000000000000,0.00000000000000000
277,9,276.00000000000000000,1.00000000000000000,0.00000000000000000,0.00000000000000000
278,9,305.00000000000000000,1.00000000000000000,0.00000000000000000,0.00000000000000000
279,9,437.00000000000000000,0.09160305343511450,0.90839694656488545,0.00000000000000000
280,9,300.00000000000000000,1.00000000000000000,0.00000000000000000,0.00000000000000000
281,9,403.00000000000000000,0.35114503816793891,0.64885496183206104,0.00000000000000000
282,9,307.00000000000000000,1.00000000000000000,0.00000000000000000,0.00000000000000000
283,9,666.00000000000000000,0.00000000000000000,0.00000000000000000,1.00000000000000000
284,9,403.00000000000000000,0.35114503816793891,0.64885496183206104,0.00000000000000000
285,9,254.00000000000000000,1.00000000000000000,0.00000000000000000,0.00000000000000000
286,9,293.00000000000000000,1.00000000000000000,0.00000000000000000,0.00000000000000000
287,9,398.00000000000000000,0.38931297709923662,0.61068702290076338,0.00000000000000000
288,9,287.00000000000000000,1.00000000000000000,0.00000000000000000,0.00000000000000000
289,9,666.00000000000000000,0.00000000000000000,0.00000000000000000,1.00000000000000000
290,9,270.00000000000000000,1.00000000000000000,0.00000000000000000,0.00000000000000000
291,9,666.00000000000000000,0.00000000000000000,0.00000000000000000,1.00000000000000000
292,9,666.00000000000000000,0.00000000000000000,0.00000000000000000,1.00000000000000000
293,9,666.00000000000000000,0.00000000000000000,0.00000000000000000,1.00000000000000000
294,9,666.00000000000000000,0.00000000000000000,0.00000000000000000,1.00000000000000000
295,9,403.00000000000000000,0.35114503816793891,0.64885496183206104,0.00000000000000000
296,9,247.00000000000000000,1.00000000000000000,0.00000000000000000,0.00000000000000000
297,9,403.00000000000000000,0.35114503816793891,0.64885496183206104,0.00000000000000000
298,9,245.00000000000000000,1.00000000000000000,0.00000000000000000,0.00000000000000000
299,9,398.00000000000000000,0.38931297709923662,0.61068702290076338,0.00000000000000000
300,9,300.00000000000000000,1.00000000000000000,0.00000000000000000,0.00000000000000000
301,9,384.00000000000000000,0.49618320610687022,0.50381679389312972,0.00000000000000000
302,9,307.00000000000000000,1.00000000000000000,0.00000000000000000,0.00000000000000000
303,9,403.00000000000000000,0.35114503816793891,0.64885496183206104,0.00000000000000000
304,9,391.00000000000000000,0.44274809160305345,0.55725190839694660,0.00000000000000000
305,9,330.00000000000000000,0.90839694656488545,0.09160305343511450,0.00000000000000000
306,9,666.00000000000000000,0.00000000000000000,0.00000000000000000,1.00000000000000000
307,9,264.00000000000000000,1.00000000000000000,0.00000000000000000,0.00000000000000000
308,9,224.00000000000000000,1.00000000000000000,0.00000000000000000,0.00000000000000000
309,9,666.00000000000000000,0.00000000000000000,0.00000000000000000,1.00000000000000000
310,9,254.00000000000000000,1.00000000000000000,0.00000000000000000,0.00000000000000000
311,9,265.00000000000000000,1.00000000000000000,0.00000000000000000,0.00000000000000000
312,9,666.00000000000000000,0.00000000000000000,0.00000000000000000,1.00000000000000000
313,9,265.00000000000000000,1.00000000000000000,0.00000000000000000,0.00000000000000000
314,9,276.00000000000000000,1.00000000000000000,0.00000000000000000,0.00000000000000000
315,9,666.00000000000000000,0.00000000000000000,0.00000000000000000,1.00000000000000000
316,9,242.00000000000000000,1.00000000000000000,0.00000000000000000,0.00000000000000000
317,9,666.00000000000000000,0.00000000000000000,0.00000000000000000,1.00000000000000000
318,9,398.00000000000000000,0.38931297709923662,0.61068702290076338,0.00000000000000000
319,9,307.00000000000000000,1.00000000000000000,0.00000000000000000,0.00000000000000000
320,9,403.00000000000000000,0.35114503816793891,0.64885496183206104,0.00000000000000000
321,9,233.00000000000000000,1.00000000000000000,0.00000000000000000,0.00000000000000000
322,9,403.00000000000000000,0.35114503816793891,0.64885496183206104,0.00000000000000000
323,9,398.00000000000000000,0.38931297709923662,0.61068702290076338,0.00000000000000000
324,9,264.00000000000000000,1.00000000000000000,0.00000000000000000,0.00000000000000000
325,9,315.00000000000000000,1.00000000000000000,0.00000000000000000,0.00000000000000000
326,9,289.00000000000000000,1.00000000000000000,0.00000000000000000,0.00000000000000000
327,9,666.00000000000000000,0.00000000000000000,0.00000000000000000,1.00000000000000000
328,9,384.00000000000000000,0.49618320610687022,0.50381679389312972,0.00000000000000000
329,9,281.00000000000000000,1.00000000000000000,0.00000000000000000,0.00000000000000000
330,9,224.00000000000000000,1.00000000000000000,0.00000000000000000,0.00000000000000000
331,9,242.00000000000000000,1.00000000000000000,0.00000000000000000,0.00000000000000000
332,9,666.00000000000000000,0.00000000000000000,0.00000000000000000,1.00000000000000000
333,9,666.00000000000000000,0.00000000000000000,0.00000000000000000,1.00000000000000000
334,9,284.00000000000000000,1.00000000000000000,0.00000000000000000,0.00000000000000000
335,9,222.00000000000000000,1.00000000000000000,0.00000000000000000,0.00000000000000000
336,9,276.00000000000000000,1.00000000000000000,0.00000000000000000,0.00000000000000000
337,9,277.00000000000000000,1.00000000000000000,0.00000000000000000,0.00000000000000000
338,9,666.00000000000000000,0.00000000000000000,0.00000000000000000,1.00000000000000000
339,9,193.00000000000000000,1.00000000000000000,0.00000000000000000,0.00000000000000000
340,9,216.00000000000000000,1.00000000000000000,0.00000000000000000,0.00000000000000000
341,9,307.00000000000000000,1.00000000000000000,0.00000000000000000,0.00000000000000000
342,9,307.00000000000000000,1.00000000000000000,0.00000000000000000,0.00000000000000000
343,9,304.00000000000000000,1.00000000000000000,0.00000000000000000,0.00000000000000000
344,9,233.00000000000000000,1.00000000000000000,0.00000000000000000,0.00000000000000000
345,9,666.00000000000000000,0.00000000000000000,0.00000000000000000,1.00000000000000000
346,9,384.00000000000000000,0.49618320610687022,0.50381679389312972,0.00000000000000000
347,9,330.00000000000000000,0.90839694656488545,0.09160305343511450,0.00000000000000000
348,9,711.00000000000000000,0.00000000000000000,0.00000000000000000,1.00000000000000000
349,9,307.00000000000000000,1.00000000000000000,0.00000000000000000,0.00000000000000000
350,9,666.00000000000000000,0.00000000000000000,0.00000000000000000,1.00000000000000000
351,9,432.00000000000000000,0.12977099236641221,0.87022900763358779,0.00000000000000000
352,9,307.00000000000000000,1.00000000000000000,0.00000000000000000,0.00000000000000000
353,9,270.00000000000000000,1.00000000000000000,0.00000000000000000,0.00000000000000000
354,9,277.00000000000000000,1.00000000000000000,0.00000000000000000,0.00000000000000000
355,9,307.00000000000000000,1.00000000000000000,0.00000000000000000,0.00000000000000000
356,9,254.00000000000000000,1.00000000000000000,0.00000000000000000,0.00000000000000000
357,9,329.00000000000000000,0.91603053435114501,0.08396946564885496,0.00000000000000000
358,9,666.00000000000000000,0.00000000000000000,0.00000000000000000,1.00000000000000000
359,9,403.00000000000000000,0.35114503816793891,0.64885496183206104,0.00000000000000000
360,9,307.00000000000000000,1.00000000000000000,0.00000000000000000,0.00000000000000000
361,9,307.00000000000000000,1.00000000000000000,0.00000000000000000,0.00000000000000000
362,9,330.00000000000000000,0.90839694656488545,0.09160305343511450,0.00000000000000000
363,9,284.00000000000000000,1.00000000000000000,0.00000000000000000,0.00000000000000000
364,9,330.00000000000000000,0.90839694656488545,0.09160305343511450,0.00000000000000000
365,9,666.00000000000000000,0.00000000000000000,0.00000000000000000,1.00000000000000000
366,9,666.00000000000000000,0.00000000000000000,0.00000000000000000,1.00000000000000000
367,9,224.00000000000000000,1.00000000000000000,0.00000000000000000,0.00000000000000000
368,9,666.00000000000000000,0.00000000000000000,0.00000000000000000,1.00000000000000000
369,9,307.00000000000000000,1.00000000000000000,0.00000000000000000,0.00000000000000000
370,9,284.00000000000000000,1.00000000000000000,0.00000000000000000,0.00000000000000000
371,9,403.00000000000000000,0.35114503816793891,0.64885496183206104,0.00000000000000000
372,9,666.00000000000000000,0.00000000000000000,0.00000000000000000,1.00000000000000000
373,9,307.00000000000000000,1.00000000000000000,0.00000000000000000,0.00000000000000000
374,9,264.00000000000000000,1.00000000000000000,0.00000000000000000,0.00000000000000000
375,9,666.00000000000000000,0.00000000000000000,0.00000000000000000,1.00000000000000000
376,9,307.00000000000000000,1.00000000000000000,0.00000000000000000,0.00000000000000000
377,9,289.00000000000000000,1.00000000000000000,0.00000000000000000,0.00000000000000000
378,9,223.00000000000000000,1.00000000000000000,0.00000000000000000,0.00000000000000000
379,9,188.00000000000000000,1.00000000000000000,0.00000000000000000,0.00000000000000000
380,9,307.00000000000000000,1.00000000000000000,0.00000000000000000,0.00000000000000000
381,9,216.00000000000000000,1.00000000000000000,0.00000000000000000,0.00000000000000000
382,9,307.00000000000000000,1.00000000000000000,0.00000000000000000,0.00000000000000000
383,9,666.00000000000000000,0.00000000000000000,0.00000000000000000,1.00000000000000000
384,9,666.00000000000000000,0.00000000000000000,0.00000000000000000,1.00000000000000000
385,9,666.00000000000000000,0.00000000000000000,0.00000000000000000,1.00000000000000000
386,9,224.00000000000000000,1.00000000000000000,0.00000000000000000,0.00000000000000000
387,9,437.00000000000000000,0.09160305343511450,0.90839694656488545,0.00000000000000000
388,9,334.00000000000000000,0.87786259541984735,0.12213740458015267,0.00000000000000000
389,9,666.00000000000000000,0.00000000000000000,0.00000000000000000,1.00000000000000000
390,9,233.00000000000000000,1.00000000000000000,0.00000000000000000,0.00000000000000000
391,9,352.00000000000000000,0.74045801526717558,0.25954198473282442,0.00000000000000000
392,9,430.00000000000000000,0.14503816793893129,0.85496183206106868,0.00000000000000000
393,9,304.00000000000000000,1.00000000000000000,0.00000000000000000,0.00000000000000000
394,9,279.00000000000000000,1.00000000000000000,0.00000000000000000,0.00000000000000000
395,9,666.00000000000000000,0.00000000000000000,0.00000000000000000,1.00000000000000000
396,9,666.00000000000000000,0.00000000000000000,0.00000000000000000,1.00000000000000000
397,9,370.00000000000000000,0.60305343511450382,0.39694656488549618,0.00000000000000000
398,9,666.00000000000000000,0.00000000000000000,0.00000000000000000,1.00000000000000000
399,9,304.00000000000000000,1.00000000000000000,0.00000000000000000,0.00000000000000000
400,9,305.00000000000000000,1.00000000000000000,0.00000000000000000,0.00000000000000000
401,9,384.00000000000000000,0.49618320610687022,0.50381679389312972,0.00000000000000000
402,9,304.00000000000000000,1.00000000000000000,0.00000000000000000,0.00000000000000000
403,9,666.00000000000000000,0.00000000000000000,0.00000000000000000,1.00000000000000000
404,9,330.00000000000000000,0.90839694656488545,0.09160305343511450,0.00000000000000000
405,9,711.00000000000000000,0.00000000000000000,0.00000000000000000,1.00000000000000000
406,9,437.00000000000000000,0.09160305343511450,0.90839694656488545,0.00000000000000000
407,9,243.00000000000000000,1.00000000000000000,0.00000000000000000,0.00000000000000000
408,9,281.00000000000000000,1.00000000000000000,0.00000000000000000,0.00000000000000000
409,9,666.00000000000000000,0.00000000000000000,0.00000000000000000,1.00000000000000000
410,9,403.00000000000000000,0.35114503816793891,0.64885496183206104,0.00000000000000000
411,9,334.00000000000000000,0.87786259541984735,0.12213740458015267,0.00000000000000000
412,9,233.00000000000000000,1.00000000000000000,0.00000000000000000,0.00000000000000000
413,9,330.00000000000000000,0.90839694656488545,0.09160305343511450,0.00000000000000000
414,9,403.00000000000000000,0.35114503816793891,0.64885496183206104,0.00000000000000000
415,9,223.00000000000000000,1.00000000000000000,0.00000000000000000,0.00000000000000000
416,9,666.00000000000000000,0.00000000000000000,0.00000000000000000,1.00000000000000000
417,9,358.00000000000000000,0.69465648854961837,0.30534351145038169,0.00000000000000000
418,9,666.00000000000000000,0.00000000000000000,0.00000000000000000,1.00000000000000000
419,9,403.00000000000000000,0.35114503816793891,0.64885496183206104,0.00000000000000000
420,9,403.00000000000000000,0.35114503816793891,0.64885496183206104,0.00000000000000000
421,9,666.00000000000000000,0.00000000000000000,0.00000000000000000,1.00000000000000000
422,9,666.00000000000000000,0.00000000000000000,0.00000000000000000,1.00000000000000000
423,9,296.00000000000000000,1.00000000000000000,0.00000000000000000,0.00000000000000000
424,9,296.00000000000000000,1.00000000000000000,0.00000000000000000,0.00000000000000000
425,9,296.00000000000000000,1.00000000000000000,0.00000000000000000,0.00000000000000000
426,9,403.00000000000000000,0.35114503816793891,0.64885496183206104,0.00000000000000000
427,9,296.00000000000000000,1.00000000000000000,0.00000000000000000,0.00000000000000000
428,9,307.00000000000000000,1.00000000000000000,0.00000000000000000,0.00000000000000000
429,9,311.00000000000000000,1.00000000000000000,0.00000000000000000,0.00000000000000000
430,9,666.00000000000000000,0.00000000000000000,0.00000000000000000,1.00000000000000000
431,9,307.00000000000000000,1.00000000000000000,0.00000000000000000,0.00000000000000000
432,9,311.00000000000000000,1.00000000000000000,0.00000000000000000,0.00000000000000000
433,9,224.00000000000000000,1.00000000000000000,0.00000000000000000,0.00000000000000000
434,9,311.00000000000000000,1.00000000000000000,0.00000000000000000,0.00000000000000000
435,9,223.00000000000000000,1.00000000000000000,0.00000000000000000,0.00000000000000000
436,9,300.00000000000000000,1.00000000000000000,0.00000000000000000,0.00000000000000000
437,9,273.00000000000000000,1.00000000000000000,0.00000000000000000,0.00000000000000000
438,9,437.00000000000000000,0.09160305343511450,0.90839694656488545,0.00000000000000000
439,9,307.00000000000000000,1.00000000000000000,0.00000000000000000,0.00000000000000000
440,9,233.00000000000000000,1.00000000000000000,0.00000000000000000,0.00000000000000000
441,9,384.00000000000000000,0.49618320610687022,0.50381679389312972,0.00000000000000000
442,9,666.00000000000000000,0.00000000000000000,0.00000000000000000,1.00000000000000000
443,9,666.00000000000000000,0.00000000000000000,0.00000000000000000,1.00000000000000000
444,9,666.00000000000000000,0.00000000000000000,0.00000000000000000,1.00000000000000000
445,9,437.00000000000000000,0.09160305343511450,0.90839694656488545,0.00000000000000000
446,9,307.00000000000000000,1.00000000000000000,0.00000000000000000,0.00000000000000000
447,9,287.00000000000000000,1.00000000000000000,0.00000000000000000,0.00000000000000000
448,9,307.00000000000000000,1.00000000000000000,0.00000000000000000,0.00000000000000000
449,9,666.00000000000000000,0.00000000000000000,0.00000000000000000,1.00000000000000000
450,9,296.00000000000000000,1.00000000000000000,0.00000000000000000,0.00000000000000000
451,9,666.00000000000000000,0.00000000000000000,0.00000000000000000,1.00000000000000000
452,9,398.00000000000000000,0.38931297709923662,0.61068702290076338,0.00000000000000000
453,9,300.00000000000000000,1.00000000000000000,0.00000000000000000,0.00000000000000000
454,9,666.00000000000000000,0.00000000000000000,0.00000000000000000,1.00000000000000000
455,9,666.00000000000000000,0.00000000000000000,0.00000000000000000,1.00000000000000000
456,9,398.00000000000000000,0.38931297709923662,0.61068702290076338,0.00000000000000000
457,9,193.00000000000000000,1.00000000000000000,0.00000000000000000,0.00000000000000000
458,9,277.00000000000000000,1.00000000000000000,0.00000000000000000,0.00000000000000000
459,9,188.00000000000000000,1.00000000000000000,0.00000000000000000,0.00000000000000000
460,9,193.00000000000000000,1.00000000000000000,0.00000000000000000,0.00000000000000000
461,9,384.00000000000000000,0.49618320610687022,0.50381679389312972,0.00000000000000000
462,9,279.00000000000000000,1.00000000000000000,0.00000000000000000,0.00000000000000000
463,9,254.00000000000000000,1.00000000000000000,0.00000000000000000,0.00000000000000000
464,9,666.00000000000000000,0.00000000000000000,0.00000000000000000,1.00000000000000000
465,9,403.00000000000000000,0.35114503816793891,0.64885496183206104,0.00000000000000000
466,9,403.00000000000000000,0.35114503816793891,0.64885496183206104,0.00000000000000000
467,9,666.00000000000000000,0.00000000000000000,0.00000000000000000,1.00000000000000000
468,9,273.00000000000000000,1.00000000000000000,0.00000000000000000,0.00000000000000000
469,9,666.00000000000000000,0.00000000000000000,0.00000000000000000,1.00000000000000000
470,9,666.00000000000000000,0.00000000000000000,0.00000000000000000,1.00000000000000000
471,9,287.00000000000000000,1.00000000000000000,0.00000000000000000,0.00000000000000000
472,9,437.00000000000000000,0.09160305343511450,0.90839694656488545,0.00000000000000000
473,9,666.00000000000000000,0.00000000000000000,0.00000000000000000,1.00000000000000000
474,9,273.00000000000000000,1.00000000000000000,0.00000000000000000,0.00000000000000000
475,9,666.00000000000000000,0.00000000000000000,0.00000000000000000,1.00000000000000000
476,9,666.00000000000000000,0.00000000000000000,0.00000000000000000,1.00000000000000000
477,9,666.00000000000000000,0.00000000000000000,0.00000000000000000,1.00000000000000000
478,9,287.00000000000000000,1.00000000000000000,0.00000000000000000,0.00000000000000000
479,9,300.00000000000000000,1.00000000000000000,0.00000000000000000,0.00000000000000000
480,9,437.00000000000000000,0.09160305343511450,0.90839694656488545,0.00000000000000000
481,9,402.00000000000000000,0.35877862595419846,0.64122137404580148,0.00000000000000000
482,9,345.00000000000000000,0.79389312977099236,0.20610687022900764,0.00000000000000000
483,9,335.00000000000000000,0.87022900763358779,0.12977099236641221,0.00000000000000000
484,9,307.00000000000000000,1.00000000000000000,0.00000000000000000,0.00000000000000000
485,9,252.00000000000000000,1.00000000000000000,0.00000000000000000,0.00000000000000000
486,9,666.00000000000000000,0.00000000000000000,0.00000000000000000,1.00000000000000000
487,9,337.00000000000000000,0.85496183206106868,0.14503816793893129,0.00000000000000000
488,9,245.00000000000000000,1.00000000000000000,0.00000000000000000,0.00000000000000000
489,9,216.00000000000000000,1.00000000000000000,0.00000000000000000,0.00000000000000000
490,9,345.00000000000000000,0.79389312977099236,0.20610687022900764,0.00000000000000000
491,9,264.00000000000000000,1.00000000000000000,0.00000000000000000,0.00000000000000000
492,9,666.00000000000000000,0.00000000000000000,0.00000000000000000,1.00000000000000000
493,9,403.00000000000000000,0.35114503816793891,0.64885496183206104,0.00000000000000000
494,9,666.00000000000000000,0.00000000000000000,0.00000000000000000,1.00000000000000000
495,9,666.00000000000000000,0.00000000000000000,0.00000000000000000,1.00000000000000000
496,9,329.00000000000000000,0.91603053435114501,0.08396946564885496,0.00000000000000000
497,9,666.00000000000000000,0.00000000000000000,0.00000000000000000,1.00000000000000000
498,9,188.00000000000000000,1.00000000000000000,0.00000000000000000,0.00000000000000000
499,9,243.00000000000000000,1.00000000000000000,0.00000000000000000,0.00000000000000000
500,9,264.00000000000000000,1.00000000000000000,0.00000000000000000,0.00000000000000000
501,9,304.00000000000000000,1.00000000000000000,0.00000000000000000,0.00000000000000000
502,9,666.00000000000000000,0.00000000000000000,0.00000000000000000,1.00000000000000000
503,9,277.00000000000000000,1.00000000000000000,0.00000000000000000,0.00000000000000000
504,9,270.00000000000000000,1.00000000000000000,0.00000000000000000,0.00000000000000000
0,10,20.19999999999999929,0.00000000000000000,0.00000000000000000,1.00000000000000000
1,10,20.19999999999999929,0.00000000000000000,0.00000000000000000,1.00000000000000000
2,10,18.60000000000000142,0.00000000000000000,0.44680851063829707,0.55319148936170293
3,10,19.19999999999999929,0.00000000000000000,0.19148936170212752,0.80851063829787251
4,10,20.19999999999999929,0.00000000000000000,0.00000000000000000,1.00000000000000000
5,10,21.19999999999999929,0.00000000000000000,0.00000000000000000,1.00000000000000000
6,10,15.19999999999999929,0.89361702127659581,0.10638297872340419,0.00000000000000000
7,10,20.19999999999999929,0.00000000000000000,0.00000000000000000,1.00000000000000000
8,10,14.69999999999999929,1.00000000000000000,0.00000000000000000,0.00000000000000000
9,10,14.69999999999999929,1.00000000000000000,0.00000000000000000,0.00000000000000000
10,10,18.80000000000000071,0.00000000000000000,0.36170212765957388,0.63829787234042612
11,10,14.69999999999999929,1.00000000000000000,0.00000000000000000,0.00000000000000000
12,10,19.69999999999999929,0.00000000000000000,0.00000000000000000,1.00000000000000000
13,10,16.60000000000000142,0.29787234042553146,0.70212765957446854,0.00000000000000000
14,10,18.60000000000000142,0.00000000000000000,0.44680851063829707,0.55319148936170293
15,10,17.60000000000000142,0.00000000000000000,0.87234042553191449,0.12765957446808551
16,10,15.50000000000000000,0.76595744680851052,0.23404255319148953,0.00000000000000000
17,10,20.19999999999999929,0.00000000000000000,0.00000000000000000,1.00000000000000000
18,10,20.10000000000000142,0.00000000000000000,0.00000000000000000,1.00000000000000000
19,10,19.69999999999999929,0.00000000000000000,0.00000000000000000,1.00000000000000000
20,10,15.90000000000000036,0.59574468085106358,0.40425531914893637,0.00000000000000000
21,10,17.39999999999999858,0.00000000000000000,0.95744680851063912,0.04255319148936083
22,10,18.60000000000000142,0.00000000000000000,0.44680851063829707,0.55319148936170293
23,10,15.19999999999999929,0.89361702127659581,0.10638297872340419,0.00000000000000000
24,10,16.60000000000000142,0.29787234042553146,0.70212765957446854,0.00000000000000000
25,10,16.60000000000000142,0.29787234042553146,0.70212765957446854,0.00000000000000000
26,10,18.60000000000000142,0.00000000000000000,0.44680851063829707,0.55319148936170293
27,10,21.00000000000000000,0.00000000000000000,0.00000000000000000,1.00000000000000000
28,10,20.19999999999999929,0.00000000000000000,0.00000000000000000,1.00000000000000000
29,10,21.19999999999999929,0.00000000000000000,0.00000000000000000,1.00000000000000000
30,10,17.39999999999999858,0.00000000000000000,0.95744680851063912,0.04255319148936083
31,10,20.19999999999999929,0.00000000000000000,0.00000000000000000,1.00000000000000000
32,10,20.19999999999999929,0.00000000000000000,0.00000000000000000,1.00000000000000000
33,10,21.19999999999999929,0.00000000000000000,0.00000000000000000,1.00000000000000000
34,10,20.19999999999999929,0.00000000000000000,0.00000000000000000,1.00000000000000000
35,10,16.39999999999999858,0.38297872340425598,0.61702127659574402,0.00000000000000000
36,10,19.19999999999999929,0.00000000000000000,0.19148936170212752,0.80851063829787251
37,10,16.39999999999999858,0.38297872340425598,0.61702127659574402,0.00000000000000000
38,10,20.19999999999999929,0.00000000000000000,0.00000000000000000,1.00000000000000000
39,10,18.69999999999999929,0.00000000000000000,0.40425531914893625,0.59574468085106380
40,10,20.19999999999999929,0.00000000000000000,0.00000000000000000,1.00000000000000000
41,10,20.19999999999999929,0.00000000000000000,0.00000000000000000,1.00000000000000000
42,10,21.19999999999999929,0.00000000000000000,0.00000000000000000,1.00000000000000000
43,10,20.89999999999999858,0.00000000000000000,0.00000000000000000,1.00000000000000000
44,10,17.89999999999999858,0.00000000000000000,0.74468085106383042,0.25531914893616953
45,10,20.19999999999999929,0.00000000000000000,0.00000000000000000,1.00000000000000000
46,10,19.19999999999999929,0.00000000000000000,0.19148936170212752,0.80851063829787251
47,10,19.60000000000000142,0.00000000000000000,0.02127659574467966,0.97872340425532034
48,10,17.89999999999999858,0.00000000000000000,0.74468085106383042,0.25531914893616953
49,10,20.19999999999999929,0.00000000000000000,0.00000000000000000,1.00000000000000000
50,10,15.19999999999999929,0.89361702127659581,0.10638297872340419,0.00000000000000000
51,10,20.19999999999999929,0.00000000000000000,0.00000000000000000,1.00000000000000000
52,10,17.39999999999999858,0.00000000000000000,0.95744680851063912,0.04255319148936083
53,10,18.39999999999999858,0.00000000000000000,0.53191489361702171,0.46808510638297823
54,10,20.19999999999999929,0.00000000000000000,0.00000000000000000,1.00000000000000000
55,10,21.00000000000000000,0.00000000000000000,0.00000000000000000,1.00000000000000000
56,10,16.89999999999999858,0.17021276595744761,0.82978723404255239,0.00000000000000000
57,10,19.60000000000000142,0.00000000000000000,0.02127659574467966,0.97872340425532034
58,10,16.89999999999999858,0.17021276595744761,0.82978723404255239,0.00000000000000000
59,10,20.19999999999999929,0.00000000000000000,0.00000000000000000,1.00000000000000000
60,10,20.19999999999999929,0.00000000000000000,0.00000000000000000,1.00000000000000000
61,10,20.19999999999999929,0.00000000000000000,0.00000000000000000,1.00000000000000000
62,10,17.80000000000000071,0.00000000000000000,0.78723404255319129,0.21276595744680871
63,10,13.00000000000000000,1.00000000000000000,0.00000000000000000,0.00000000000000000
64,10,19.19999999999999929,0.00000000000000000,0.19148936170212752,0.80851063829787251
65,10,20.19999999999999929,0.00000000000000000,0.00000000000000000,1.00000000000000000
66,10,18.50000000000000000,0.00000000000000000,0.48936170212765939,0.51063829787234061
67,10,19.00000000000000000,0.00000000000000000,0.27659574468085069,0.72340425531914931
68,10,20.19999999999999929,0.00000000000000000,0.00000000000000000,1.00000000000000000
69,10,17.80000000000000071,0.00000000000000000,0.78723404255319129,0.21276595744680871
70,10,20.19999999999999929,0.00000000000000000,0.00000000000000000,1.00000000000000000
71,10,20.19999999999999929,0.00000000000000000,0.00000000000000000,1.00000000000000000
72,10,15.30000000000000071,0.85106382978723349,0.14893617021276648,0.00000000000000000
73,10,20.19999999999999929,0.00000000000000000,0.00000000000000000,1.00000000000000000
74,10,15.19999999999999929,0.89361702127659581,0.10638297872340419,0.00000000000000000
75,10,21.00000000000000000,0.00000000000000000,0.00000000000000000,1.00000000000000000
76,10,20.10000000000000142,0.00000000000000000,0.00000000000000000,1.00000000000000000
77,10,20.19999999999999929,0.00000000000000000,0.00000000000000000,1.00000000000000000
78,10,17.39999999999999858,0.00000000000000000,0.95744680851063912,0.04255319148936083
79,10,20.19999999999999929,0.00000000000000000,0.00000000000000000,1.00000000000000000
80,10,13.00000000000000000,1.00000000000000000,0.00000000000000000,0.00000000000000000
81,10,15.90000000000000036,0.59574468085106358,0.40425531914893637,0.00000000000000000
82,10,15.19999999999999929,0.89361702127659581,0.10638297872340419,0.00000000000000000
83,10,20.19999999999999929,0.00000000000000000,0.00000000000000000,1.00000000000000000
84,10,17.80000000000000071,0.00000000000000000,0.78723404255319129,0.21276595744680871
85,10,19.60000000000000142,0.00000000000000000,0.02127659574467966,0.97872340425532034
86,10,20.19999999999999929,0.00000000000000000,0.00000000000000000,1.00000000000000000
87,10,15.19999999999999929,0.89361702127659581,0.10638297872340419,0.00000000000000000
88,10,14.69999999999999929,1.00000000000000000,0.00000000000000000,0.00000000000000000
89,10,20.19999999999999929,0.00000000000000000,0.00000000000000000,1.00000000000000000
90,10,18.60000000000000142,0.00000000000000000,0.44680851063829707,0.55319148936170293
91,10,20.19999999999999929,0.00000000000000000,0.00000000000000000,1.00000000000000000
92,10,19.19999999999999929,0.00000000000000000,0.19148936170212752,0.80851063829787251
93,10,18.60000000000000142,0.00000000000000000,0.44680851063829707,0.55319148936170293
94,10,17.89999999999999858,0.00000000000000000,0.74468085106383042,0.25531914893616953
95,10,21.00000000000000000,0.00000000000000000,0.00000000000000000,1.00000000000000000
96,10,19.10000000000000142,0.00000000000000000,0.23404255319148837,0.76595744680851163
97,10,14.80000000000000071,1.00000000000000000,0.00000000000000000,0.00000000000000000
98,10,14.69999999999999929,1.00000000000000000,0.00000000000000000,0.00000000000000000
99,10,17.80000000000000071,0.00000000000000000,0.78723404255319129,0.21276595744680871
100,10,16.39999999999999858,0.38297872340425598,0.61702127659574402,0.00000000000000000
101,10,18.39999999999999858,0.00000000000000000,0.53191489361702171,0.46808510638297823
102,10,19.00000000000000000,0.00000000000000000,0.27659574468085069,0.72340425531914931
103,10,21.00000000000000000,0.00000000000000000,0.00000000000000000,1.00000000000000000
104,10,17.30000000000000071,0.00000000000000000,1.00000000000000000,0.00000000000000000
105,10,17.39999999999999858,0.00000000000000000,0.95744680851063912,0.04255319148936083
106,10,20.19999999999999929,0.00000000000000000,0.00000000000000000,1.00000000000000000
107,10,20.19999999999999929,0.00000000000000000,0.00000000000000000,1.00000000000000000
108,10,20.19999999999999929,0.00000000000000000,0.00000000000000000,1.00000000000000000
109,10,16.89999999999999858,0.17021276595744761,0.82978723404255239,0.00000000000000000
110,10,18.39999999999999858,0.00000000000000000,0.53191489361702171,0.46808510638297823
111,10,20.19999999999999929,0.00000000000000000,0.00000000000000000,1.00000000000000000
112,10,17.89999999999999858,0.00000000000000000,0.74468085106383042,0.25531914893616953
113,10,18.39999999999999858,0.00000000000000000,0.53191489361702171,0.46808510638297823
114,10,17.80000000000000071,0.00000000000000000,0.78723404255319129,0.21276595744680871
115,10,20.19999999999999929,0.00000000000000000,0.00000000000000000,1.00000000000000000
116,10,14.80000000000000071,1.00000000000000000,0.00000000000000000,0.00000000000000000
117,10,20.19999999999999929,0.00000000000000000,0.00000000000000000,1.00000000000000000
118,10,21.00000000000000000,0.00000000000000000,0.00000000000000000,1.00000000000000000
119,10,20.19999999999999929,0.00000000000000000,0.00000000000000000,1.00000000000000000
120,10,20.19999999999999929,0.00000000000000000,0.00000000000000000,1.00000000000000000
121,10,19.69999999999999929,0.00000000000000000,0.00000000000000000,1.00000000000000000
122,10,13.00000000000000000,1.00000000000000000,0.00000000000000000,0.00000000000000000
123,10,13.00000000000000000,1.00000000000000000,0.00000000000000000,0.00000000000000000
124,10,17.80000000000000071,0.00000000000000000,0.78723404255319129,0.21276595744680871
125,10,15.19999999999999929,0.89361702127659581,0.10638297872340419,0.00000000000000000
126,10,20.19999999999999929,0.00000000000000000,0.00000000000000000,1.00000000000000000
127,10,14.69999999999999929,1.00000000000000000,0.00000000000000000,0.00000000000000000
128,10,20.19999999999999929,0.00000000000000000,0.00000000000000000,1.00000000000000000
129,10,18.30000000000000071,0.00000000000000000,0.57446808510638259,0.42553191489361741
130,10,14.69999999999999929,1.00000000000000000,0.00000000000000000,0.00000000000000000
131,10,20.19999999999999929,0.00000000000000000,0.00000000000000000,1.00000000000000000
132,10,20.19999999999999929,0.00000000000000000,0.00000000000000000,1.00000000000000000
133,10,19.10000000000000142,0.00000000000000000,0.23404255319148837,0.76595744680851163
134,10,17.39999999999999858,0.00000000000000000,0.95744680851063912,0.04255319148936083
135,10,18.60000000000000142,0.00000000000000000,0.44680851063829707,0.55319148936170293
136,10,16.00000000000000000,0.55319148936170215,0.44680851063829791,0.00000000000000000
137,10,20.19999999999999929,0.00000000000000000,0.00000000000000000,1.00000000000000000
138,10,20.19999999999999929,0.00000000000000000,0.00000000000000000,1.00000000000000000
139,10,19.19999999999999929,0.00000000000000000,0.19148936170212752,0.80851063829787251
140,10,19.19999999999999929,0.00000000000000000,0.19148936170212752,0.80851063829787251
141,10,19.19999999999999929,0.00000000000000000,0.19148936170212752,0.80851063829787251
142,10,14.69999999999999929,1.00000000000000000,0.00000000000000000,0.00000000000000000
143,10,16.00000000000000000,0.55319148936170215,0.44680851063829791,0.00000000000000000
144,10,18.39999999999999858,0.00000000000000000,0.53191489361702171,0.46808510638297823
145,10,17.39999999999999858,0.00000000000000000,0.95744680851063912,0.04255319148936083
146,10,21.00000000000000000,0.00000000000000000,0.00000000000000000,1.00000000000000000
147,10,20.19999999999999929,0.00000000000000000,0.00000000000000000,1.00000000000000000
148,10,17.80000000000000071,0.00000000000000000,0.78723404255319129,0.21276595744680871
149,10,16.80000000000000071,0.21276595744680837,0.78723404255319163,0.00000000000000000
150,10,20.19999999999999929,0.00000000000000000,0.00000000000000000,1.00000000000000000
151,10,17.89999999999999858,0.00000000000000000,0.74468085106383042,0.25531914893616953
152,10,18.39999999999999858,0.00000000000000000,0.53191489361702171,0.46808510638297823
153,10,20.89999999999999858,0.00000000000000000,0.00000000000000000,1.00000000000000000
154,10,18.39999999999999858,0.00000000000000000,0.53191489361702171,0.46808510638297823
155,10,20.19999999999999929,0.00000000000000000,0.00000000000000000,1.00000000000000000
156,10,21.10000000000000142,0.00000000000000000,0.00000000000000000,1.00000000000000000
157,10,19.19999999999999929,0.00000000000000000,0.19148936170212752,0.80851063829787251
158,10,20.19999999999999929,0.00000000000000000,0.00000000000000000,1.00000000000000000
159,10,19.10000000000000142,0.00000000000000000,0.23404255319148837,0.76595744680851163
160,10,20.19999999999999929,0.00000000000000000,0.00000000000000000,1.00000000000000000
161,10,18.69999999999999929,0.00000000000000000,0.40425531914893625,0.59574468085106380
162,10,20.19999999999999929,0.00000000000000000,0.00000000000000000,1.00000000000000000
163,10,18.00000000000000000,0.00000000000000000,0.70212765957446810,0.29787234042553190
164,10,17.80000000000000071,0.00000000000000000,0.78723404255319129,0.21276595744680871
165,10,15.30000000000000071,0.85106382978723349,0.14893617021276648,0.00000000000000000
166,10,17.39999999999999858,0.00000000000000000,0.95744680851063912,0.04255319148936083
167,10,17.89999999999999858,0.00000000000000000,0.74468085106383042,0.25531914893616953
168,10,18.30000000000000071,0.00000000000000000,0.57446808510638259,0.42553191489361741
169,10,21.19999999999999929,0.00000000000000000,0.00000000000000000,1.00000000000000000
170,10,16.10000000000000142,0.51063829787233983,0.48936170212766017,0.00000000000000000
171,10,18.89999999999999858,0.00000000000000000,0.31914893617021306,0.68085106382978700
172,10,18.39999999999999858,0.00000000000000000,0.53191489361702171,0.46808510638297823
173,10,18.50000000000000000,0.00000000000000000,0.48936170212765939,0.51063829787234061
174,10,17.00000000000000000,0.12765957446808532,0.87234042553191471,0.00000000000000000
175,10,14.69999999999999929,1.00000000000000000,0.00000000000000000,0.00000000000000000
176,10,18.69999999999999929,0.00000000000000000,0.40425531914893625,0.59574468085106380
177,10,21.19999999999999929,0.00000000000000000,0.00000000000000000,1.00000000000000000
178,10,18.30000000000000071,0.00000000000000000,0.57446808510638259,0.42553191489361741
179,10,19.19999999999999929,0.00000000000000000,0.19148936170212752,0.80851063829787251
180,10,20.89999999999999858,0.00000000000000000,0.00000000000000000,1.00000000000000000
181,10,16.89999999999999858,0.17021276595744761,0.82978723404255239,0.00000000000000000
182,10,14.69999999999999929,1.00000000000000000,0.00000000000000000,0.00000000000000000
183,10,20.19999999999999929,0.00000000000000000,0.00000000000000000,1.00000000000000000
184,10,20.19999999999999929,0.00000000000000000,0.00000000000000000,1.00000000000000000
185,10,18.00000000000000000,0.00000000000000000,0.70212765957446810,0.29787234042553190
186,10,20.19999999999999929,0.00000000000000000,0.00000000000000000,1.00000000000000000
187,10,16.39999999999999858,0.38297872340425598,0.61702127659574402,0.00000000000000000
188,10,20.89999999999999858,0.00000000000000000,0.00000000000000000,1.00000000000000000
189,10,21.00000000000000000,0.00000000000000000,0.00000000000000000,1.00000000000000000
190,10,20.19999999999999929,0.00000000000000000,0.00000000000000000,1.00000000000000000
191,10,13.00000000000000000,1.00000000000000000,0.00000000000000000,0.00000000000000000
192,10,19.10000000000000142,0.00000000000000000,0.23404255319148837,0.76595744680851163
193,10,16.10000000000000142,0.51063829787233983,0.48936170212766017,0.00000000000000000
194,10,15.09999999999999964,0.93617021276595735,0.06382978723404266,0.00000000000000000
195,10,20.19999999999999929,0.00000000000000000,0.00000000000000000,1.00000000000000000
196,10,21.00000000000000000,0.00000000000000000,0.00000000000000000,1.00000000000000000
197,10,20.19999999999999929,0.00000000000000000,0.00000000000000000,1.00000000000000000
198,10,13.00000000000000000,1.00000000000000000,0.00000000000000000,0.00000000000000000
199,10,14.90000000000000036,1.00000000000000000,0.00000000000000000,0.00000000000000000
200,10,14.69999999999999929,1.00000000000000000,0.00000000000000000,0.00000000000000000
201,10,17.60000000000000142,0.00000000000000000,0.87234042553191449,0.12765957446808551
202,10,20.19999999999999929,0.00000000000000000,0.00000000000000000,1.00000000000000000
203,10,19.19999999999999929,0.00000000000000000,0.19148936170212752,0.80851063829787251
204,10,20.19999999999999929,0.00000000000000000,0.00000000000000000,1.00000000000000000
205,10,20.19999999999999929,0.00000000000000000,0.00000000000000000,1.00000000000000000
206,10,14.40000000000000036,1.00000000000000000,0.00000000000000000,0.00000000000000000
207,10,18.60000000000000142,0.00000000000000000,0.44680851063829707,0.55319148936170293
208,10,19.19999999999999929,0.00000000000000000,0.19148936170212752,0.80851063829787251
209,10,20.19999999999999929,0.00000000000000000,0.00000000000000000,1.00000000000000000
210,10,20.19999999999999929,0.00000000000000000,0.00000000000000000,1.00000000000000000
211,10,17.80000000000000071,0.00000000000000000,0.78723404255319129,0.21276595744680871
212,10,13.00000000000000000,1.00000000000000000,0.00000000000000000,0.00000000000000000
213,10,20.19999999999999929,0.00000000000000000,0.00000000000000000,1.00000000000000000
214,10,15.30000000000000071,0.85106382978723349,0.14893617021276648,0.00000000000000000
215,10,20.19999999999999929,0.00000000000000000,0.00000000000000000,1.00000000000000000
216,10,16.39999999999999858,0.38297872340425598,0.61702127659574402,0.00000000000000000
217,10,19.10000000000000142,0.00000000000000000,0.23404255319148837,0.76595744680851163
218,10,18.69999999999999929,0.00000000000000000,0.40425531914893625,0.59574468085106380
219,10,19.69999999999999929,0.00000000000000000,0.00000000000000000,1.00000000000000000
220,10,17.80000000000000071,0.00000000000000000,0.78723404255319129,0.21276595744680871
221,10,20.19999999999999929,0.00000000000000000,0.00000000000000000,1.00000000000000000
222,10,20.19999999999999929,0.00000000000000000,0.00000000000000000,1.00000000000000000
223,10,20.19999999999999929,0.00000000000000000,0.00000000000000000,1.00000000000000000
224,10,20.19999999999999929,0.00000000000000000,0.00000000000000000,1.00000000000000000
225,10,17.80000000000000071,0.00000000000000000,0.78723404255319129,0.21276595744680871
226,10,20.19999999999999929,0.00000000000000000,0.00000000000000000,1.00000000000000000
227,10,16.60000000000000142,0.29787234042553146,0.70212765957446854,0.00000000000000000
228,10,17.00000000000000000,0.12765957446808532,0.87234042553191471,0.00000000000000000
229,10,20.19999999999999929,0.00000000000000000,0.00000000000000000,1.00000000000000000
230,10,19.10000000000000142,0.00000000000000000,0.23404255319148837,0.76595744680851163
231,10,21.00000000000000000,0.00000000000000000,0.00000000000000000,1.00000000000000000
232,10,20.10000000000000142,0.00000000000000000,0.00000000000000000,1.00000000000000000
233,10,16.10000000000000142,0.51063829787233983,0.48936170212766017,0.00000000000000000
234,10,20.19999999999999929,0.00000000000000000,0.00000000000000000,1.00000000000000000
235,10,18.60000000000000142,0.00000000000000000,0.44680851063829707,0.55319148936170293
236,10,18.39999999999999858,0.00000000000000000,0.53191489361702171,0.46808510638297823
237,10,20.89999999999999858,0.00000000000000000,0.00000000000000000,1.00000000000000000
238,10,18.69999999999999929,0.00000000000000000,0.40425531914893625,0.59574468085106380
239,10,17.00000000000000000,0.12765957446808532,0.87234042553191471,0.00000000000000000
240,10,18.39999999999999858,0.00000000000000000,0.53191489361702171,0.46808510638297823
241,10,16.80000000000000071,0.21276595744680837,0.78723404255319163,0.00000000000000000
242,10,14.69999999999999929,1.00000000000000000,0.00000000000000000,0.00000000000000000
243,10,14.69999999999999929,1.00000000000000000,0.00000000000000000,0.00000000000000000
244,10,13.59999999999999964,1.00000000000000000,0.00000000000000000,0.00000000000000000
245,10,21.00000000000000000,0.00000000000000000,0.00000000000000000,1.00000000000000000
246,10,16.60000000000000142,0.29787234042553146,0.70212765957446854,0.00000000000000000
247,10,18.19999999999999929,0.00000000000000000,0.61702127659574491,0.38297872340425504
248,10,19.60000000000000142,0.00000000000000000,0.02127659574467966,0.97872340425532034
249,10,17.80000000000000071,0.00000000000000000,0.78723404255319129,0.21276595744680871
250,10,16.00000000000000000,0.55319148936170215,0.44680851063829791,0.00000000000000000
251,10,20.19999999999999929,0.00000000000000000,0.00000000000000000,1.00000000000000000
252,10,14.69999999999999929,1.00000000000000000,0.00000000000000000,0.00000000000000000
253,10,17.80000000000000071,0.00000000000000000,0.78723404255319129,0.21276595744680871
254,10,19.10000000000000142,0.00000000000000000,0.23404255319148837,0.76595744680851163
255,10,20.19999999999999929,0.00000000000000000,0.00000000000000000,1.00000000000000000
256,10,14.69999999999999929,1.00000000000000000,0.00000000000000000,0.00000000000000000
257,10,20.19999999999999929,0.00000000000000000,0.00000000000000000,1.00000000000000000
258,10,20.19999999999999929,0.00000000000000000,0.00000000000000000,1.00000000000000000
259,10,20.19999999999999929,0.00000000000000000,0.00000000000000000,1.00000000000000000
260,10,18.60000000000000142,0.00000000000000000,0.44680851063829707,0.55319148936170293
261,10,20.19999999999999929,0.00000000000000000,0.00000000000000000,1.00000000000000000
262,10,21.00000000000000000,0.00000000000000000,0.00000000000000000,1.00000000000000000
263,10,19.10000000000000142,0.00000000000000000,0.23404255319148837,0.76595744680851163
264,10,21.19999999999999929,0.00000000000000000,0.00000000000000000,1.00000000000000000
265,10,16.10000000000000142,0.51063829787233983,0.48936170212766017,0.00000000000000000
266,10,12.59999999999999964,1.00000000000000000,0.00000000000000000,0.00000000000000000
267,10,14.69999999999999929,1.00000000000000000,0.00000000000000000,0.00000000000000000
268,10,18.50000000000000000,0.00000000000000000,0.48936170212765939,0.51063829787234061
269,10,17.80000000000000071,0.00000000000000000,0.78723404255319129,0.21276595744680871
270,10,18.19999999999999929,0.00000000000000000,0.61702127659574491,0.38297872340425504
271,10,20.19999999999999929,0.00000000000000000,0.00000000000000000,1.00000000000000000
272,10,21.19999999999999929,0.00000000000000000,0.00000000000000000,1.00000000000000000
273,10,18.39999999999999858,0.00000000000000000,0.53191489361702171,0.46808510638297823
274,10,20.19999999999999929,0.00000000000000000,0.00000000000000000,1.00000000000000000
275,10,17.80000000000000071,0.00000000000000000,0.78723404255319129,0.21276595744680871
276,10,17.80000000000000071,0.00000000000000000,0.78723404255319129,0.21276595744680871
277,10,18.00000000000000000,0.00000000000000000,0.70212765957446810,0.29787234042553190
278,10,19.19999999999999929,0.00000000000000000,0.19148936170212752,0.80851063829787251
279,10,21.19999999999999929,0.00000000000000000,0.00000000000000000,1.00000000000000000
280,10,16.60000000000000142,0.29787234042553146,0.70212765957446854,0.00000000000000000
281,10,14.69999999999999929,1.00000000000000000,0.00000000000000000,0.00000000000000000
282,10,21.00000000000000000,0.00000000000000000,0.00000000000000000,1.00000000000000000
283,10,20.19999999999999929,0.00000000000000000,0.00000000000000000,1.00000000000000000
284,10,14.69999999999999929,1.00000000000000000,0.00000000000000000,0.00000000000000000
285,10,17.60000000000000142,0.00000000000000000,0.87234042553191449,0.12765957446808551
286,10,16.60000000000000142,0.29787234042553146,0.70212765957446854,0.00000000000000000
287,10,18.69999999999999929,0.00000000000000000,0.40425531914893625,0.59574468085106380
288,10,19.60000000000000142,0.00000000000000000,0.02127659574467966,0.97872340425532034
289,10,20.19999999999999929,0.00000000000000000,0.00000000000000000,1.00000000000000000
290,10,18.19999999999999929,0.00000000000000000,0.61702127659574491,0.38297872340425504
291,10,20.19999999999999929,0.00000000000000000,0.00000000000000000,1.00000000000000000
292,10,20.19999999999999929,0.00000000000000000,0.00000000000000000,1.00000000000000000
293,10,20.19999999999999929,0.00000000000000000,0.00000000000000000,1.00000000000000000
294,10,20.19999999999999929,0.00000000000000000,0.00000000000000000,1.00000000000000000
295,10,14.69999999999999929,1.00000000000000000,0.00000000000000000,0.00000000000000000
296,10,18.50000000000000000,0.00000000000000000,0.48936170212765939,0.51063829787234061
297,10,14.69999999999999929,1.00000000000000000,0.00000000000000000,0.00000000000000000
298,10,19.19999999999999929,0.00000000000000000,0.19148936170212752,0.80851063829787251
299,10,18.69999999999999929,0.00000000000000000,0.40425531914893625,0.59574468085106380
300,10,16.60000000000000142,0.29787234042553146,0.70212765957446854,0.00000000000000000
301,10,20.89999999999999858,0.00000000000000000,0.00000000000000000,1.00000000000000000
302,10,21.00000000000000000,0.00000000000000000,0.00000000000000000,1.00000000000000000
303,10,14.69999999999999929,1.00000000000000000,0.00000000000000000,0.00000000000000000
304,10,19.19999999999999929,0.00000000000000000,0.19148936170212752,0.80851063829787251
305,10,19.10000000000000142,0.00000000000000000,0.23404255319148837,0.76595744680851163
306,10,20.19999999999999929,0.00000000000000000,0.00000000000000000,1.00000000000000000
307,10,13.00000000000000000,1.00000000000000000,0.00000000000000000,0.00000000000000000
308,10,20.19999999999999929,0.00000000000000000,0.00000000000000000,1.00000000000000000
309,10,20.19999999999999929,0.00000000000000000,0.00000000000000000,1.00000000000000000
310,10,17.60000000000000142,0.00000000000000000,0.87234042553191449,0.12765957446808551
311,10,15.59999999999999964,0.72340425531914898,0.27659574468085107,0.00000000000000000
312,10,20.19999999999999929,0.00000000000000000,0.00000000000000000,1.00000000000000000
313,10,15.59999999999999964,0.72340425531914898,0.27659574468085107,0.00000000000000000
314,10,18.00000000000000000,0.00000000000000000,0.70212765957446810,0.29787234042553190
315,10,20.19999999999999929,0.00000000000000000,0.00000000000000000,1.00000000000000000
316,10,17.80000000000000071,0.00000000000000000,0.78723404255319129,0.21276595744680871
317,10,20.19999999999999929,0.00000000000000000,0.00000000000000000,1.00000000000000000
318,10,15.19999999999999929,0.89361702127659581,0.10638297872340419,0.00000000000000000
319,10,17.39999999999999858,0.00000000000000000,0.95744680851063912,0.04255319148936083
320,10,14.69999999999999929,1.00000000000000000,0.00000000000000000,0.00000000000000000
321,10,17.89999999999999858,0.00000000000000000,0.74468085106383042,0.25531914893616953
322,10,14.69999999999999929,1.00000000000000000,0.00000000000000000,0.00000000000000000
323,10,18.69999999999999929,0.00000000000000000,0.40425531914893625,0.59574468085106380
324,10,13.00000000000000000,1.00000000000000000,0.00000000000000000,0.00000000000000000
325,10,16.39999999999999858,0.38297872340425598,0.61702127659574402,0.00000000000000000
326,10,16.00000000000000000,0.55319148936170215,0.44680851063829791,0.00000000000000000
327,10,20.19999999999999929,0.00000000000000000,0.00000000000000000,1.00000000000000000
328,10,20.89999999999999858,0.00000000000000000,0.00000000000000000,1.00000000000000000
329,10,19.00000000000000000,0.00000000000000000,0.27659574468085069,0.72340425531914931
330,10,20.19999999999999929,0.00000000000000000,0.00000000000000000,1.00000000000000000
331,10,17.80000000000000071,0.00000000000000000,0.78723404255319129,0.21276595744680871
332,10,20.19999999999999929,0.00000000000000000,0.00000000000000000,1.00000000000000000
333,10,20.19999999999999929,0.00000000000000000,0.00000000000000000,1.00000000000000000
334,10,19.69999999999999929,0.00000000000000000,0.00000000000000000,1.00000000000000000
335,10,18.69999999999999929,0.00000000000000000,0.40425531914893625,0.59574468085106380
336,10,18.00000000000000000,0.00000000000000000,0.70212765957446810,0.29787234042553190
337,10,18.60000000000000142,0.00000000000000000,0.44680851063829707,0.55319148936170293
338,10,20.19999999999999929,0.00000000000000000,0.00000000000000000,1.00000000000000000
339,10,17.80000000000000071,0.00000000000000000,0.78723404255319129,0.21276595744680871
340,10,14.90000000000000036,1.00000000000000000,0.00000000000000000,0.00000000000000000
341,10,17.39999999999999858,0.00000000000000000,0.95744680851063912,0.04255319148936083
342,10,17.39999999999999858,0.00000000000000000,0.95744680851063912,0.04255319148936083
343,10,18.39999999999999858,0.00000000000000000,0.53191489361702171,0.46808510638297823
344,10,17.89999999999999858,0.00000000000000000,0.74468085106383042,0.25531914893616953
345,10,20.19999999999999929,0.00000000000000000,0.00000000000000000,1.00000000000000000
346,10,20.89999999999999858,0.00000000000000000,0.00000000000000000,1.00000000000000000
347,10,19.10000000000000142,0.00000000000000000,0.23404255319148837,0.76595744680851163
348,10,20.10000000000000142,0.00000000000000000,0.00000000000000000,1.00000000000000000
349,10,21.00000000000000000,0.00000000000000000,0.00000000000000000,1.00000000000000000
350,10,20.19999999999999929,0.00000000000000000,0.00000000000000000,1.00000000000000000
351,10,17.80000000000000071,0.00000000000000000,0.78723404255319129,0.21276595744680871
352,10,17.39999999999999858,0.00000000000000000,0.95744680851063912,0.04255319148936083
353,10,17.80000000000000071,0.00000000000000000,0.78723404255319129,0.21276595744680871
354,10,18.60000000000000142,0.00000000000000000,0.44680851063829707,0.55319148936170293
355,10,17.39999999999999858,0.00000000000000000,0.95744680851063912,0.04255319148936083
356,10,17.60000000000000142,0.00000000000000000,0.87234042553191449,0.12765957446808551
357,10,12.59999999999999964,1.00000000000000000,0.00000000000000000,0.00000000000000000
358,10,20.19999999999999929,0.00000000000000000,0.00000000000000000,1.00000000000000000
359,10,14.69999999999999929,1.00000000000000000,0.00000000000000000,0.00000000000000000
360,10,21.00000000000000000,0.00000000000000000,0.00000000000000000,1.00000000000000000
361,10,17.39999999999999858,0.00000000000000000,0.95744680851063912,0.04255319148936083
362,10,19.10000000000000142,0.00000000000000000,0.23404255319148837,0.76595744680851163
363,10,19.69999999999999929,0.00000000000000000,0.00000000000000000,1.00000000000000000
364,10,19.10000000000000142,0.00000000000000000,0.23404255319148837,0.76595744680851163
365,10,20.19999999999999929,0.00000000000000000,0.00000000000000000,1.00000000000000000
366,10,20.19999999999999929,0.00000000000000000,0.00000000000000000,1.00000000000000000
367,10,14.69999999999999929,1.00000000000000000,0.00000000000000000,0.00000000000000000
368,10,20.19999999999999929,0.00000000000000000,0.00000000000000000,1.00000000000000000
369,10,21.00000000000000000,0.00000000000000000,0.00000000000000000,1.00000000000000000
370,10,19.69999999999999929,0.00000000000000000,0.00000000000000000,1.00000000000000000
371,10,14.69999999999999929,1.00000000000000000,0.00000000000000000,0.00000000000000000
372,10,20.19999999999999929,0.00000000000000000,0.00000000000000000,1.00000000000000000
373,10,17.39999999999999858,0.00000000000000000,0.95744680851063912,0.04255319148936083
374,10,13.00000000000000000,1.00000000000000000,0.00000000000000000,0.00000000000000000
375,10,20.19999999999999929,0.00000000000000000,0.00000000000000000,1.00000000000000000
376,10,21.00000000000000000,0.00000000000000000,0.00000000000000000,1.00000000000000000
377,10,16.00000000000000000,0.55319148936170215,0.44680851063829791,0.00000000000000000
378,10,18.60000000000000142,0.00000000000000000,0.44680851063829707,0.55319148936170293
379,10,19.10000000000000142,0.00000000000000000,0.23404255319148837,0.76595744680851163
380,10,21.00000000000000000,0.00000000000000000,0.00000000000000000,1.00000000000000000
381,10,14.90000000000000036,1.00000000000000000,0.00000000000000000,0.00000000000000000
382,10,17.39999999999999858,0.00000000000000000,0.95744680851063912,0.04255319148936083
383,10,20.19999999999999929,0.00000000000000000,0.00000000000000000,1.00000000000000000
384,10,20.19999999999999929,0.00000000000000000,0.00000000000000000,1.00000000000000000
385,10,20.19999999999999929,0.00000000000000000,0.00000000000000000,1.00000000000000000
386,10,20.19999999999999929,0.00000000000000000,0.00000000000000000,1.00000000000000000
387,10,21.19999999999999929,0.00000000000000000,0.00000000000000000,1.00000000000000000
388,10,22.00000000000000000,0.00000000000000000,0.00000000000000000,1.00000000000000000
389,10,20.19999999999999929,0.00000000000000000,0.00000000000000000,1.00000000000000000
390,10,17.89999999999999858,0.00000000000000000,0.74468085106383042,0.25531914893616953
391,10,18.80000000000000071,0.00000000000000000,0.36170212765957388,0.63829787234042612
392,10,16.89999999999999858,0.17021276595744761,0.82978723404255239,0.00000000000000000
393,10,18.39999999999999858,0.00000000000000000,0.53191489361702171,0.46808510638297823
394,10,19.19999999999999929,0.00000000000000000,0.19148936170212752,0.80851063829787251
395,10,20.19999999999999929,0.00000000000000000,0.00000000000000000,1.00000000000000000
396,10,20.19999999999999929,0.00000000000000000,0.00000000000000000,1.00000000000000000
397,10,17.60000000000000142,0.00000000000000000,0.87234042553191449,0.12765957446808551
398,10,20.19999999999999929,0.00000000000000000,0.00000000000000000,1.00000000000000000
399,10,18.39999999999999858,0.00000000000000000,0.53191489361702171,0.46808510638297823
400,10,19.19999999999999929,0.00000000000000000,0.19148936170212752,0.80851063829787251
401,10,20.89999999999999858,0.00000000000000000,0.00000000000000000,1.00000000000000000
402,10,18.39999999999999858,0.00000000000000000,0.53191489361702171,0.46808510638297823
403,10,20.19999999999999929,0.00000000000000000,0.00000000000000000,1.00000000000000000
404,10,19.10000000000000142,0.00000000000000000,0.23404255319148837,0.76595744680851163
405,10,20.10000000000000142,0.00000000000000000,0.00000000000000000,1.00000000000000000
406,10,21.19999999999999929,0.00000000000000000,0.00000000000000000,1.00000000000000000
407,10,16.80000000000000071,0.21276595744680837,0.78723404255319163,0.00000000000000000
408,10,19.00000000000000000,0.00000000000000000,0.27659574468085069,0.72340425531914931
409,10,20.19999999999999929,0.00000000000000000,0.00000000000000000,1.00000000000000000
410,10,14.69999999999999929,1.00000000000000000,0.00000000000000000,0.00000000000000000
411,10,22.00000000000000000,0.00000000000000000,0.00000000000000000,1.00000000000000000
412,10,17.89999999999999858,0.00000000000000000,0.74468085106383042,0.25531914893616953
413,10,19.10000000000000142,0.00000000000000000,0.23404255319148837,0.76595744680851163
414,10,14.69999999999999929,1.00000000000000000,0.00000000000000000,0.00000000000000000
415,10,18.60000000000000142,0.00000000000000000,0.44680851063829707,0.55319148936170293
416,10,20.19999999999999929,0.00000000000000000,0.00000000000000000,1.00000000000000000
417,10,14.80000000000000071,1.00000000000000000,0.00000000000000000,0.00000000000000000
418,10,20.19999999999999929,0.00000000000000000,0.00000000000000000,1.00000000000000000
419,10,14.69999999999999929,1.00000000000000000,0.00000000000000000,0.00000000000000000
420,10,14.69999999999999929,1.00000000000000000,0.00000000000000000,0.00000000000000000
421,10,20.19999999999999929,0.00000000000000000,0.00000000000000000,1.00000000000000000
422,10,20.19999999999999929,0.00000000000000000,0.00000000000000000,1.00000000000000000
423,10,16.60000000000000142,0.29787234042553146,0.70212765957446854,0.00000000000000000
424,10,16.60000000000000142,0.29787234042553146,0.70212765957446854,0.00000000000000000
425,10,16.60000000000000142,0.29787234042553146,0.70212765957446854,0.00000000000000000
426,10,14.69999999999999929,1.00000000000000000,0.00000000000000000,0.00000000000000000
427,10,16.60000000000000142,0.29787234042553146,0.70212765957446854,0.00000000000000000
428,10,21.00000000000000000,0.00000000000000000,0.00000000000000000,1.00000000000000000
429,10,15.19999999999999929,0.89361702127659581,0.10638297872340419,0.00000000000000000
430,10,20.19999999999999929,0.00000000000000000,0.00000000000000000,1.00000000000000000
431,10,21.00000000000000000,0.00000000000000000,0.00000000000000000,1.00000000000000000
432,10,15.19999999999999929,0.89361702127659581,0.10638297872340419,0.00000000000000000
433,10,20.19999999999999929,0.00000000000000000,0.00000000000000000,1.00000000000000000
434,10,15.19999999999999929,0.89361702127659581,0.10638297872340419,0.00000000000000000
435,10,18.60000000000000142,0.00000000000000000,0.44680851063829707,0.55319148936170293
436,10,16.60000000000000142,0.29787234042553146,0.70212765957446854,0.00000000000000000
437,10,21.00000000000000000,0.00000000000000000,0.00000000000000000,1.00000000000000000
438,10,21.19999999999999929,0.00000000000000000,0.00000000000000000,1.00000000000000000
439,10,17.39999999999999858,0.00000000000000000,0.95744680851063912,0.04255319148936083
440,10,17.89999999999999858,0.00000000000000000,0.74468085106383042,0.25531914893616953
441,10,20.89999999999999858,0.00000000000000000,0.00000000000000000,1.00000000000000000
442,10,20.19999999999999929,0.00000000000000000,0.00000000000000000,1.00000000000000000
443,10,20.19999999999999929,0.00000000000000000,0.00000000000000000,1.00000000000000000
444,10,20.19999999999999929,0.00000000000000000,0.00000000000000000,1.00000000000000000
445,10,21.19999999999999929,0.00000000000000000,0.00000000000000000,1.00000000000000000
446,10,21.00000000000000000,0.00000000000000000,0.00000000000000000,1.00000000000000000
447,10,19.60000000000000142,0.00000000000000000,0.02127659574467966,0.97872340425532034
448,10,17.39999999999999858,0.00000000000000000,0.95744680851063912,0.04255319148936083
449,10,20.19999999999999929,0.00000000000000000,0.00000000000000000,1.00000000000000000
450,10,16.60000000000000142,0.29787234042553146,0.70212765957446854,0.00000000000000000
451,10,20.19999999999999929,0.00000000000000000,0.00000000000000000,1.00000000000000000
452,10,15.19999999999999929,0.89361702127659581,0.10638297872340419,0.00000000000000000
453,10,16.60000000000000142,0.29787234042553146,0.70212765957446854,0.00000000000000000
454,10,20.19999999999999929,0.00000000000000000,0.00000000000000000,1.00000000000000000
455,10,20.19999999999999929,0.00000000000000000,0.00000000000000000,1.00000000000000000
456,10,15.19999999999999929,0.89361702127659581,0.10638297872340419,0.00000000000000000
457,10,17.80000000000000071,0.00000000000000000,0.78723404255319129,0.21276595744680871
458,10,18.60000000000000142,0.00000000000000000,0.44680851063829707,0.55319148936170293
459,10,19.10000000000000142,0.00000000000000000,0.23404255319148837,0.76595744680851163
460,10,17.80000000000000071,0.00000000000000000,0.78723404255319129,0.21276595744680871
461,10,20.89999999999999858,0.00000000000000000,0.00000000000000000,1.00000000000000000
462,10,19.19999999999999929,0.00000000000000000,0.19148936170212752,0.80851063829787251
463,10,17.60000000000000142,0.00000000000000000,0.87234042553191449,0.12765957446808551
464,10,20.19999999999999929,0.00000000000000000,0.00000000000000000,1.00000000000000000
465,10,14.69999999999999929,1.00000000000000000,0.00000000000000000,0.00000000000000000
466,10,14.69999999999999929,1.00000000000000000,0.00000000000000000,0.00000000000000000
467,10,20.19999999999999929,0.00000000000000000,0.00000000000000000,1.00000000000000000
468,10,21.00000000000000000,0.00000000000000000,0.00000000000000000,1.00000000000000000
469,10,20.19999999999999929,0.00000000000000000,0.00000000000000000,1.00000000000000000
470,10,20.19999999999999929,0.00000000000000000,0.00000000000000000,1.00000000000000000
471,10,19.60000000000000142,0.00000000000000000,0.02127659574467966,0.97872340425532034
472,10,21.19999999999999929,0.00000000000000000,0.00000000000000000,1.00000000000000000
473,10,20.19999999999999929,0.00000000000000000,0.00000000000000000,1.00000000000000000
474,10,21.00000000000000000,0.00000000000000000,0.00000000000000000,1.00000000000000000
475,10,20.19999999999999929,0.00000000000000000,0.00000000000000000,1.00000000000000000
476,10,20.19999999999999929,0.00000000000000000,0.00000000000000000,1.00000000000000000
477,10,20.19999999999999929,0.00000000000000000,0.00000000000000000,1.00000000000000000
478,10,19.60000000000000142,0.00000000000000000,0.02127659574467966,0.97872340425532034
479,10,16.60000000000000142,0.29787234042553146,0.70212765957446854,0.00000000000000000
480,10,21.19999999999999929,0.00000000000000000,0.00000000000000000,1.00000000000000000
481,10,17.00000000000000000,0.12765957446808532,0.87234042553191471,0.00000000000000000
482,10,18.89999999999999858,0.00000000000000000,0.31914893617021306,0.68085106382978700
483,10,19.69999999999999929,0.00000000000000000,0.00000000000000000,1.00000000000000000
484,10,21.00000000000000000,0.00000000000000000,0.00000000000000000,1.00000000000000000
485,10,18.30000000000000071,0.00000000000000000,0.57446808510638259,0.42553191489361741
486,10,20.19999999999999929,0.00000000000000000,0.00000000000000000,1.00000000000000000
487,10,16.10000000000000142,0.51063829787233983,0.48936170212766017,0.00000000000000000
488,10,19.19999999999999929,0.00000000000000000,0.19148936170212752,0.80851063829787251
489,10,14.90000000000000036,1.00000000000000000,0.00000000000000000,0.00000000000000000
490,10,18.89999999999999858,0.00000000000000000,0.31914893617021306,0.68085106382978700
491,10,13.00000000000000000,1.00000000000000000,0.00000000000000000,0.00000000000000000
492,10,20.19999999999999929,0.00000000000000000,0.00000000000000000,1.00000000000000000
493,10,14.69999999999999929,1.00000000000000000,0.00000000000000000,0.00000000000000000
494,10,20.19999999999999929,0.00000000000000000,0.00000000000000000,1.00000000000000000
495,10,20.19999999999999929,0.00000000000000000,0.00000000000000000,1.00000000000000000
496,10,12.59999999999999964,1.00000000000000000,0.00000000000000000,0.00000000000000000
497,10,20.19999999999999929,0.00000000000000000,0.00000000000000000,1.00000000000000000
498,10,19.10000000000000142,0.00000000000000000,0.23404255319148837,0.76595744680851163
499,10,16.80000000000000071,0.21276595744680837,0.78723404255319163,0.00000000000000000
500,10,13.00000000000000000,1.00000000000000000,0.00000000000000000,0.00000000000000000
501,10,18.39999999999999858,0.00000000000000000,0.53191489361702171,0.46808510638297823
502,10,20.19999999999999929,0.00000000000000000,0.00000000000000000,1.00000000000000000
503,10,18.60000000000000142,0.00000000000000000,0.44680851063829707,0.55319148936170293
504,10,18.19999999999999929,0.00000000000000000,0.61702127659574491,0.38297872340425504
0,11,363.01999999999998181,0.00000000000000000,0.00000000000000000,1.00000000000000000
1,11,109.84999999999999432,0.89525442533662813,0.10474557466337188,0.00000000000000000
2,11,381.31999999999999318,0.00000000000000000,0.00000000000000000,1.00000000000000000
3,11,390.91000000000002501,0.00000000000000000,0.00000000000000000,1.00000000000000000
4,11,377.73000000000001819,0.00000000000000000,0.00000000000000000,1.00000000000000000
5,11,396.89999999999997726,0.00000000000000000,0.00000000000000000,1.00000000000000000
6,11,396.89999999999997726,0.00000000000000000,0.00000000000000000,1.00000000000000000
7,11,396.89999999999997726,0.00000000000000000,0.00000000000000000,1.00000000000000000
8,11,321.01999999999998181,0.00000000000000000,0.00000000000000000,1.00000000000000000
9,11,297.08999999999997499,0.00000000000000000,0.00670734782389450,0.99329265217610552
10,11,364.61000000000001364,0.00000000000000000,0.00000000000000000,1.00000000000000000
11,11,396.89999999999997726,0.00000000000000000,0.00000000000000000,1.00000000000000000
12,11,395.57999999999998408,0.00000000000000000,0.00000000000000000,1.00000000000000000
13,11,372.75000000000000000,0.00000000000000000,0.00000000000000000,1.00000000000000000
14,11,391.33999999999997499,0.00000000000000000,0.00000000000000000,1.00000000000000000
15,11,396.89999999999997726,0.00000000000000000,0.00000000000000000,1.00000000000000000
16,11,394.74000000000000909,0.00000000000000000,0.00000000000000000,1.00000000000000000
17,11,396.89999999999997726,0.00000000000000000,0.00000000000000000,1.00000000000000000
18,11,396.89999999999997726,0.00000000000000000,0.00000000000000000,1.00000000000000000
19,11,395.11000000000001364,0.00000000000000000,0.00000000000000000,1.00000000000000000
20,11,386.33999999999997499,0.00000000000000000,0.00000000000000000,1.00000000000000000
21,11,376.13999999999998636,0.00000000000000000,0.00000000000000000,1.00000000000000000
22,11,393.62999999999999545,0.00000000000000000,0.00000000000000000,1.00000000000000000
23,11,396.89999999999997726,0.00000000000000000,0.00000000000000000,1.00000000000000000
24,11,395.50000000000000000,0.00000000000000000,0.00000000000000000,1.00000000000000000
25,11,396.89999999999997726,0.00000000000000000,0.00000000000000000,1.00000000000000000
26,11,393.24000000000000909,0.00000000000000000,0.00000000000000000,1.00000000000000000
27,11,376.73000000000001819,0.00000000000000000,0.00000000000000000,1.00000000000000000
28,11,395.68999999999999773,0.00000000000000000,0.00000000000000000,1.00000000000000000
29,11,396.89999999999997726,0.00000000000000000,0.00000000000000000,1.00000000000000000
30,11,360.19999999999998863,0.00000000000000000,0.00000000000000000,1.00000000000000000
31,11,28.78999999999999915,1.00000000000000000,0.00000000000000000,0.00000000000000000
32,11,354.55000000000001137,0.00000000000000000,0.00000000000000000,1.00000000000000000
33,11,392.04000000000002046,0.00000000000000000,0.00000000000000000,1.00000000000000000
34,11,384.97000000000002728,0.00000000000000000,0.00000000000000000,1.00000000000000000
35,11,392.77999999999997272,0.00000000000000000,0.00000000000000000,1.00000000000000000
36,11,396.89999999999997726,0.00000000000000000,0.00000000000000000,1.00000000000000000
37,11,396.89999999999997726,0.00000000000000000,0.00000000000000000,1.00000000000000000
38,11,302.75999999999999091,0.00000000000000000,0.00000000000000000,1.00000000000000000
39,11,386.95999999999997954,0.00000000000000000,0.00000000000000000,1.00000000000000000
40,11,374.56000000000000227,0.00000000000000000,0.00000000000000000,1.00000000000000000
41,11,389.39999999999997726,0.00000000000000000,0.00000000000000000,1.00000000000000000
42,11,394.07999999999998408,0.00000000000000000,0.00000000000000000,1.00000000000000000
43,11,395.57999999999998408,0.00000000000000000,0.00000000000000000,1.00000000000000000
44,11,392.43000000000000682,0.00000000000000000,0.00000000000000000,1.00000000000000000
45,11,396.89999999999997726,0.00000000000000000,0.00000000000000000,1.00000000000000000
46,11,377.17000000000001592,0.00000000000000000,0.00000000000000000,1.00000000000000000
47,11,396.89999999999997726,0.00000000000000000,0.00000000000000000,1.00000000000000000
48,11,396.89999999999997726,0.00000000000000000,0.00000000000000000,1.00000000000000000
49,11,386.73000000000001819,0.00000000000000000,0.00000000000000000,1.00000000000000000
50,11,396.89999999999997726,0.00000000000000000,0.00000000000000000,1.00000000000000000
51,11,2.52000000000000002,1.00000000000000000,0.00000000000000000,0.00000000000000000
52,11,385.91000000000002501,0.00000000000000000,0.00000000000000000,1.00000000000000000
53,11,393.38999999999998636,0.00000000000000000,0.00000000000000000,1.00000000000000000
54,11,396.89999999999997726,0.00000000000000000,0.00000000000000000,1.00000000000000000
55,11,380.01999999999998181,0.00000000000000000,0.00000000000000000,1.00000000000000000
56,11,368.56999999999999318,0.00000000000000000,0.00000000000000000,1.00000000000000000
57,11,393.68000000000000682,0.00000000000000000,0.00000000000000000,1.00000000000000000
58,11,382.43999999999999773,0.00000000000000000,0.00000000000000000,1.00000000000000000
59,11,396.89999999999997726,0.00000000000000000,0.00000000000000000,1.00000000000000000
60,11,210.96999999999999886,0.00000000000000000,0.87533410661152844,0.12466589338847156
61,11,396.89999999999997726,0.00000000000000000,0.00000000000000000,1.00000000000000000
62,11,396.06000000000000227,0.00000000000000000,0.00000000000000000,1.00000000000000000
63,11,392.80000000000001137,0.00000000000000000,0.00000000000000000,1.00000000000000000
64,11,396.89999999999997726,0.00000000000000000,0.00000000000000000,1.00000000000000000
65,11,349.48000000000001819,0.00000000000000000,0.00000000000000000,1.00000000000000000
66,11,395.14999999999997726,0.00000000000000000,0.00000000000000000,1.00000000000000000
67,11,390.63999999999998636,0.00000000000000000,0.00000000000000000,1.00000000000000000
68,11,10.48000000000000043,1.00000000000000000,0.00000000000000000,0.00000000000000000
69,11,338.62999999999999545,0.00000000000000000,0.00000000000000000,1.00000000000000000
70,11,366.14999999999997726,0.00000000000000000,0.00000000000000000,1.00000000000000000
71,11,375.32999999999998408,0.00000000000000000,0.00000000000000000,1.00000000000000000
72,11,396.89999999999997726,0.00000000000000000,0.00000000000000000,1.00000000000000000
73,11,43.06000000000000227,1.00000000000000000,0.00000000000000000,0.00000000000000000
74,11,382.83999999999997499,0.00000000000000000,0.00000000000000000,1.00000000000000000
75,11,396.89999999999997726,0.00000000000000000,0.00000000000000000,1.00000000000000000
76,11,318.43000000000000682,0.00000000000000000,0.00000000000000000,1.00000000000000000
77,11,354.69999999999998863,0.00000000000000000,0.00000000000000000,1.00000000000000000
78,11,391.69999999999998863,0.00000000000000000,0.00000000000000000,1.00000000000000000
79,11,24.64999999999999858,1.00000000000000000,0.00000000000000000,0.00000000000000000
80,11,384.06999999999999318,0.00000000000000000,0.00000000000000000,1.00000000000000000
81,11,389.95999999999997954,0.00000000000000000,0.00000000000000000,1.00000000000000000
82,11,392.51999999999998181,0.00000000000000000,0.00000000000000000,1.00000000000000000
83,11,179.36000000000001364,0.19416006858641355,0.80583993141358645,0.00000000000000000
84,11,396.89999999999997726,0.00000000000000000,0.00000000000000000,1.00000000000000000
85,11,396.89999999999997726,0.00000000000000000,0.00000000000000000,1.00000000000000000
86,11,332.08999999999997499,0.00000000000000000,0.00000000000000000,1.00000000000000000
87,11,377.68000000000000682,0.00000000000000000,0.00000000000000000,1.00000000000000000
88,11,393.76999999999998181,0.00000000000000000,0.00000000000000000,1.00000000000000000
89,11,396.89999999999997726,0.00000000000000000,0.00000000000000000,1.00000000000000000
90,11,389.43000000000000682,0.00000000000000000,0.00000000000000000,1.00000000000000000
91,11,391.98000000000001819,0.00000000000000000,0.00000000000000000,1.00000000000000000
92,11,396.89999999999997726,0.00000000000000000,0.00000000000000000,1.00000000000000000
93,11,394.95999999999997954,0.00000000000000000,0.00000000000000000,1.00000000000000000
94,11,395.93000000000000682,0.00000000000000000,0.00000000000000000,1.00000000000000000
95,11,380.23000000000001819,0.00000000000000000,0.00000000000000000,1.00000000000000000
96,11,377.67000000000001592,0.00000000000000000,0.00000000000000000,1.00000000000000000
97,11,390.86000000000001364,0.00000000000000000,0.00000000000000000,1.00000000000000000
98,11,396.89999999999997726,0.00000000000000000,0.00000000000000000,1.00000000000000000
99,11,387.11000000000001364,0.00000000000000000,0.00000000000000000,1.00000000000000000
100,11,393.74000000000000909,0.00000000000000000,0.00000000000000000,1.00000000000000000
101,11,396.30000000000001137,0.00000000000000000,0.00000000000000000,1.00000000000000000
102,11,395.62999999999999545,0.00000000000000000,0.00000000000000000,1.00000000000000000
103,11,288.99000000000000909,0.00000000000000000,0.08840587019012543,0.91159412980987453
104,11,396.89999999999997726,0.00000000000000000,0.00000000000000000,1.00000000000000000
105,11,377.50999999999999091,0.00000000000000000,0.00000000000000000,1.00000000000000000
106,11,355.29000000000002046,0.00000000000000000,0.00000000000000000,1.00000000000000000
107,11,396.89999999999997726,0.00000000000000000,0.00000000000000000,1.00000000000000000
108,11,319.98000000000001819,0.00000000000000000,0.00000000000000000,1.00000000000000000
109,11,362.25000000000000000,0.00000000000000000,0.00000000000000000,1.00000000000000000
110,11,395.20999999999997954,0.00000000000000000,0.00000000000000000,1.00000000000000000
111,11,393.06999999999999318,0.00000000000000000,0.00000000000000000,1.00000000000000000
112,11,385.41000000000002501,0.00000000000000000,0.00000000000000000,1.00000000000000000
113,11,396.89999999999997726,0.00000000000000000,0.00000000000000000,1.00000000000000000
114,11,396.89999999999997726,0.00000000000000000,0.00000000000000000,1.00000000000000000
115,11,385.95999999999997954,0.00000000000000000,0.00000000000000000,1.00000000000000000
116,11,371.57999999999998408,0.00000000000000000,0.00000000000000000,1.00000000000000000
117,11,396.89999999999997726,0.00000000000000000,0.00000000000000000,1.00000000000000000
118,11,248.31000000000000227,0.00000000000000000,0.49871400474053140,0.50128599525946860
119,11,396.89999999999997726,0.00000000000000000,0.00000000000000000,1.00000000000000000
120,11,35.04999999999999716,1.00000000000000000,0.00000000000000000,0.00000000000000000
121,11,389.85000000000002274,0.00000000000000000,0.00000000000000000,1.00000000000000000
122,11,391.93000000000000682,0.00000000000000000,0.00000000000000000,1.00000000000000000
123,11,392.39999999999997726,0.00000000000000000,0.00000000000000000,1.00000000000000000
124,11,391.50000000000000000,0.00000000000000000,0.00000000000000000,1.00000000000000000
125,11,390.50000000000000000,0.00000000000000000,0.00000000000000000,1.00000000000000000
126,11,396.89999999999997726,0.00000000000000000,0.00000000000000000,1.00000000000000000
127,11,353.88999999999998636,0.00000000000000000,0.00000000000000000,1.00000000000000000
128,11,396.89999999999997726,0.00000000000000000,0.00000000000000000,1.00000000000000000
129,11,395.62999999999999545,0.00000000000000000,0.00000000000000000,1.00000000000000000
130,11,395.37999999999999545,0.00000000000000000,0.00000000000000000,1.00000000000000000
131,11,81.32999999999999829,1.00000000000000000,0.00000000000000000,0.00000000000000000
132,11,334.39999999999997726,0.00000000000000000,0.00000000000000000,1.00000000000000000
133,11,390.18000000000000682,0.00000000000000000,0.00000000000000000,1.00000000000000000
134,11,376.75000000000000000,0.00000000000000000,0.00000000000000000,1.00000000000000000
135,11,385.81000000000000227,0.00000000000000000,0.00000000000000000,1.00000000000000000
136,11,396.89999999999997726,0.00000000000000000,0.00000000000000000,1.00000000000000000
137,11,83.45000000000000284,1.00000000000000000,0.00000000000000000,0.00000000000000000
138,11,388.51999999999998181,0.00000000000000000,0.00000000000000000,1.00000000000000000
139,11,395.76999999999998181,0.00000000000000000,0.00000000000000000,1.00000000000000000
140,11,396.89999999999997726,0.00000000000000000,0.00000000000000000,1.00000000000000000
141,11,393.43000000000000682,0.00000000000000000,0.00000000000000000,1.00000000000000000
142,11,390.55000000000001137,0.00000000000000000,0.00000000000000000,1.00000000000000000
143,11,392.85000000000002274,0.00000000000000000,0.00000000000000000,1.00000000000000000
144,11,350.44999999999998863,0.00000000000000000,0.00000000000000000,1.00000000000000000
145,11,388.44999999999998863,0.00000000000000000,0.00000000000000000,1.00000000000000000
146,11,396.89999999999997726,0.00000000000000000,0.00000000000000000,1.00000000000000000
147,11,318.00999999999999091,0.00000000000000000,0.00000000000000000,1.00000000000000000
148,11,388.74000000000000909,0.00000000000000000,0.00000000000000000,1.00000000000000000
149,11,395.56000000000000227,0.00000000000000000,0.00000000000000000,1.00000000000000000
150,11,27.48999999999999844,1.00000000000000000,0.00000000000000000,0.00000000000000000
151,11,392.74000000000000909,0.00000000000000000,0.00000000000000000,1.00000000000000000
152,11,396.23000000000001819,0.00000000000000000,0.00000000000000000,1.00000000000000000
153,11,70.79999999999999716,1.00000000000000000,0.00000000000000000,0.00000000000000000
154,11,396.89999999999997726,0.00000000000000000,0.00000000000000000,1.00000000000000000
155,11,395.43000000000000682,0.00000000000000000,0.00000000000000000,1.00000000000000000
156,11,396.89999999999997726,0.00000000000000000,0.00000000000000000,1.00000000000000000
157,11,396.89999999999997726,0.00000000000000000,0.00000000000000000,1.00000000000000000
158,11,391.43000000000000682,0.00000000000000000,0.00000000000000000,1.00000000000000000
159,11,374.70999999999997954,0.00000000000000000,0.00000000000000000,1.00000000000000000
160,11,350.64999999999997726,0.00000000000000000,0.00000000000000000,1.00000000000000000
161,11,396.89999999999997726,0.00000000000000000,0.00000000000000000,1.00000000000000000
162,11,396.89999999999997726,0.00000000000000000,0.00000000000000000,1.00000000000000000
163,11,396.89999999999997726,0.00000000000000000,0.00000000000000000,1.00000000000000000
164,11,394.94999999999998863,0.00000000000000000,0.00000000000000000,1.00000000000000000
165,11,394.72000000000002728,0.00000000000000000,0.00000000000000000,1.00000000000000000
166,11,396.89999999999997726,0.00000000000000000,0.00000000000000000,1.00000000000000000
167,11,389.38999999999998636,0.00000000000000000,0.00000000000000000,1.00000000000000000
168,11,392.32999999999998408,0.00000000000000000,0.00000000000000000,1.00000000000000000
169,11,388.07999999999998408,0.00000000000000000,0.00000000000000000,1.00000000000000000
170,11,396.89999999999997726,0.00000000000000000,0.00000000000000000,1.00000000000000000
171,11,396.20999999999997954,0.00000000000000000,0.00000000000000000,1.00000000000000000
172,11,393.36000000000001364,0.00000000000000000,0.00000000000000000,1.00000000000000000
173,11,395.99000000000000909,0.00000000000000000,0.00000000000000000,1.00000000000000000
174,11,384.30000000000001137,0.00000000000000000,0.00000000000000000,1.00000000000000000
175,11,395.11000000000001364,0.00000000000000000,0.00000000000000000,1.00000000000000000
176,11,383.23000000000001819,0.00000000000000000,0.00000000000000000,1.00000000000000000
177,11,392.11000000000001364,0.00000000000000000,0.00000000000000000,1.00000000000000000
178,11,370.77999999999997272,0.00000000000000000,0.00000000000000000,1.00000000000000000
179,11,393.29000000000002046,0.00000000000000000,0.00000000000000000,1.00000000000000000
180,11,393.49000000000000909,0.00000000000000000,0.00000000000000000,1.00000000000000000
181,11,394.01999999999998181,0.00000000000000000,0.00000000000000000,1.00000000000000000
182,11,261.94999999999998863,0.00000000000000000,0.36113772757072976,0.63886227242927018
183,11,255.22999999999998977,0.00000000000000000,0.42891724242271423,0.57108275757728577
184,11,395.27999999999997272,0.00000000000000000,0.00000000000000000,1.00000000000000000
185,11,357.98000000000001819,0.00000000000000000,0.00000000000000000,1.00000000000000000
186,11,3.64999999999999991,1.00000000000000000,0.00000000000000000,0.00000000000000000
187,11,395.18000000000000682,0.00000000000000000,0.00000000000000000,1.00000000000000000
188,11,395.67000000000001592,0.00000000000000000,0.00000000000000000,1.00000000000000000
189,11,395.62000000000000455,0.00000000000000000,0.00000000000000000,1.00000000000000000
190,11,370.22000000000002728,0.00000000000000000,0.00000000000000000,1.00000000000000000
191,11,389.69999999999998863,0.00000000000000000,0.00000000000000000,1.00000000000000000
192,11,378.08999999999997499,0.00000000000000000,0.00000000000000000,1.00000000000000000
193,11,395.75000000000000000,0.00000000000000000,0.00000000000000000,1.00000000000000000
194,11,392.89999999999997726,0.00000000000000000,0.00000000000000000,1.00000000000000000
195,11,329.45999999999997954,0.00000000000000000,0.00000000000000000,1.00000000000000000
196,11,387.93999999999999773,0.00000000000000000,0.00000000000000000,1.00000000000000000
197,11,352.57999999999998408,0.00000000000000000,0.00000000000000000,1.00000000000000000
198,11,390.30000000000001137,0.00000000000000000,0.00000000000000000,1.00000000000000000
199,11,392.23000000000001819,0.00000000000000000,0.00000000000000000,1.00000000000000000
200,11,240.15999999999999659,0.00000000000000000,0.58091683897322099,0.41908316102677901
201,11,396.89999999999997726,0.00000000000000000,0.00000000000000000,1.00000000000000000
202,11,131.41999999999998749,0.67769428614655303,0.32230571385344697,0.00000000000000000
203,11,396.89999999999997726,0.00000000000000000,0.00000000000000000,1.00000000000000000
204,11,88.26999999999999602,1.00000000000000000,0.00000000000000000,0.00000000000000000
205,11,285.82999999999998408,0.00000000000000000,0.12027838015028504,0.87972161984971498
206,11,394.23000000000001819,0.00000000000000000,0.00000000000000000,1.00000000000000000
207,11,396.89999999999997726,0.00000000000000000,0.00000000000000000,1.00000000000000000
208,11,396.89999999999997726,0.00000000000000000,0.00000000000000000,1.00000000000000000
209,11,393.74000000000000909,0.00000000000000000,0.00000000000000000,1.00000000000000000
210,11,396.89999999999997726,0.00000000000000000,0.00000000000000000,1.00000000000000000
211,11,394.50999999999999091,0.00000000000000000,0.00000000000000000,1.00000000000000000
212,11,387.88999999999998636,0.00000000000000000,0.00000000000000000,1.00000000000000000
213,11,391.44999999999998863,0.00000000000000000,0.00000000000000000,1.00000000000000000
214,11,394.72000000000002728,0.00000000000000000,0.00000000000000000,1.00000000000000000
215,11,127.35999999999999943,0.71864440970296017,0.28135559029703983,0.00000000000000000
216,11,392.80000000000001137,0.00000000000000000,0.00000000000000000,1.00000000000000000
217,11,396.27999999999997272,0.00000000000000000,0.00000000000000000,1.00000000000000000
218,11,394.62999999999999545,0.00000000000000000,0.00000000000000000,1.00000000000000000
219,11,396.89999999999997726,0.00000000000000000,0.00000000000000000,1.00000000000000000
220,11,395.56000000000000227,0.00000000000000000,0.00000000000000000,1.00000000000000000
221,11,368.74000000000000909,0.00000000000000000,0.00000000000000000,1.00000000000000000
222,11,396.89999999999997726,0.00000000000000000,0.00000000000000000,1.00000000000000000
223,11,396.89999999999997726,0.00000000000000000,0.00000000000000000,1.00000000000000000
224,11,393.81999999999999318,0.00000000000000000,0.00000000000000000,1.00000000000000000
225,11,394.12000000000000455,0.00000000000000000,0.00000000000000000,1.00000000000000000
226,11,392.05000000000001137,0.00000000000000000,0.00000000000000000,1.00000000000000000
227,11,371.72000000000002728,0.00000000000000000,0.00000000000000000,1.00000000000000000
228,11,384.45999999999997954,0.00000000000000000,0.00000000000000000,1.00000000000000000
229,11,2.60000000000000009,1.00000000000000000,0.00000000000000000,0.00000000000000000
230,11,379.37999999999999545,0.00000000000000000,0.00000000000000000,1.00000000000000000
231,11,386.85000000000002274,0.00000000000000000,0.00000000000000000,1.00000000000000000
232,11,390.11000000000001364,0.00000000000000000,0.00000000000000000,1.00000000000000000
233,11,383.61000000000001364,0.00000000000000000,0.00000000000000000,1.00000000000000000
234,11,393.37000000000000455,0.00000000000000000,0.00000000000000000,1.00000000000000000
235,11,394.87000000000000455,0.00000000000000000,0.00000000000000000,1.00000000000000000
236,11,393.68000000000000682,0.00000000000000000,0.00000000000000000,1.00000000000000000
237,11,387.68999999999999773,0.00000000000000000,0.00000000000000000,1.00000000000000000
238,11,396.06000000000000227,0.00000000000000000,0.00000000000000000,1.00000000000000000
239,11,390.93999999999999773,0.00000000000000000,0.00000000000000000,1.00000000000000000
240,11,396.89999999999997726,0.00000000000000000,0.00000000000000000,1.00000000000000000
241,11,396.89999999999997726,0.00000000000000000,0.00000000000000000,1.00000000000000000
242,11,292.29000000000002046,0.00000000000000000,0.05512128700388294,0.94487871299611703
243,11,391.70999999999997954,0.00000000000000000,0.00000000000000000,1.00000000000000000
244,11,395.51999999999998181,0.00000000000000000,0.00000000000000000,1.00000000000000000
245,11,358.76999999999998181,0.00000000000000000,0.00000000000000000,1.00000000000000000
246,11,395.60000000000002274,0.00000000000000000,0.00000000000000000,1.00000000000000000
247,11,395.00999999999999091,0.00000000000000000,0.00000000000000000,1.00000000000000000
248,11,396.89999999999997726,0.00000000000000000,0.00000000000000000,1.00000000000000000
249,11,395.58999999999997499,0.00000000000000000,0.00000000000000000,1.00000000000000000
250,11,396.89999999999997726,0.00000000000000000,0.00000000000000000,1.00000000000000000
251,11,396.89999999999997726,0.00000000000000000,0.00000000000000000,1.00000000000000000
252,11,341.60000000000002274,0.00000000000000000,0.00000000000000000,1.00000000000000000
253,11,392.62999999999999545,0.00000000000000000,0.00000000000000000,1.00000000000000000
254,11,377.06999999999999318,0.00000000000000000,0.00000000000000000,1.00000000000000000
255,11,396.89999999999997726,0.00000000000000000,0.00000000000000000,1.00000000000000000
256,11,348.12999999999999545,0.00000000000000000,0.00000000000000000,1.00000000000000000
257,11,68.95000000000000284,1.00000000000000000,0.00000000000000000,0.00000000000000000
258,11,291.55000000000001137,0.00000000000000000,0.06258510262746465,0.93741489737253536
259,11,347.87999999999999545,0.00000000000000000,0.00000000000000000,1.00000000000000000
260,11,395.24000000000000909,0.00000000000000000,0.00000000000000000,1.00000000000000000
261,11,6.67999999999999972,1.00000000000000000,0.00000000000000000,0.00000000000000000
262,11,391.99000000000000909,0.00000000000000000,0.00000000000000000,1.00000000000000000
263,11,359.29000000000002046,0.00000000000000000,0.00000000000000000,1.00000000000000000
264,11,388.68999999999999773,0.00000000000000000,0.00000000000000000,1.00000000000000000
265,11,390.43000000000000682,0.00000000000000000,0.00000000000000000,1.00000000000000000
266,11,392.19999999999998863,0.00000000000000000,0.00000000000000000,1.00000000000000000
267,11,88.62999999999999545,1.00000000000000000,0.00000000000000000,0.00000000000000000
268,11,396.89999999999997726,0.00000000000000000,0.00000000000000000,1.00000000000000000
269,11,393.30000000000001137,0.00000000000000000,0.00000000000000000,1.00000000000000000
270,11,341.60000000000002274,0.00000000000000000,0.00000000000000000,1.00000000000000000
271,11,396.20999999999997954,0.00000000000000000,0.00000000000000000,1.00000000000000000
272,11,262.75999999999999091,0.00000000000000000,0.35296787533410662,0.64703212466589333
273,11,396.89999999999997726,0.00000000000000000,0.00000000000000000,1.00000000000000000
274,11,375.51999999999998181,0.00000000000000000,0.00000000000000000,1.00000000000000000
275,11,393.55000000000001137,0.00000000000000000,0.00000000000000000,1.00000000000000000
276,11,396.89999999999997726,0.00000000000000000,0.00000000000000000,1.00000000000000000
277,11,396.89999999999997726,0.00000000000000000,0.00000000000000000,1.00000000000000000
278,11,383.73000000000001819,0.00000000000000000,0.00000000000000000,1.00000000000000000
279,11,396.89999999999997726,0.00000000000000000,0.00000000000000000,1.00000000000000000
280,11,394.62000000000000455,0.00000000000000000,0.00000000000000000,1.00000000000000000
281,11,374.43000000000000682,0.00000000000000000,0.00000000000000000,1.00000000000000000
282,11,386.75000000000000000,0.00000000000000000,0.00000000000000000,1.00000000000000000
283,11,396.89999999999997726,0.00000000000000000,0.00000000000000000,1.00000000000000000
284,11,351.85000000000002274,0.00000000000000000,0.00000000000000000,1.00000000000000000
285,11,393.44999999999998863,0.00000000000000000,0.00000000000000000,1.00000000000000000
286,11,396.89999999999997726,0.00000000000000000,0.00000000000000000,1.00000000000000000
287,11,373.66000000000002501,0.00000000000000000,0.00000000000000000,1.00000000000000000
288,11,396.89999999999997726,0.00000000000000000,0.00000000000000000,1.00000000000000000
289,11,100.62999999999999545,0.98824953351152345,0.01175046648847654,0.00000000000000000
290,11,396.89999999999997726,0.00000000000000000,0.00000000000000000,1.00000000000000000
291,11,396.89999999999997726,0.00000000000000000,0.00000000000000000,1.00000000000000000
292,11,338.16000000000002501,0.00000000000000000,0.00000000000000000,1.00000000000000000
293,11,18.82000000000000028,1.00000000000000000,0.00000000000000000,0.00000000000000000
294,11,396.89999999999997726,0.00000000000000000,0.00000000000000000,1.00000000000000000
295,11,363.43000000000000682,0.00000000000000000,0.00000000000000000,1.00000000000000000
296,11,392.30000000000001137,0.00000000000000000,0.00000000000000000,1.00000000000000000
297,11,338.92000000000001592,0.00000000000000000,0.00000000000000000,1.00000000000000000
298,11,396.89999999999997726,0.00000000000000000,0.00000000000000000,1.00000000000000000
299,11,394.92000000000001592,0.00000000000000000,0.00000000000000000,1.00000000000000000
300,11,379.41000000000002501,0.00000000000000000,0.00000000000000000,1.00000000000000000
301,11,394.47000000000002728,0.00000000000000000,0.00000000000000000,1.00000000000000000
302,11,306.37999999999999545,0.00000000000000000,0.00000000000000000,1.00000000000000000
303,11,364.31000000000000227,0.00000000000000000,0.00000000000000000,1.00000000000000000
304,11,396.89999999999997726,0.00000000000000000,0.00000000000000000,1.00000000000000000
305,11,386.08999999999997499,0.00000000000000000,0.00000000000000000,1.00000000000000000
306,11,96.73000000000000398,1.00000000000000000,0.00000000000000000,0.00000000000000000
307,11,384.54000000000002046,0.00000000000000000,0.00000000000000000,1.00000000000000000
308,11,389.70999999999997954,0.00000000000000000,0.00000000000000000,1.00000000000000000
309,11,370.73000000000001819,0.00000000000000000,0.00000000000000000,1.00000000000000000
310,11,396.89999999999997726,0.00000000000000000,0.00000000000000000,1.00000000000000000
311,11,393.37000000000000455,0.00000000000000000,0.00000000000000000,1.00000000000000000
312,11,396.89999999999997726,0.00000000000000000,0.00000000000000000,1.00000000000000000
313,11,376.69999999999998863,0.00000000000000000,0.00000000000000000,1.00000000000000000
314,11,393.52999999999997272,0.00000000000000000,0.00000000000000000,1.00000000000000000
315,11,383.31999999999999318,0.00000000000000000,0.00000000000000000,1.00000000000000000
316,11,392.82999999999998408,0.00000000000000000,0.00000000000000000,1.00000000000000000
317,11,392.68000000000000682,0.00000000000000000,0.00000000000000000,1.00000000000000000
318,11,390.49000000000000909,0.00000000000000000,0.00000000000000000,1.00000000000000000
319,11,372.07999999999998408,0.00000000000000000,0.00000000000000000,1.00000000000000000
320,11,372.80000000000001137,0.00000000000000000,0.00000000000000000,1.00000000000000000
321,11,396.89999999999997726,0.00000000000000000,0.00000000000000000,1.00000000000000000
322,11,389.61000000000001364,0.00000000000000000,0.00000000000000000,1.00000000000000000
323,11,386.39999999999997726,0.00000000000000000,0.00000000000000000,1.00000000000000000
324,11,386.86000000000001364,0.00000000000000000,0.00000000000000000,1.00000000000000000
325,11,392.88999999999998636,0.00000000000000000,0.00000000000000000,1.00000000000000000
326,11,396.89999999999997726,0.00000000000000000,0.00000000000000000,1.00000000000000000
327,11,316.02999999999997272,0.00000000000000000,0.00000000000000000,1.00000000000000000
328,11,394.05000000000001137,0.00000000000000000,0.00000000000000000,1.00000000000000000
329,11,396.89999999999997726,0.00000000000000000,0.00000000000000000,1.00000000000000000
330,11,396.89999999999997726,0.00000000000000000,0.00000000000000000,1.00000000000000000
331,11,396.89999999999997726,0.00000000000000000,0.00000000000000000,1.00000000000000000
332,11,396.89999999999997726,0.00000000000000000,0.00000000000000000,1.00000000000000000
333,11,353.04000000000002046,0.00000000000000000,0.00000000000000000,1.00000000000000000
334,11,390.68000000000000682,0.00000000000000000,0.00000000000000000,1.00000000000000000
335,11,394.12000000000000455,0.00000000000000000,0.00000000000000000,1.00000000000000000
336,11,391.82999999999998408,0.00000000000000000,0.00000000000000000,1.00000000000000000
337,11,396.89999999999997726,0.00000000000000000,0.00000000000000000,1.00000000000000000
338,11,394.43000000000000682,0.00000000000000000,0.00000000000000000,1.00000000000000000
339,11,396.89999999999997726,0.00000000000000000,0.00000000000000000,1.00000000000000000
340,11,387.31000000000000227,0.00000000000000000,0.00000000000000000,1.00000000000000000
341,11,380.33999999999997499,0.00000000000000000,0.00000000000000000,1.00000000000000000
342,11,385.05000000000001137,0.00000000000000000,0.00000000000000000,1.00000000000000000
343,11,396.42000000000001592,0.00000000000000000,0.00000000000000000,1.00000000000000000
344,11,396.89999999999997726,0.00000000000000000,0.00000000000000000,1.00000000000000000
345,11,318.75000000000000000,0.00000000000000000,0.00000000000000000,1.00000000000000000
346,11,391.23000000000001819,0.00000000000000000,0.00000000000000000,1.00000000000000000
347,11,376.13999999999998636,0.00000000000000000,0.00000000000000000,1.00000000000000000
348,11,344.05000000000001137,0.00000000000000000,0.00000000000000000,1.00000000000000000
349,11,394.54000000000002046,0.00000000000000000,0.00000000000000000,1.00000000000000000
350,11,396.89999999999997726,0.00000000000000000,0.00000000000000000,1.00000000000000000
351,11,344.91000000000002501,0.00000000000000000,0.00000000000000000,1.00000000000000000
352,11,390.06999999999999318,0.00000000000000000,0.00000000000000000,1.00000000000000000
353,11,392.18000000000000682,0.00000000000000000,0.00000000000000000,1.00000000000000000
354,11,393.25000000000000000,0.00000000000000000,0.00000000000000000,1.00000000000000000
355,11,387.37999999999999545,0.00000000000000000,0.00000000000000000,1.00000000000000000
356,11,389.25000000000000000,0.00000000000000000,0.00000000000000000,1.00000000000000000
357,11,396.89999999999997726,0.00000000000000000,0.00000000000000000,1.00000000000000000
358,11,9.32000000000000028,1.00000000000000000,0.00000000000000000,0.00000000000000000
359,11,227.61000000000001364,0.00000000000000000,0.70749911745423344,0.29250088254576656
360,11,376.56999999999999318,0.00000000000000000,0.00000000000000000,1.00000000000000000
361,11,382.00000000000000000,0.00000000000000000,0.00000000000000000,1.00000000000000000
362,11,372.49000000000000909,0.00000000000000000,0.00000000000000000,1.00000000000000000
363,11,378.07999999999998408,0.00000000000000000,0.00000000000000000,1.00000000000000000
364,11,393.74000000000000909,0.00000000000000000,0.00000000000000000,1.00000000000000000
365,11,396.89999999999997726,0.00000000000000000,0.00000000000000000,1.00000000000000000
366,11,378.37999999999999545,0.00000000000000000,0.00000000000000000,1.00000000000000000
367,11,392.77999999999997272,0.00000000000000000,0.00000000000000000,1.00000000000000000
368,11,393.10000000000002274,0.00000000000000000,0.00000000000000000,1.00000000000000000
369,11,303.42000000000001592,0.00000000000000000,0.00000000000000000,1.00000000000000000
370,11,396.89999999999997726,0.00000000000000000,0.00000000000000000,1.00000000000000000
371,11,356.99000000000000909,0.00000000000000000,0.00000000000000000,1.00000000000000000
372,11,388.62000000000000455,0.00000000000000000,0.00000000000000000,1.00000000000000000
373,11,378.35000000000002274,0.00000000000000000,0.00000000000000000,1.00000000000000000
374,11,393.42000000000001592,0.00000000000000000,0.00000000000000000,1.00000000000000000
375,11,48.45000000000000284,1.00000000000000000,0.00000000000000000,0.00000000000000000
376,11,376.87999999999999545,0.00000000000000000,0.00000000000000000,1.00000000000000000
377,11,396.89999999999997726,0.00000000000000000,0.00000000000000000,1.00000000000000000
378,11,388.64999999999997726,0.00000000000000000,0.00000000000000000,1.00000000000000000
379,11,370.31000000000000227,0.00000000000000000,0.00000000000000000,1.00000000000000000
380,11,392.52999999999997272,0.00000000000000000,0.00000000000000000,1.00000000000000000
381,11,377.06999999999999318,0.00000000000000000,0.00000000000000000,1.00000000000000000
382,11,395.24000000000000909,0.00000000000000000,0.00000000000000000,1.00000000000000000
383,11,50.92000000000000171,1.00000000000000000,0.00000000000000000,0.00000000000000000
384,11,385.08999999999997499,0.00000000000000000,0.00000000000000000,1.00000000000000000
385,11,380.79000000000002046,0.00000000000000000,0.00000000000000000,1.00000000000000000
386,11,394.81000000000000227,0.00000000000000000,0.00000000000000000,1.00000000000000000
387,11,385.75999999999999091,0.00000000000000000,0.00000000000000000,1.00000000000000000
388,11,376.04000000000002046,0.00000000000000000,0.00000000000000000,1.00000000000000000
389,11,331.29000000000002046,0.00000000000000000,0.00000000000000000,1.00000000000000000
390,11,383.37000000000000455,0.00000000000000000,0.00000000000000000,1.00000000000000000
391,11,385.63999999999998636,0.00000000000000000,0.00000000000000000,1.00000000000000000
392,11,375.20999999999997954,0.00000000000000000,0.00000000000000000,1.00000000000000000
393,11,396.24000000000000909,0.00000000000000000,0.00000000000000000,1.00000000000000000
394,11,377.56000000000000227,0.00000000000000000,0.00000000000000000,1.00000000000000000
395,11,388.22000000000002728,0.00000000000000000,0.00000000000000000,1.00000000000000000
396,11,60.71999999999999886,1.00000000000000000,0.00000000000000000,0.00000000000000000
397,11,387.97000000000002728,0.00000000000000000,0.00000000000000000,1.00000000000000000
398,11,22.01000000000000156,1.00000000000000000,0.00000000000000000,0.00000000000000000
399,11,395.68999999999999773,0.00000000000000000,0.00000000000000000,1.00000000000000000
400,11,376.93999999999999773,0.00000000000000000,0.00000000000000000,1.00000000000000000
401,11,394.75999999999999091,0.00000000000000000,0.00000000000000000,1.00000000000000000
402,11,396.89999999999997726,0.00000000000000000,0.00000000000000000,1.00000000000000000
403,11,27.25000000000000000,1.00000000000000000,0.00000000000000000,0.00000000000000000
404,11,389.12999999999999545,0.00000000000000000,0.00000000000000000,1.00000000000000000
405,11,395.08999999999997499,0.00000000000000000,0.00000000000000000,1.00000000000000000
406,11,395.04000000000002046,0.00000000000000000,0.00000000000000000,1.00000000000000000
407,11,393.97000000000002728,0.00000000000000000,0.00000000000000000,1.00000000000000000
408,11,396.89999999999997726,0.00000000000000000,0.00000000000000000,1.00000000000000000
409,11,396.89999999999997726,0.00000000000000000,0.00000000000000000,1.00000000000000000
410,11,343.27999999999997272,0.00000000000000000,0.00000000000000000,1.00000000000000000
411,11,382.80000000000001137,0.00000000000000000,0.00000000000000000,1.00000000000000000
412,11,396.89999999999997726,0.00000000000000000,0.00000000000000000,1.00000000000000000
413,11,396.89999999999997726,0.00000000000000000,0.00000000000000000,1.00000000000000000
414,11,88.01000000000000512,1.00000000000000000,0.00000000000000000,0.00000000000000000
415,11,390.76999999999998181,0.00000000000000000,0.00000000000000000,1.00000000000000000
416,11,375.87000000000000455,0.00000000000000000,0.00000000000000000,1.00000000000000000
417,11,368.24000000000000909,0.00000000000000000,0.00000000000000000,1.00000000000000000
418,11,391.33999999999997499,0.00000000000000000,0.00000000000000000,1.00000000000000000
419,11,396.89999999999997726,0.00000000000000000,0.00000000000000000,1.00000000000000000
420,11,369.30000000000001137,0.00000000000000000,0.00000000000000000,1.00000000000000000
421,11,395.32999999999998408,0.00000000000000000,0.00000000000000000,1.00000000000000000
422,11,392.92000000000001592,0.00000000000000000,0.00000000000000000,1.00000000000000000
423,11,393.23000000000001819,0.00000000000000000,0.00000000000000000,1.00000000000000000
424,11,393.23000000000001819,0.00000000000000000,0.00000000000000000,1.00000000000000000
425,11,390.95999999999997954,0.00000000000000000,0.00000000000000000,1.00000000000000000
426,11,330.04000000000002046,0.00000000000000000,0.00000000000000000,1.00000000000000000
427,11,391.26999999999998181,0.00000000000000000,0.00000000000000000,1.00000000000000000
428,11,360.17000000000001592,0.00000000000000000,0.00000000000000000,1.00000000000000000
429,11,386.62999999999999545,0.00000000000000000,0.00000000000000000,1.00000000000000000
430,11,314.63999999999998636,0.00000000000000000,0.00000000000000000,1.00000000000000000
431,11,232.59999999999999432,0.00000000000000000,0.65716879318170351,0.34283120681829649
432,11,386.70999999999997954,0.00000000000000000,0.00000000000000000,1.00000000000000000
433,11,396.13999999999998636,0.00000000000000000,0.00000000000000000,1.00000000000000000
434,11,395.60000000000002274,0.00000000000000000,0.00000000000000000,1.00000000000000000
435,11,396.89999999999997726,0.00000000000000000,0.00000000000000000,1.00000000000000000
436,11,374.70999999999997954,0.00000000000000000,0.00000000000000000,1.00000000000000000
437,11,393.44999999999998863,0.00000000000000000,0.00000000000000000,1.00000000000000000
438,11,394.67000000000001592,0.00000000000000000,0.00000000000000000,1.00000000000000000
439,11,378.94999999999998863,0.00000000000000000,0.00000000000000000,1.00000000000000000
440,11,394.45999999999997954,0.00000000000000000,0.00000000000000000,1.00000000000000000
441,11,395.24000000000000909,0.00000000000000000,0.00000000000000000,1.00000000000000000
442,11,304.20999999999997954,0.00000000000000000,0.00000000000000000,1.00000000000000000
443,11,396.89999999999997726,0.00000000000000000,0.00000000000000000,1.00000000000000000
444,11,390.74000000000000909,0.00000000000000000,0.00000000000000000,1.00000000000000000
445,11,378.25000000000000000,0.00000000000000000,0.00000000000000000,1.00000000000000000
446,11,390.94999999999998863,0.00000000000000000,0.00000000000000000,1.00000000000000000
447,11,391.12999999999999545,0.00000000000000000,0.00000000000000000,1.00000000000000000
448,11,390.38999999999998636,0.00000000000000000,0.00000000000000000,1.00000000000000000
449,11,7.67999999999999972,1.00000000000000000,0.00000000000000000,0.00000000000000000
450,11,396.89999999999997726,0.00000000000000000,0.00000000000000000,1.00000000000000000
451,11,240.52000000000001023,0.00000000000000000,0.57728579353472165,0.42271420646527835
452,11,393.87000000000000455,0.00000000000000000,0.00000000000000000,1.00000000000000000
453,11,391.25000000000000000,0.00000000000000000,0.00000000000000000,1.00000000000000000
454,11,272.20999999999997954,0.00000000000000000,0.25765293257350358,0.74234706742649637
455,11,0.32000000000000001,1.00000000000000000,0.00000000000000000,0.00000000000000000
456,11,389.70999999999997954,0.00000000000000000,0.00000000000000000,1.00000000000000000
457,11,396.89999999999997726,0.00000000000000000,0.00000000000000000,1.00000000000000000
458,11,390.93999999999999773,0.00000000000000000,0.00000000000000000,1.00000000000000000
459,11,389.14999999999997726,0.00000000000000000,0.00000000000000000,1.00000000000000000
460,11,391.00000000000000000,0.00000000000000000,0.00000000000000000,1.00000000000000000
461,11,392.68999999999999773,0.00000000000000000,0.00000000000000000,1.00000000000000000
462,11,396.89999999999997726,0.00000000000000000,0.00000000000000000,1.00000000000000000
463,11,396.89999999999997726,0.00000000000000000,0.00000000000000000,1.00000000000000000
464,11,21.57000000000000028,1.00000000000000000,0.00000000000000000,0.00000000000000000
465,11,172.90999999999999659,0.25921629935952384,0.74078370064047616,0.00000000000000000
466,11,169.27000000000001023,0.29593020323768193,0.70406979676231807,0.00000000000000000
467,11,100.18999999999999773,0.99268747793635581,0.00731252206364424,0.00000000000000000
468,11,396.89999999999997726,0.00000000000000000,0.00000000000000000,1.00000000000000000
469,11,3.50000000000000000,1.00000000000000000,0.00000000000000000,0.00000000000000000
470,11,396.89999999999997726,0.00000000000000000,0.00000000000000000,1.00000000000000000
471,11,396.89999999999997726,0.00000000000000000,0.00000000000000000,1.00000000000000000
472,11,396.89999999999997726,0.00000000000000000,0.00000000000000000,1.00000000000000000
473,11,16.44999999999999929,1.00000000000000000,0.00000000000000000,0.00000000000000000
474,11,396.89999999999997726,0.00000000000000000,0.00000000000000000,1.00000000000000000
475,11,374.68000000000000682,0.00000000000000000,0.00000000000000000,1.00000000000000000
476,11,372.92000000000001592,0.00000000000000000,0.00000000000000000,1.00000000000000000
477,11,396.89999999999997726,0.00000000000000000,0.00000000000000000,1.00000000000000000
478,11,396.89999999999997726,0.00000000000000000,0.00000000000000000,1.00000000000000000
479,11,383.77999999999997272,0.00000000000000000,0.00000000000000000,1.00000000000000000
480,11,396.89999999999997726,0.00000000000000000,0.00000000000000000,1.00000000000000000
481,11,396.89999999999997726,0.00000000000000000,0.00000000000000000,1.00000000000000000
482,11,396.89999999999997726,0.00000000000000000,0.00000000000000000,1.00000000000000000
483,11,396.89999999999997726,0.00000000000000000,0.00000000000000000,1.00000000000000000
484,11,394.32999999999998408,0.00000000000000000,0.00000000000000000,1.00000000000000000
485,11,395.62000000000000455,0.00000000000000000,0.00000000000000000,1.00000000000000000
486,11,396.89999999999997726,0.00000000000000000,0.00000000000000000,1.00000000000000000
487,11,396.89999999999997726,0.00000000000000000,0.00000000000000000,1.00000000000000000
488,11,396.89999999999997726,0.00000000000000000,0.00000000000000000,1.00000000000000000
489,11,396.89999999999997726,0.00000000000000000,0.00000000000000000,1.00000000000000000
490,11,396.89999999999997726,0.00000000000000000,0.00000000000000000,1.00000000000000000
491,11,388.37000000000000455,0.00000000000000000,0.00000000000000000,1.00000000000000000
492,11,396.89999999999997726,0.00000000000000000,0.00000000000000000,1.00000000000000000
493,11,388.44999999999998863,0.00000000000000000,0.00000000000000000,1.00000000000000000
494,11,379.69999999999998863,0.00000000000000000,0.00000000000000000,1.00000000000000000
495,11,97.95000000000000284,1.00000000000000000,0.00000000000000000,0.00000000000000000
496,11,354.31000000000000227,0.00000000000000000,0.00000000000000000,1.00000000000000000
497,11,396.89999999999997726,0.00000000000000000,0.00000000000000000,1.00000000000000000
498,11,385.01999999999998181,0.00000000000000000,0.00000000000000000,1.00000000000000000
499,11,396.89999999999997726,0.00000000000000000,0.00000000000000000,1.00000000000000000
500,11,383.29000000000002046,0.00000000000000000,0.00000000000000000,1.00000000000000000
501,11,390.69999999999998863,0.00000000000000000,0.00000000000000000,1.00000000000000000
502,11,376.11000000000001364,0.00000000000000000,0.00000000000000000,1.00000000000000000
503,11,348.93000000000000682,0.00000000000000000,0.00000000000000000,1.00000000000000000
504,11,396.32999999999998408,0.00000000000000000,0.00000000000000000,1.00000000000000000
0,12,23.23999999999999844,0.00000000000000000,0.62582781456953673,0.37417218543046332
1,12,23.26999999999999957,0.00000000000000000,0.62251655629139091,0.37748344370860915
2,12,14.66000000000000014,0.57284768211920545,0.42715231788079461,0.00000000000000000
3,12,5.51999999999999957,1.00000000000000000,0.00000000000000000,0.00000000000000000
4,12,17.60000000000000142,0.24834437086092714,0.75165562913907291,0.00000000000000000
5,12,34.40999999999999659,0.00000000000000000,0.00000000000000000,1.00000000000000000
6,12,13.26999999999999957,0.72626931567328934,0.27373068432671066,0.00000000000000000
7,12,13.99000000000000021,0.64679911699779258,0.35320088300220742,0.00000000000000000
8,12,15.11999999999999922,0.52207505518763819,0.47792494481236181,0.00000000000000000
9,12,11.09999999999999964,0.96578366445916131,0.03421633554083871,0.00000000000000000
10,12,12.66999999999999993,0.79249448123620325,0.20750551876379678,0.00000000000000000
11,12,26.42000000000000171,0.00000000000000000,0.27483443708609256,0.72516556291390744
12,12,9.50000000000000000,1.00000000000000000,0.00000000000000000,0.00000000000000000
13,12,11.22000000000000064,0.95253863134657835,0.04746136865342160,0.00000000000000000
14,12,13.65000000000000036,0.68432671081677710,0.31567328918322290,0.00000000000000000
15,12,7.17999999999999972,1.00000000000000000,0.00000000000000000,0.00000000000000000
16,12,5.49000000000000021,1.00000000000000000,0.00000000000000000,0.00000000000000000
17,12,34.77000000000000313,0.00000000000000000,0.00000000000000000,1.00000000000000000
18,12,13.34999999999999964,0.71743929359823411,0.28256070640176584,0.00000000000000000
19,12,13.15000000000000036,0.73951434878587208,0.26048565121412798,0.00000000000000000
20,12,3.10999999999999988,1.00000000000000000,0.00000000000000000,0.00000000000000000
21,12,5.25000000000000000,1.00000000000000000,0.00000000000000000,0.00000000000000000
22,12,9.47000000000000064,1.00000000000000000,0.00000000000000000,0.00000000000000000
23,12,19.14999999999999858,0.07726269315673320,0.92273730684326682,0.00000000000000000
24,12,9.03999999999999915,1.00000000000000000,0.00000000000000000,0.00000000000000000
25,12,7.13999999999999968,1.00000000000000000,0.00000000000000000,0.00000000000000000
26,12,8.05000000000000071,1.00000000000000000,0.00000000000000000,0.00000000000000000
27,12,13.03999999999999915,0.75165562913907302,0.24834437086092695,0.00000000000000000
28,12,16.58999999999999986,0.35982339955849907,0.64017660044150093,0.00000000000000000
29,12,18.46000000000000085,0.15342163355408395,0.84657836644591611,0.00000000000000000
30,12,8.05000000000000071,1.00000000000000000,0.00000000000000000,0.00000000000000000
31,12,34.36999999999999744,0.00000000000000000,0.00000000000000000,1.00000000000000000
32,12,5.29000000000000004,1.00000000000000000,0.00000000000000000,0.00000000000000000
33,12,21.32000000000000028,0.00000000000000000,0.83774834437086099,0.16225165562913896
34,12,22.98000000000000043,0.00000000000000000,0.65452538631346580,0.34547461368653415
35,12,9.68999999999999950,1.00000000000000000,0.00000000000000000,0.00000000000000000
36,12,9.67999999999999972,1.00000000000000000,0.00000000000000000,0.00000000000000000
37,12,17.92000000000000171,0.21302428256070635,0.78697571743929362,0.00000000000000000
38,12,24.10000000000000142,0.00000000000000000,0.53090507726269309,0.46909492273730691
39,12,10.26999999999999957,1.00000000000000000,0.00000000000000000,0.00000000000000000
40,12,7.79000000000000004,1.00000000000000000,0.00000000000000000,0.00000000000000000
41,12,6.75000000000000000,1.00000000000000000,0.00000000000000000,0.00000000000000000
42,12,14.58999999999999986,0.58057395143487878,0.41942604856512128,0.00000000000000000
43,12,7.66999999999999993,1.00000000000000000,0.00000000000000000,0.00000000000000000
44,12,6.36000000000000032,1.00000000000000000,0.00000000000000000,0.00000000000000000
45,12,25.67999999999999972,0.00000000000000000,0.35651214128035330,0.64348785871964675
46,12,7.54000000000000004,1.00000000000000000,0.00000000000000000,0.00000000000000000
47,12,7.20000000000000018,1.00000000000000000,0.00000000000000000,0.00000000000000000
48,12,14.15000000000000036,0.62913907284768222,0.37086092715231778,0.00000000000000000
49,12,18.85000000000000142,0.11037527593818984,0.88962472406181015,0.00000000000000000
50,12,5.38999999999999968,1.00000000000000000,0.00000000000000000,0.00000000000000000
51,12,23.28999999999999915,0.00000000000000000,0.62030905077262710,0.37969094922737290
52,12,2.47000000000000020,1.00000000000000000,0.00000000000000000,0.00000000000000000
53,12,7.90000000000000036,1.00000000000000000,0.00000000000000000,0.00000000000000000
54,12,30.80999999999999872,0.00000000000000000,0.00000000000000000,1.00000000000000000
55,12,10.25999999999999979,1.00000000000000000,0.00000000000000000,0.00000000000000000
56,12,9.08999999999999986,1.00000000000000000,0.00000000000000000,0.00000000000000000
57,12,5.08000000000000007,1.00000000000000000,0.00000000000000000,0.00000000000000000
58,12,9.97000000000000064,1.00000000000000000,0.00000000000000000,0.00000000000000000
59,12,23.69000000000000128,0.00000000000000000,0.57615894039735094,0.42384105960264906
60,12,20.07999999999999829,0.00000000000000000,0.97461368653421665,0.02538631346578332
61,12,23.60000000000000142,0.00000000000000000,0.58609271523178808,0.41390728476821198
62,12,5.70000000000000018,1.00000000000000000,0.00000000000000000,0.00000000000000000
63,12,9.58999999999999986,1.00000000000000000,0.00000000000000000,0.00000000000000000
64,12,4.70000000000000018,1.00000000000000000,0.00000000000000000,0.00000000000000000
65,12,24.91000000000000014,0.00000000000000000,0.44150110375275947,0.55849889624724058
66,12,8.43999999999999950,1.00000000000000000,0.00000000000000000,0.00000000000000000
67,12,7.50999999999999979,1.00000000000000000,0.00000000000000000,0.00000000000000000
68,12,19.01000000000000156,0.09271523178807944,0.90728476821192050,0.00000000000000000
69,12,15.36999999999999922,0.49448123620309070,0.50551876379690930,0.00000000000000000
70,12,9.52999999999999936,1.00000000000000000,0.00000000000000000,0.00000000000000000
71,12,3.72999999999999998,1.00000000000000000,0.00000000000000000,0.00000000000000000
72,12,4.98000000000000043,1.00000000000000000,0.00000000000000000,0.00000000000000000
73,12,23.98000000000000043,0.00000000000000000,0.54415011037527594,0.45584988962472400
74,12,4.55999999999999961,1.00000000000000000,0.00000000000000000,0.00000000000000000
75,12,18.71999999999999886,0.12472406181015480,0.87527593818984517,0.00000000000000000
76,12,29.67999999999999972,0.00000000000000000,0.00000000000000000,1.00000000000000000
77,12,7.12000000000000011,1.00000000000000000,0.00000000000000000,0.00000000000000000
78,12,9.71000000000000085,1.00000000000000000,0.00000000000000000,0.00000000000000000
79,12,15.68999999999999950,0.45916114790286994,0.54083885209713001,0.00000000000000000
80,12,14.78999999999999915,0.55849889624724081,0.44150110375275914,0.00000000000000000
81,12,8.65000000000000036,1.00000000000000000,0.00000000000000000,0.00000000000000000
82,12,20.44999999999999929,0.00000000000000000,0.93377483443708631,0.06622516556291368
83,12,19.78000000000000114,0.00772626931567332,0.99227373068432667,0.00000000000000000
84,12,5.50000000000000000,1.00000000000000000,0.00000000000000000,0.00000000000000000
85,12,12.78999999999999915,0.77924944812362051,0.22075055187637949,0.00000000000000000
86,12,12.13000000000000078,0.85209713024282563,0.14790286975717437,0.00000000000000000
87,12,5.09999999999999964,1.00000000000000000,0.00000000000000000,0.00000000000000000
88,12,7.42999999999999972,1.00000000000000000,0.00000000000000000,0.00000000000000000
89,12,13.22000000000000064,0.73178807947019875,0.26821192052980125,0.00000000000000000
90,12,18.05999999999999872,0.19757174392936011,0.80242825607063994,0.00000000000000000
91,12,17.12000000000000099,0.30132450331125832,0.69867549668874174,0.00000000000000000
92,12,14.33000000000000007,0.60927152317880806,0.39072847682119194,0.00000000000000000
93,12,7.73000000000000043,1.00000000000000000,0.00000000000000000,0.00000000000000000
94,12,4.80999999999999961,1.00000000000000000,0.00000000000000000,0.00000000000000000
95,12,11.98000000000000043,0.86865342163355419,0.13134657836644587,0.00000000000000000
96,12,14.26999999999999957,0.61589403973509949,0.38410596026490051,0.00000000000000000
97,12,6.07000000000000028,1.00000000000000000,0.00000000000000000,0.00000000000000000
98,12,26.82000000000000028,0.00000000000000000,0.23068432671081679,0.76931567328918316
99,12,13.15000000000000036,0.73951434878587208,0.26048565121412798,0.00000000000000000
100,12,10.50000000000000000,1.00000000000000000,0.00000000000000000,0.00000000000000000
101,12,11.72000000000000064,0.89735099337748347,0.10264900662251653,0.00000000000000000
102,12,7.21999999999999975,1.00000000000000000,0.00000000000000000,0.00000000000000000
103,12,11.68999999999999950,0.90066225165562930,0.09933774834437070,0.00000000000000000
104,12,5.76999999999999957,1.00000000000000000,0.00000000000000000,0.00000000000000000
105,12,3.91999999999999993,1.00000000000000000,0.00000000000000000,0.00000000000000000
106,12,17.73000000000000043,0.23399558498896256,0.76600441501103744,0.00000000000000000
107,12,9.74000000000000021,1.00000000000000000,0.00000000000000000,0.00000000000000000
108,12,15.69999999999999929,0.45805739514348809,0.54194260485651191,0.00000000000000000
109,12,7.83000000000000007,1.00000000000000000,0.00000000000000000,0.00000000000000000
110,12,10.35999999999999943,1.00000000000000000,0.00000000000000000,0.00000000000000000
111,12,7.74000000000000021,1.00000000000000000,0.00000000000000000,0.00000000000000000
112,12,4.83999999999999986,1.00000000000000000,0.00000000000000000,0.00000000000000000
113,12,15.93999999999999950,0.43156732891832250,0.56843267108167750,0.00000000000000000
114,12,17.08999999999999986,0.30463576158940414,0.69536423841059591,0.00000000000000000
115,12,19.51999999999999957,0.03642384105960285,0.96357615894039716,0.00000000000000000
116,12,4.74000000000000021,1.00000000000000000,0.00000000000000000,0.00000000000000000
117,12,19.76999999999999957,0.00883002207505539,0.99116997792494466,0.00000000000000000
118,12,20.33999999999999986,0.00000000000000000,0.94591611479028714,0.05408388520971286
119,12,17.21000000000000085,0.29139072847682124,0.70860927152317876,0.00000000000000000
120,12,21.21999999999999886,0.00000000000000000,0.84878587196468014,0.15121412803531983
121,12,5.88999999999999968,1.00000000000000000,0.00000000000000000,0.00000000000000000
122,12,6.90000000000000036,1.00000000000000000,0.00000000000000000,0.00000000000000000
123,12,10.44999999999999929,1.00000000000000000,0.00000000000000000,0.00000000000000000
124,12,13.60999999999999943,0.68874172185430482,0.31125827814569518,0.00000000000000000
125,12,15.71000000000000085,0.45695364238410602,0.54304635761589404,0.00000000000000000
126,12,9.28999999999999915,1.00000000000000000,0.00000000000000000,0.00000000000000000
127,12,6.42999999999999972,1.00000000000000000,0.00000000000000000,0.00000000000000000
128,12,26.76999999999999957,0.00000000000000000,0.23620309050772637,0.76379690949227363
129,12,4.32000000000000028,1.00000000000000000,0.00000000000000000,0.00000000000000000
130,12,3.10999999999999988,1.00000000000000000,0.00000000000000000,0.00000000000000000
131,12,19.69000000000000128,0.01766004415011039,0.98233995584988965,0.00000000000000000
132,12,14.13000000000000078,0.63134657836644592,0.36865342163355402,0.00000000000000000
133,12,9.16000000000000014,1.00000000000000000,0.00000000000000000,0.00000000000000000
134,12,10.88000000000000078,0.99006622516556297,0.00993377483443707,0.00000000000000000
135,12,9.38000000000000078,1.00000000000000000,0.00000000000000000,0.00000000000000000
136,12,6.26999999999999957,1.00000000000000000,0.00000000000000000,0.00000000000000000
137,12,17.64000000000000057,0.24392935982339964,0.75607064017660031,0.00000000000000000
138,12,16.44000000000000128,0.37637969094922735,0.62362030905077259,0.00000000000000000
139,12,15.09999999999999964,0.52428256070640189,0.47571743929359805,0.00000000000000000
140,12,12.91999999999999993,0.76490066225165576,0.23509933774834424,0.00000000000000000
141,12,10.13000000000000078,1.00000000000000000,0.00000000000000000,0.00000000000000000
142,12,2.87999999999999989,1.00000000000000000,0.00000000000000000,0.00000000000000000
143,12,7.38999999999999968,1.00000000000000000,0.00000000000000000,0.00000000000000000
144,12,12.64000000000000057,0.79580573951434885,0.20419426048565117,0.00000000000000000
145,12,9.53999999999999915,1.00000000000000000,0.00000000000000000,0.00000000000000000
146,12,8.25999999999999979,1.00000000000000000,0.00000000000000000,0.00000000000000000
147,12,17.78999999999999915,0.22737306843267133,0.77262693156732865,0.00000000000000000
148,12,10.44999999999999929,1.00000000000000000,0.00000000000000000,0.00000000000000000
149,12,13.44999999999999929,0.70640176600441518,0.29359823399558477,0.00000000000000000
150,12,18.05000000000000071,0.19867549668874179,0.80132450331125826,0.00000000000000000
151,12,18.80000000000000071,0.11589403973509942,0.88410596026490063,0.00000000000000000
152,12,12.73000000000000043,0.78587196467991172,0.21412803532008823,0.00000000000000000
153,12,10.63000000000000078,1.00000000000000000,0.00000000000000000,0.00000000000000000
154,12,7.53000000000000025,1.00000000000000000,0.00000000000000000,0.00000000000000000
155,12,11.48000000000000043,0.92384105960264906,0.07615894039735094,0.00000000000000000
156,12,14.80000000000000071,0.55739514348785879,0.44260485651214121,0.00000000000000000
157,12,14.09999999999999964,0.63465783664459174,0.36534216335540820,0.00000000000000000
158,12,14.65000000000000036,0.57395143487858724,0.42604856512141270,0.00000000000000000
159,12,9.51999999999999957,1.00000000000000000,0.00000000000000000,0.00000000000000000
160,12,14.18999999999999950,0.62472406181015472,0.37527593818984528,0.00000000000000000
161,12,5.33000000000000007,1.00000000000000000,0.00000000000000000,0.00000000000000000
162,12,30.58999999999999986,0.00000000000000000,0.00000000000000000,1.00000000000000000
163,12,6.19000000000000039,1.00000000000000000,0.00000000000000000,0.00000000000000000
164,12,16.21000000000000085,0.40176600441501109,0.59823399558498891,0.00000000000000000
165,12,8.23000000000000043,1.00000000000000000,0.00000000000000000,0.00000000000000000
166,12,7.59999999999999964,1.00000000000000000,0.00000000000000000,0.00000000000000000
167,12,9.55000000000000071,1.00000000000000000,0.00000000000000000,0.00000000000000000
168,12,7.79000000000000004,1.00000000000000000,0.00000000000000000,0.00000000000000000
169,12,24.16000000000000014,0.00000000000000000,0.52428256070640189,0.47571743929359817
170,12,4.66999999999999993,1.00000000000000000,0.00000000000000000,0.00000000000000000
171,12,8.09999999999999964,1.00000000000000000,0.00000000000000000,0.00000000000000000
172,12,8.92999999999999972,1.00000000000000000,0.00000000000000000,0.00000000000000000
173,12,12.85999999999999943,0.77152317880794719,0.22847682119205281,0.00000000000000000
174,12,4.45000000000000018,1.00000000000000000,0.00000000000000000,0.00000000000000000
175,12,11.64000000000000057,0.90618101545253871,0.09381898454746132,0.00000000000000000
176,12,8.93999999999999950,1.00000000000000000,0.00000000000000000,0.00000000000000000
177,12,17.19000000000000128,0.29359823399558499,0.70640176600441507,0.00000000000000000
178,12,5.49000000000000021,1.00000000000000000,0.00000000000000000,0.00000000000000000
179,12,17.60000000000000142,0.24834437086092714,0.75165562913907291,0.00000000000000000
180,12,13.00000000000000000,0.75607064017660053,0.24392935982339944,0.00000000000000000
181,12,12.42999999999999972,0.81898454746136884,0.18101545253863122,0.00000000000000000
182,12,15.78999999999999915,0.44812362030905101,0.55187637969094905,0.00000000000000000
183,12,16.42000000000000171,0.37858719646799111,0.62141280353200889,0.00000000000000000
184,12,7.00999999999999979,1.00000000000000000,0.00000000000000000,0.00000000000000000
185,12,6.65000000000000036,1.00000000000000000,0.00000000000000000,0.00000000000000000
186,12,17.16000000000000014,0.29690949227373081,0.70309050772626924,0.00000000000000000
187,12,9.25000000000000000,1.00000000000000000,0.00000000000000000,0.00000000000000000
188,12,18.66000000000000014,0.13134657836644606,0.86865342163355397,0.00000000000000000
189,12,8.47000000000000064,1.00000000000000000,0.00000000000000000,0.00000000000000000
190,12,23.33999999999999986,0.00000000000000000,0.61479028697571758,0.38520971302428242
191,12,5.12000000000000011,1.00000000000000000,0.00000000000000000,0.00000000000000000
192,12,17.92999999999999972,0.21192052980132467,0.78807947019867530,0.00000000000000000
193,12,9.50000000000000000,1.00000000000000000,0.00000000000000000,0.00000000000000000
194,12,3.95000000000000018,1.00000000000000000,0.00000000000000000,0.00000000000000000
195,12,27.37999999999999901,0.00000000000000000,0.16887417218543060,0.83112582781456934
196,12,12.80000000000000071,0.77814569536423850,0.22185430463576156,0.00000000000000000
197,12,18.14000000000000057,0.18874172185430471,0.81125827814569529,0.00000000000000000
198,12,3.16000000000000014,1.00000000000000000,0.00000000000000000,0.00000000000000000
199,12,4.58999999999999986,1.00000000000000000,0.00000000000000000,0.00000000000000000
200,12,9.81000000000000050,1.00000000000000000,0.00000000000000000,0.00000000000000000
201,12,2.97999999999999998,1.00000000000000000,0.00000000000000000,0.00000000000000000
202,12,13.33000000000000007,0.71964679911699792,0.28035320088300208,0.00000000000000000
203,12,12.00999999999999979,0.86534216335540848,0.13465783664459147,0.00000000000000000
204,12,36.97999999999999687,0.00000000000000000,0.00000000000000000,1.00000000000000000
205,12,30.62999999999999901,0.00000000000000000,0.00000000000000000,1.00000000000000000
206,12,2.97000000000000020,1.00000000000000000,0.00000000000000000,0.00000000000000000
207,12,10.86999999999999922,0.99116997792494499,0.00883002207505500,0.00000000000000000
208,12,21.14000000000000057,0.00000000000000000,0.85761589403973515,0.14238410596026482
209,12,21.78000000000000114,0.00000000000000000,0.78697571743929362,0.21302428256070641
210,12,37.96999999999999886,0.00000000000000000,0.00000000000000000,1.00000000000000000
211,12,10.30000000000000071,1.00000000000000000,0.00000000000000000,0.00000000000000000
212,12,8.09999999999999964,1.00000000000000000,0.00000000000000000,0.00000000000000000
213,12,22.10999999999999943,0.00000000000000000,0.75055187637969112,0.24944812362030885
214,12,7.84999999999999964,1.00000000000000000,0.00000000000000000,0.00000000000000000
215,12,26.64000000000000057,0.00000000000000000,0.25055187637969095,0.74944812362030910
216,12,13.50999999999999979,0.69977924944812375,0.30022075055187625,0.00000000000000000
217,12,5.90000000000000036,1.00000000000000000,0.00000000000000000,0.00000000000000000
218,12,2.93999999999999995,1.00000000000000000,0.00000000000000000,0.00000000000000000
219,12,6.73000000000000043,1.00000000000000000,0.00000000000000000,0.00000000000000000
220,12,7.55999999999999961,1.00000000000000000,0.00000000000000000,0.00000000000000000
221,12,18.12999999999999901,0.18984547461368678,0.81015452538631316,0.00000000000000000
222,12,14.75999999999999979,0.56181015452538652,0.43818984547461354,0.00000000000000000
223,12,16.35000000000000142,0.38631346578366443,0.61368653421633557,0.00000000000000000
224,12,10.28999999999999915,1.00000000000000000,0.00000000000000000,0.00000000000000000
225,12,4.82000000000000028,1.00000000000000000,0.00000000000000000,0.00000000000000000
226,12,2.95999999999999996,1.00000000000000000,0.00000000000000000,0.00000000000000000
227,12,9.50999999999999979,1.00000000000000000,0.00000000000000000,0.00000000000000000
228,12,4.50000000000000000,1.00000000000000000,0.00000000000000000,0.00000000000000000
229,12,10.10999999999999943,1.00000000000000000,0.00000000000000000,0.00000000000000000
230,12,17.57999999999999829,0.25055187637969129,0.74944812362030877,0.00000000000000000
231,12,6.58000000000000007,1.00000000000000000,0.00000000000000000,0.00000000000000000
232,12,18.07000000000000028,0.19646799116997804,0.80353200883002196,0.00000000000000000
233,12,8.66999999999999993,1.00000000000000000,0.00000000000000000,0.00000000000000000
234,12,14.35999999999999943,0.60596026490066246,0.39403973509933754,0.00000000000000000
235,12,10.97000000000000064,0.98013245033112584,0.01986754966887414,0.00000000000000000
236,12,6.92999999999999972,1.00000000000000000,0.00000000000000000,0.00000000000000000
237,12,14.08999999999999986,0.63576158940397365,0.36423841059602635,0.00000000000000000
238,12,9.09999999999999964,1.00000000000000000,0.00000000000000000,0.00000000000000000
239,12,5.99000000000000021,1.00000000000000000,0.00000000000000000,0.00000000000000000
240,12,4.54000000000000004,1.00000000000000000,0.00000000000000000,0.00000000000000000
241,12,8.42999999999999972,1.00000000000000000,0.00000000000000000,0.00000000000000000
242,12,14.42999999999999972,0.59823399558498913,0.40176600441501087,0.00000000000000000
243,12,29.53000000000000114,0.00000000000000000,0.00000000000000000,1.00000000000000000
244,12,3.16000000000000014,1.00000000000000000,0.00000000000000000,0.00000000000000000
245,12,18.35000000000000142,0.16556291390728475,0.83443708609271527,0.00000000000000000
246,12,6.29000000000000004,1.00000000000000000,0.00000000000000000,0.00000000000000000
247,12,8.16000000000000014,1.00000000000000000,0.00000000000000000,0.00000000000000000
248,12,6.15000000000000036,1.00000000000000000,0.00000000000000000,0.00000000000000000
249,12,10.16000000000000014,1.00000000000000000,0.00000000000000000,0.00000000000000000
250,12,8.58000000000000007,1.00000000000000000,0.00000000000000000,0.00000000000000000
251,12,19.37000000000000099,0.05298013245033117,0.94701986754966883,0.00000000000000000
252,12,13.27999999999999936,0.72516556291390744,0.27483443708609251,0.00000000000000000
253,12,4.45000000000000018,1.00000000000000000,0.00000000000000000,0.00000000000000000
254,12,3.58999999999999986,1.00000000000000000,0.00000000000000000,0.00000000000000000
255,12,8.00999999999999979,1.00000000000000000,0.00000000000000000,0.00000000000000000
256,12,12.02999999999999936,0.86313465783664478,0.13686534216335522,0.00000000000000000
257,12,34.02000000000000313,0.00000000000000000,0.00000000000000000,1.00000000000000000
258,12,14.09999999999999964,0.63465783664459174,0.36534216335540820,0.00000000000000000
259,12,8.88000000000000078,1.00000000000000000,0.00000000000000000,0.00000000000000000
260,12,23.98000000000000043,0.00000000000000000,0.54415011037527594,0.45584988962472400
261,12,18.71000000000000085,0.12582781456953648,0.87417218543046349,0.00000000000000000
262,12,9.66999999999999993,1.00000000000000000,0.00000000000000000,0.00000000000000000
263,12,27.26000000000000156,0.00000000000000000,0.18211920529801312,0.81788079470198694
264,12,15.02999999999999936,0.53200883002207522,0.46799116997792473,0.00000000000000000
265,12,4.86000000000000032,1.00000000000000000,0.00000000000000000,0.00000000000000000
266,12,6.62000000000000011,1.00000000000000000,0.00000000000000000,0.00000000000000000
267,12,16.14000000000000057,0.40949227373068442,0.59050772626931558,0.00000000000000000
268,12,9.61999999999999922,1.00000000000000000,0.00000000000000000,0.00000000000000000
269,12,12.03999999999999915,0.86203090507726288,0.13796909492273710,0.00000000000000000
270,12,12.92999999999999972,0.76379690949227386,0.23620309050772612,0.00000000000000000
271,12,18.67999999999999972,0.12913907284768231,0.87086092715231767,0.00000000000000000
272,12,17.30999999999999872,0.28035320088300247,0.71964679911699747,0.00000000000000000
273,12,6.46999999999999975,1.00000000000000000,0.00000000000000000,0.00000000000000000
274,12,3.25999999999999979,1.00000000000000000,0.00000000000000000,0.00000000000000000
275,12,8.19999999999999929,1.00000000000000000,0.00000000000000000,0.00000000000000000
276,12,5.04000000000000004,1.00000000000000000,0.00000000000000000,0.00000000000000000
277,12,4.20999999999999996,1.00000000000000000,0.00000000000000000,0.00000000000000000
278,12,6.71999999999999975,1.00000000000000000,0.00000000000000000,0.00000000000000000
279,12,15.39000000000000057,0.49227373068432678,0.50772626931567322,0.00000000000000000
280,12,12.40000000000000036,0.82229580573951444,0.17770419426048559,0.00000000000000000
281,12,1.72999999999999998,1.00000000000000000,0.00000000000000000,0.00000000000000000
282,12,14.66999999999999993,0.57174392935982354,0.42825607064017646,0.00000000000000000
283,12,10.74000000000000021,1.00000000000000000,0.00000000000000000,0.00000000000000000
284,12,21.44999999999999929,0.00000000000000000,0.82339955849889646,0.17660044150110354
285,12,4.16000000000000014,1.00000000000000000,0.00000000000000000,0.00000000000000000
286,12,7.59999999999999964,1.00000000000000000,0.00000000000000000,0.00000000000000000
287,12,11.97000000000000064,0.86975717439293598,0.13024282560706399,0.00000000000000000
288,12,7.70000000000000018,1.00000000000000000,0.00000000000000000,0.00000000000000000
289,12,15.16999999999999993,0.51655629139072856,0.48344370860927138,0.00000000000000000
290,12,10.58999999999999986,1.00000000000000000,0.00000000000000000,0.00000000000000000
291,12,22.87999999999999901,0.00000000000000000,0.66556291390728495,0.33443708609271500
292,12,29.96999999999999886,0.00000000000000000,0.00000000000000000,1.00000000000000000
293,12,14.51999999999999957,0.58830022075055199,0.41169977924944795,0.00000000000000000
294,12,21.07999999999999829,0.00000000000000000,0.86423841059602680,0.13576158940397318
295,12,4.58999999999999986,1.00000000000000000,0.00000000000000000,0.00000000000000000
296,12,6.53000000000000025,1.00000000000000000,0.00000000000000000,0.00000000000000000
297,12,5.50000000000000000,1.00000000000000000,0.00000000000000000,0.00000000000000000
298,12,3.33000000000000007,1.00000000000000000,0.00000000000000000,0.00000000000000000
299,12,6.78000000000000025,1.00000000000000000,0.00000000000000000,0.00000000000000000
300,12,6.36000000000000032,1.00000000000000000,0.00000000000000000,0.00000000000000000
301,12,13.43999999999999950,0.70750551876379708,0.29249448123620292,0.00000000000000000
302,12,17.28000000000000114,0.28366445916114791,0.71633554083885209,0.00000000000000000
303,12,7.38999999999999968,1.00000000000000000,0.00000000000000000,0.00000000000000000
304,12,13.58999999999999986,0.69094922737306852,0.30905077262693142,0.00000000000000000
305,12,3.52999999999999980,1.00000000000000000,0.00000000000000000,0.00000000000000000
306,12,21.51999999999999957,0.00000000000000000,0.81567328918322313,0.18432671081677687
307,12,7.44000000000000039,1.00000000000000000,0.00000000000000000,0.00000000000000000
308,12,5.67999999999999972,1.00000000000000000,0.00000000000000000,0.00000000000000000
309,12,13.33999999999999986,0.71854304635761601,0.28145695364238399,0.00000000000000000
310,12,7.19000000000000039,1.00000000000000000,0.00000000000000000,0.00000000000000000
311,12,5.03000000000000025,1.00000000000000000,0.00000000000000000,0.00000000000000000
312,12,31.98999999999999844,0.00000000000000000,0.00000000000000000,1.00000000000000000
313,12,4.37999999999999989,1.00000000000000000,0.00000000000000000,0.00000000000000000
314,12,3.56999999999999984,1.00000000000000000,0.00000000000000000,0.00000000000000000
315,12,13.10999999999999943,0.74392935982339969,0.25607064017660025,0.00000000000000000
316,12,4.03000000000000025,1.00000000000000000,0.00000000000000000,0.00000000000000000
317,12,14.98000000000000043,0.53752759381898463,0.46247240618101537,0.00000000000000000
318,12,2.87000000000000011,1.00000000000000000,0.00000000000000000,0.00000000000000000
319,12,6.36000000000000032,1.00000000000000000,0.00000000000000000,0.00000000000000000
320,12,14.09999999999999964,0.63465783664459174,0.36534216335540820,0.00000000000000000
321,12,30.80999999999999872,0.00000000000000000,0.00000000000000000,1.00000000000000000
322,12,1.91999999999999993,1.00000000000000000,0.00000000000000000,0.00000000000000000
323,12,12.33999999999999986,0.82891832229580586,0.17108167770419414,0.00000000000000000
324,12,5.91000000000000014,1.00000000000000000,0.00000000000000000,0.00000000000000000
325,12,6.57000000000000028,1.00000000000000000,0.00000000000000000,0.00000000000000000
326,12,10.40000000000000036,1.00000000000000000,0.00000000000000000,0.00000000000000000
327,12,14.00000000000000000,0.64569536423841067,0.35430463576158927,0.00000000000000000
328,12,16.46999999999999886,0.37306843267108192,0.62693156732891808,0.00000000000000000
329,12,5.29000000000000004,1.00000000000000000,0.00000000000000000,0.00000000000000000
330,12,9.80000000000000071,1.00000000000000000,0.00000000000000000,0.00000000000000000
331,12,9.14000000000000057,1.00000000000000000,0.00000000000000000,0.00000000000000000
332,12,13.43999999999999950,0.70750551876379708,0.29249448123620292,0.00000000000000000
333,12,14.64000000000000057,0.57505518763796915,0.42494481236203085,0.00000000000000000
334,12,6.86000000000000032,1.00000000000000000,0.00000000000000000,0.00000000000000000
335,12,5.20999999999999996,1.00000000000000000,0.00000000000000000,0.00000000000000000
336,12,11.33999999999999986,0.93929359823399572,0.06070640176600429,0.00000000000000000
337,12,23.08999999999999986,0.00000000000000000,0.64238410596026507,0.35761589403973498
338,12,17.10999999999999943,0.30242825607064039,0.69757174392935961,0.00000000000000000
339,12,5.67999999999999972,1.00000000000000000,0.00000000000000000,0.00000000000000000
340,12,3.75999999999999979,1.00000000000000000,0.00000000000000000,0.00000000000000000
341,12,3.75999999999999979,1.00000000000000000,0.00000000000000000,0.00000000000000000
342,12,4.13999999999999968,1.00000000000000000,0.00000000000000000,0.00000000000000000
343,12,11.50000000000000000,0.92163355408388536,0.07836644591611469,0.00000000000000000
344,12,16.19999999999999929,0.40286975717439316,0.59713024282560689,0.00000000000000000
345,12,15.01999999999999957,0.53311258278145712,0.46688741721854288,0.00000000000000000
346,12,15.55000000000000071,0.47461368653421637,0.52538631346578357,0.00000000000000000
347,12,10.15000000000000036,1.00000000000000000,0.00000000000000000,0.00000000000000000
348,12,23.96999999999999886,0.00000000000000000,0.54525386313465807,0.45474613686534193
349,12,19.87999999999999901,0.00000000000000000,0.99668874172185462,0.00331125827814543
350,12,24.55999999999999872,0.00000000000000000,0.48013245033112606,0.51986754966887394
351,12,15.75999999999999979,0.45143487858719661,0.54856512141280334,0.00000000000000000
352,12,4.73000000000000043,1.00000000000000000,0.00000000000000000,0.00000000000000000
353,12,8.81000000000000050,1.00000000000000000,0.00000000000000000,0.00000000000000000
354,12,17.26999999999999957,0.28476821192052998,0.71523178807946997,0.00000000000000000
355,12,3.12999999999999989,1.00000000000000000,0.00000000000000000,0.00000000000000000
356,12,6.04999999999999982,1.00000000000000000,0.00000000000000000,0.00000000000000000
357,12,4.08000000000000007,1.00000000000000000,0.00000000000000000,0.00000000000000000
358,12,26.44999999999999929,0.00000000000000000,0.27152317880794713,0.72847682119205281
359,12,12.14000000000000057,0.85099337748344372,0.14900662251655625,0.00000000000000000
360,12,21.01999999999999957,0.00000000000000000,0.87086092715231811,0.12913907284768195
361,12,4.62999999999999989,1.00000000000000000,0.00000000000000000,0.00000000000000000
362,12,12.50000000000000000,0.81125827814569551,0.18874172185430452,0.00000000000000000
363,12,14.43999999999999950,0.59713024282560723,0.40286975717439277,0.00000000000000000
364,12,6.55999999999999961,1.00000000000000000,0.00000000000000000,0.00000000000000000
365,12,15.16999999999999993,0.51655629139072856,0.48344370860927138,0.00000000000000000
366,12,18.76000000000000156,0.12030905077262691,0.87969094922737312,0.00000000000000000
367,12,3.81000000000000005,1.00000000000000000,0.00000000000000000,0.00000000000000000
368,12,19.92000000000000171,0.00000000000000000,0.99227373068432667,0.00772626931567332
369,12,16.51000000000000156,0.36865342163355402,0.63134657836644592,0.00000000000000000
370,12,9.22000000000000064,1.00000000000000000,0.00000000000000000,0.00000000000000000
371,12,28.32000000000000028,0.00000000000000000,0.06512141280353201,0.93487858719646799
372,12,10.58000000000000007,1.00000000000000000,0.00000000000000000,0.00000000000000000
373,12,11.65000000000000036,0.90507726269315680,0.09492273730684320,0.00000000000000000
374,12,11.25000000000000000,0.94922737306843274,0.05077262693156723,0.00000000000000000
375,12,22.73999999999999844,0.00000000000000000,0.68101545253863160,0.31898454746136840
376,12,14.81000000000000050,0.55629139072847689,0.44370860927152311,0.00000000000000000
377,12,15.83999999999999986,0.44260485651214143,0.55739514348785857,0.00000000000000000
378,12,13.00000000000000000,0.75607064017660053,0.24392935982339944,0.00000000000000000
379,12,25.41000000000000014,0.00000000000000000,0.38631346578366449,0.61368653421633546
380,12,13.83000000000000007,0.66445916114790293,0.33554083885209701,0.00000000000000000
381,12,3.00999999999999979,1.00000000000000000,0.00000000000000000,0.00000000000000000
382,12,21.46000000000000085,0.00000000000000000,0.82229580573951444,0.17770419426048562
383,12,18.12999999999999901,0.18984547461368678,0.81015452538631316,0.00000000000000000
384,12,17.26999999999999957,0.28476821192052998,0.71523178807946997,0.00000000000000000
385,12,10.18999999999999950,1.00000000000000000,0.00000000000000000,0.00000000000000000
386,12,10.56000000000000050,1.00000000000000000,0.00000000000000000,0.00000000000000000
387,12,11.11999999999999922,0.96357615894039750,0.03642384105960246,0.00000000000000000
388,12,5.57000000000000028,1.00000000000000000,0.00000000000000000,0.00000000000000000
389,12,21.32000000000000028,0.00000000000000000,0.83774834437086099,0.16225165562913896
390,12,5.80999999999999961,1.00000000000000000,0.00000000000000000,0.00000000000000000
391,12,10.52999999999999936,1.00000000000000000,0.00000000000000000,0.00000000000000000
392,12,7.33999999999999986,1.00000000000000000,0.00000000000000000,0.00000000000000000
393,12,9.97000000000000064,1.00000000000000000,0.00000000000000000,0.00000000000000000
394,12,11.41000000000000014,0.93156732891832239,0.06843267108167761,0.00000000000000000
395,12,11.44999999999999929,0.92715231788079489,0.07284768211920511,0.00000000000000000
396,12,24.07999999999999829,0.00000000000000000,0.53311258278145723,0.46688741721854277
397,12,4.61000000000000032,1.00000000000000000,0.00000000000000000,0.00000000000000000
398,12,17.14999999999999858,0.29801324503311288,0.70198675496688712,0.00000000000000000
399,12,9.27999999999999936,1.00000000000000000,0.00000000000000000,0.00000000000000000
400,12,9.88000000000000078,1.00000000000000000,0.00000000000000000,0.00000000000000000
401,12,9.41999999999999993,1.00000000000000000,0.00000000000000000,0.00000000000000000
402,12,5.98000000000000043,1.00000000000000000,0.00000000000000000,0.00000000000000000
403,12,29.05000000000000071,0.00000000000000000,0.00000000000000000,1.00000000000000000
404,12,18.46000000000000085,0.15342163355408395,0.84657836644591611,0.00000000000000000
405,12,18.05999999999999872,0.19757174392936011,0.80242825607063994,0.00000000000000000
406,12,12.59999999999999964,0.80022075055187658,0.19977924944812347,0.00000000000000000
407,12,9.42999999999999972,1.00000000000000000,0.00000000000000000,0.00000000000000000
408,12,6.71999999999999975,1.00000000000000000,0.00000000000000000,0.00000000000000000
409,12,20.32000000000000028,0.00000000000000000,0.94812362030905084,0.05187637969094911
410,12,12.11999999999999922,0.85320088300220776,0.14679911699779230,0.00000000000000000
411,12,8.05000000000000071,1.00000000000000000,0.00000000000000000,0.00000000000000000
412,12,10.21000000000000085,1.00000000000000000,0.00000000000000000,0.00000000000000000
413,12,3.54000000000000004,1.00000000000000000,0.00000000000000000,0.00000000000000000
414,12,15.01999999999999957,0.53311258278145712,0.46688741721854288,0.00000000000000000
415,12,6.58000000000000007,1.00000000000000000,0.00000000000000000,0.00000000000000000
416,12,16.73999999999999844,0.34326710816777073,0.65673289183222927,0.00000000000000000
417,12,4.96999999999999975,1.00000000000000000,0.00000000000000000,0.00000000000000000
418,12,13.26999999999999957,0.72626931567328934,0.27373068432671066,0.00000000000000000
419,12,29.28999999999999915,0.00000000000000000,0.00000000000000000,1.00000000000000000
420,12,3.70000000000000018,1.00000000000000000,0.00000000000000000,0.00000000000000000
421,12,12.86999999999999922,0.77041942604856528,0.22958057395143469,0.00000000000000000
422,12,10.41999999999999993,1.00000000000000000,0.00000000000000000,0.00000000000000000
423,12,9.64000000000000057,1.00000000000000000,0.00000000000000000,0.00000000000000000
424,12,10.10999999999999943,1.00000000000000000,0.00000000000000000,0.00000000000000000
425,12,5.33000000000000007,1.00000000000000000,0.00000000000000000,0.00000000000000000
426,12,11.32000000000000028,0.94150110375275942,0.05849889624724054,0.00000000000000000
427,12,6.91999999999999993,1.00000000000000000,0.00000000000000000,0.00000000000000000
428,12,22.60000000000000142,0.00000000000000000,0.69646799116997793,0.30353200883002213
429,12,29.92999999999999972,0.00000000000000000,0.00000000000000000,1.00000000000000000
430,12,26.39999999999999858,0.00000000000000000,0.27704194260485671,0.72295805739514329
431,12,27.71000000000000085,0.00000000000000000,0.13245033112582774,0.86754966887417229
432,12,17.10000000000000142,0.30353200883002207,0.69646799116997793,0.00000000000000000
433,12,8.50999999999999979,1.00000000000000000,0.00000000000000000,0.00000000000000000
434,12,12.42999999999999972,0.81898454746136884,0.18101545253863122,0.00000000000000000
435,12,6.58999999999999986,1.00000000000000000,0.00000000000000000,0.00000000000000000
436,12,5.19000000000000039,1.00000000000000000,0.00000000000000000,0.00000000000000000
437,12,6.48000000000000043,1.00000000000000000,0.00000000000000000,0.00000000000000000
438,12,16.96000000000000085,0.31898454746136867,0.68101545253863127,0.00000000000000000
439,12,3.95000000000000018,1.00000000000000000,0.00000000000000000,0.00000000000000000
440,12,7.44000000000000039,1.00000000000000000,0.00000000000000000,0.00000000000000000
441,12,12.26999999999999957,0.83664459161147919,0.16335540838852081,0.00000000000000000
442,12,19.30999999999999872,0.05960264900662281,0.94039735099337718,0.00000000000000000
443,12,20.85000000000000142,0.00000000000000000,0.88962472406181015,0.11037527593818987
444,12,12.66999999999999993,0.79249448123620325,0.20750551876379678,0.00000000000000000
445,12,16.89999999999999858,0.32560706401766032,0.67439293598233963,0.00000000000000000
446,12,11.27999999999999936,0.94591611479028714,0.05408388520971285,0.00000000000000000
447,12,11.74000000000000021,0.89514348785871978,0.10485651214128026,0.00000000000000000
448,12,9.92999999999999972,1.00000000000000000,0.00000000000000000,0.00000000000000000
449,12,24.39000000000000057,0.00000000000000000,0.49889624724061815,0.50110375275938190
450,12,14.68999999999999950,0.56953642384105974,0.43046357615894021,0.00000000000000000
451,12,23.78999999999999915,0.00000000000000000,0.56512141280353223,0.43487858719646783
452,12,6.67999999999999972,1.00000000000000000,0.00000000000000000,0.00000000000000000
453,12,11.38000000000000078,0.93487858719646799,0.06512141280353199,0.00000000000000000
454,12,16.23000000000000043,0.39955849889624734,0.60044150110375272,0.00000000000000000
455,12,17.44000000000000128,0.26600441501103755,0.73399558498896245,0.00000000000000000
456,12,4.69000000000000039,1.00000000000000000,0.00000000000000000,0.00000000000000000
457,12,9.44999999999999929,1.00000000000000000,0.00000000000000000,0.00000000000000000
458,12,16.03000000000000114,0.42163355408388520,0.57836644591611475,0.00000000000000000
459,12,14.36999999999999922,0.60485651214128056,0.39514348785871944,0.00000000000000000
460,12,13.98000000000000043,0.64790286975717448,0.35209713024282552,0.00000000000000000
461,12,12.33000000000000007,0.83002207505518777,0.16997792494481226,0.00000000000000000
462,12,8.76999999999999957,1.00000000000000000,0.00000000000000000,0.00000000000000000
463,12,3.52999999999999980,1.00000000000000000,0.00000000000000000,0.00000000000000000
464,12,25.78999999999999915,0.00000000000000000,0.34437086092715247,0.65562913907284748
465,12,27.80000000000000071,0.00000000000000000,0.12251655629139069,0.87748344370860931
466,12,16.64999999999999858,0.35320088300220781,0.64679911699779224,0.00000000000000000
467,12,16.21999999999999886,0.40066225165562941,0.59933774834437059,0.00000000000000000
468,12,9.08000000000000007,1.00000000000000000,0.00000000000000000,0.00000000000000000
469,12,16.94000000000000128,0.32119205298013243,0.67880794701986757,0.00000000000000000
470,12,28.28000000000000114,0.00000000000000000,0.06953642384105950,0.93046357615894049
471,12,6.12000000000000011,1.00000000000000000,0.00000000000000000,0.00000000000000000
472,12,12.25999999999999979,0.83774834437086110,0.16225165562913893,0.00000000000000000
473,12,20.62000000000000099,0.00000000000000000,0.91501103752759383,0.08498896247240614
474,12,5.63999999999999968,1.00000000000000000,0.00000000000000000,0.00000000000000000
475,12,11.66000000000000014,0.90397350993377490,0.09602649006622507,0.00000000000000000
476,12,30.62000000000000099,0.00000000000000000,0.00000000000000000,1.00000000000000000
477,12,14.69999999999999929,0.56843267108167794,0.43156732891832211,0.00000000000000000
478,12,6.87000000000000011,1.00000000000000000,0.00000000000000000,0.00000000000000000
479,12,7.37000000000000011,1.00000000000000000,0.00000000000000000,0.00000000000000000
480,12,18.33999999999999986,0.16666666666666682,0.83333333333333315,0.00000000000000000
481,12,4.55999999999999961,1.00000000000000000,0.00000000000000000,0.00000000000000000
482,12,13.08999999999999986,0.74613686534216350,0.25386313465783650,0.00000000000000000
483,12,5.98000000000000043,1.00000000000000000,0.00000000000000000,0.00000000000000000
484,12,16.30000000000000071,0.39183222958057401,0.60816777041942605,0.00000000000000000
485,12,1.97999999999999998,1.00000000000000000,0.00000000000000000,0.00000000000000000
486,12,18.12999999999999901,0.18984547461368678,0.81015452538631316,0.00000000000000000
487,12,10.24000000000000021,1.00000000000000000,0.00000000000000000,0.00000000000000000
488,12,3.56000000000000005,1.00000000000000000,0.00000000000000000,0.00000000000000000
489,12,4.84999999999999964,1.00000000000000000,0.00000000000000000,0.00000000000000000
490,12,8.78999999999999915,1.00000000000000000,0.00000000000000000,0.00000000000000000
491,12,7.25999999999999979,1.00000000000000000,0.00000000000000000,0.00000000000000000
492,12,16.28999999999999915,0.39293598233995608,0.60706401766004392,0.00000000000000000
493,12,3.31999999999999984,1.00000000000000000,0.00000000000000000,0.00000000000000000
494,12,18.03000000000000114,0.20088300220750555,0.79911699779249445,0.00000000000000000
495,12,12.02999999999999936,0.86313465783664478,0.13686534216335522,0.00000000000000000
496,12,8.60999999999999943,1.00000000000000000,0.00000000000000000,0.00000000000000000
497,12,21.23999999999999844,0.00000000000000000,0.84657836644591644,0.15342163355408359
498,12,14.81000000000000050,0.55629139072847689,0.44370860927152311,0.00000000000000000
499,12,5.28000000000000025,1.00000000000000000,0.00000000000000000,0.00000000000000000
500,12,7.79000000000000004,1.00000000000000000,0.00000000000000000,0.00000000000000000
501,12,18.32999999999999829,0.16777041942604889,0.83222958057395113,0.00000000000000000
502,12,20.30999999999999872,0.00000000000000000,0.94922737306843297,0.05077262693156704
503,12,29.55000000000000071,0.00000000000000000,0.00000000000000000,1.00000000000000000
504,12,6.20999999999999996,1.00000000000000000,0.00000000000000000,0.00000000000000000
