iteration,erreur_moy,nombre_egalite,nombre_preference,pred_vrai_egalite,pred_fausse_egalite,pred_vrai_preference,pred_fausse_preference,pred_fausse_inversion
0,0.000000,350,650,0,350,529,1,120
1,0.000000,317,683,0,317,564,0,119
2,0.000000,332,668,0,332,553,0,115
3,0.000000,302,698,0,302,590,0,108
4,0.000000,345,655,0,345,538,0,117
5,0.000000,314,686,0,314,568,0,118
6,0.000000,306,694,0,306,573,0,121
7,0.000000,333,667,0,333,531,0,136
8,0.000000,317,683,0,317,564,0,119
9,0.000000,325,675,0,325,553,0,122
10,0.000000,310,690,0,310,598,0,92
11,0.000000,316,684,0,316,559,0,125
12,0.000000,304,696,0,304,588,0,108
13,0.000000,328,672,0,328,565,0,107
14,0.000000,296,704,0,296,602,0,102
15,0.000000,312,688,0,312,575,0,113
16,0.000000,330,670,0,330,550,0,120
17,0.000000,314,686,0,314,569,0,117
18,0.000000,296,704,0,296,600,0,104
19,0.000000,287,713,40,247,355,94,264
20,0.000000,310,690,153,157,149,395,146
21,0.000000,327,673,1,326,563,1,109
22,0.000000,323,677,0,323,559,0,118
23,0.000000,335,665,0,335,545,0,120
24,0.000000,281,719,24,257,483,38,198
25,0.000000,295,705,0,295,588,0,117
26,0.000000,312,688,0,312,566,0,122
27,0.000000,314,686,0,314,573,0,113
28,0.000000,314,686,0,314,578,0,108
29,0.000000,327,673,0,327,556,0,117
30,0.000000,328,672,0,328,558,0,114
31,0.000000,337,663,0,337,556,0,107
32,0.000000,288,712,0,288,597,0,115
33,0.000000,313,687,0,313,571,0,116
34,0.000000,313,687,0,313,561,0,126
35,0.000000,318,682,0,318,568,0,114
36,0.000000,322,678,37,285,429,49,200
37,0.000000,310,690,0,310,577,1,112
38,0.000000,321,679,8,313,539,9,131
39,0.000000,304,696,0,304,587,0,109
40,0.000000,316,684,0,316,577,0,107
41,0.000000,302,698,16,286,496,41,161
42,0.000000,327,673,0,327,566,0,107
43,0.000000,302,698,0,302,582,0,116
44,0.000000,321,679,0,321,550,0,129
45,0.000000,305,695,0,305,599,0,96
46,0.000000,287,713,0,287,594,0,119
47,0.000000,287,713,10,277,536,29,148
48,0.000000,301,699,71,230,272,136,291
49,0.000000,300,700,258,42,53,603,44
50,0.000000,335,665,0,335,557,1,107
51,0.000000,297,703,0,297,595,0,108
52,0.000000,320,680,47,273,368,75,237
53,0.000000,295,705,0,295,582,1,122
54,0.000000,291,709,0,291,585,0,124
55,0.000000,315,685,56,259,286,115,284
56,0.000000,308,692,198,110,141,432,119
57,0.000000,305,695,31,274,387,79,229
58,0.000000,308,692,151,157,182,322,188
59,0.000000,302,698,1,301,586,1,111
60,0.000000,314,686,0,314,559,0,127
61,0.000000,317,683,0,317,568,0,115
62,0.000000,297,703,26,271,419,63,221
63,0.000000,324,676,139,185,187,315,174
64,0.000000,309,691,12,297,511,14,166
65,0.000000,299,701,60,239,282,127,292
66,0.000000,322,678,0,322,571,1,106
67,0.000000,325,675,0,325,545,0,130
68,0.000000,335,665,0,335,549,0,116
69,0.000000,310,690,16,294,476,40,174
70,0.000000,325,675,86,239,264,165,246
71,0.000000,312,688,1,311,571,1,116
72,0.000000,300,700,0,300,590,0,110
73,0.000000,325,675,0,325,573,0,102
74,0.000000,309,691,0,309,572,0,119
75,0.000000,332,668,0,332,554,0,114
76,0.000000,364,636,20,344,417,36,183
77,0.000000,316,684,11,305,495,28,161
78,0.000000,315,685,57,258,278,123,284
79,0.000000,299,701,0,299,599,1,101
80,0.000000,323,677,0,323,558,0,119
81,0.000000,318,682,0,318,564,0,118
82,0.000000,328,672,0,328,559,0,113
83,0.000000,299,701,0,299,572,0,129
84,0.000000,316,684,0,316,567,0,117
85,0.000000,314,686,18,296,469,50,167
86,0.000000,310,690,80,230,254,180,256
87,0.000000,331,669,0,331,558,1,110
88,0.000000,328,672,0,328,569,0,103
89,0.000000,304,696,0,304,573,0,123
90,0.000000,319,681,17,302,502,26,153
91,0.000000,323,677,58,265,296,112,269
92,0.000000,325,675,287,38,49,587,39
93,0.000000,315,685,0,315,565,1,119
94,0.000000,302,698,0,302,595,0,103
95,0.000000,325,675,0,325,560,0,115
96,0.000000,316,684,7,309,515,18,151
97,0.000000,323,677,78,245,271,125,281
98,0.000000,328,672,275,53,49,575,48
99,0.000000,310,690,0,310,575,1,114
100,0.000000,311,689,0,311,576,0,113
101,0.000000,295,705,0,295,592,0,113
102,0.000000,320,680,0,320,559,0,121
103,0.000000,320,680,0,320,577,0,103
104,0.000000,311,689,0,311,573,0,116
105,0.000000,305,695,54,251,363,84,248
106,0.000000,315,685,160,155,163,350,172
107,0.000000,312,688,1,311,565,1,122
108,0.000000,323,677,3,320,535,8,134
109,0.000000,307,693,0,307,575,0,118
110,0.000000,309,691,0,309,575,0,116
111,0.000000,332,668,1,331,544,0,124
112,0.000000,301,699,0,301,587,0,112
113,0.000000,320,680,0,320,567,0,113
114,0.000000,334,666,0,334,554,0,112
115,0.000000,328,672,0,328,556,0,116
116,0.000000,311,689,0,311,566,0,123
117,0.000000,303,697,0,303,591,0,106
118,0.000000,299,701,0,299,589,0,112
119,0.000000,307,693,0,307,559,0,134
120,0.000000,305,695,0,305,562,0,133
121,0.000000,296,704,0,296,588,0,116
122,0.000000,309,691,0,309,578,0,113
123,0.000000,319,681,49,270,382,77,222
124,0.000000,304,696,0,304,570,0,126
125,0.000000,321,679,0,321,562,0,117
126,0.000000,293,707,55,238,347,85,275
127,0.000000,307,693,27,280,416,66,211
128,0.000000,321,679,148,173,193,278,208
129,0.000000,307,693,0,307,571,1,121
130,0.000000,308,692,0,308,565,0,127
131,0.000000,326,674,26,300,413,63,198
132,0.000000,294,706,1,293,587,1,118
133,0.000000,309,691,0,309,569,0,122
134,0.000000,304,696,0,304,567,0,129
135,0.000000,291,709,0,291,602,0,107
136,0.000000,296,704,0,296,580,0,124
137,0.000000,337,663,0,337,556,0,107
138,0.000000,314,686,0,314,569,0,117
139,0.000000,318,682,0,318,565,0,117
140,0.000000,297,703,0,297,587,0,116
141,0.000000,299,701,0,299,591,0,110
142,0.000000,319,681,0,319,568,0,113
143,0.000000,299,701,0,299,596,0,105
144,0.000000,329,671,44,285,348,87,236
145,0.000000,312,688,0,312,579,0,109
146,0.000000,301,699,6,295,553,4,142
147,0.000000,319,681,71,248,279,131,271
148,0.000000,310,690,214,96,108,463,119
149,0.000000,300,700,0,300,579,1,120
150,0.000000,333,667,3,330,506,15,146
151,0.000000,308,692,70,238,275,132,285
152,0.000000,350,650,281,69,73,508,69
153,0.000000,300,700,0,300,581,1,118
154,0.000000,287,713,0,287,586,0,127
155,0.000000,315,685,0,315,567,0,118
156,0.000000,356,644,0,356,531,0,113
157,0.000000,303,697,0,303,578,0,119
158,0.000000,320,680,0,320,571,0,109
159,0.000000,301,699,58,243,350,91,258
160,0.000000,284,716,0,284,606,0,110
161,0.000000,278,722,0,278,603,0,119
162,0.000000,301,699,0,301,576,0,123
163,0.000000,312,688,0,312,571,0,117
164,0.000000,297,703,0,297,584,0,119
165,0.000000,303,697,0,303,583,0,114
166,0.000000,313,687,8,305,517,16,154
167,0.000000,300,700,64,236,317,128,255
168,0.000000,309,691,236,73,63,554,74
169,0.000000,296,704,0,296,580,1,123
170,0.000000,304,696,0,304,580,0,116
171,0.000000,319,681,0,319,563,0,118
172,0.000000,307,693,23,284,489,38,166
173,0.000000,337,663,0,337,545,2,116
174,0.000000,319,681,31,288,390,56,235
175,0.000000,301,699,123,178,199,273,227
176,0.000000,318,682,1,317,584,1,97
177,0.000000,300,700,0,300,584,0,116
178,0.000000,294,706,0,294,604,0,102
179,0.000000,322,678,5,317,530,8,140
180,0.000000,291,709,1,290,595,0,114
181,0.000000,315,685,0,315,570,0,115
182,0.000000,304,696,0,304,575,0,121
183,0.000000,312,688,0,312,574,0,114
184,0.000000,309,691,0,309,573,0,118
185,0.000000,323,677,0,323,553,0,124
186,0.000000,319,681,0,319,567,0,114
187,0.000000,297,703,0,297,590,0,113
188,0.000000,298,702,0,298,589,0,113
189,0.000000,311,689,0,311,586,0,103
190,0.000000,330,670,0,330,544,0,126
191,0.000000,292,708,0,292,588,0,120
192,0.000000,313,687,0,313,558,0,129
193,0.000000,304,696,0,304,576,0,120
194,0.000000,318,682,30,288,403,61,218
195,0.000000,322,678,0,322,555,1,122
196,0.000000,305,695,0,305,572,0,123
197,0.000000,313,687,0,313,577,0,110
198,0.000000,321,679,0,321,571,0,108
199,0.000000,267,733,0,267,625,0,108
200,0.000000,287,713,0,287,595,0,118
201,0.000000,312,688,0,312,567,0,121
202,0.000000,333,667,0,333,552,0,115
203,0.000000,318,682,0,318,573,0,109
204,0.000000,301,699,0,301,576,0,123
205,0.000000,308,692,0,308,569,0,123
206,0.000000,315,685,0,315,577,0,108
207,0.000000,283,717,0,283,602,0,115
208,0.000000,310,690,0,310,572,0,118
209,0.000000,327,673,49,278,367,69,237
210,0.000000,302,698,8,294,530,13,155
211,0.000000,291,709,75,216,266,127,316
212,0.000000,302,698,238,64,83,541,74
213,0.000000,334,666,38,296,362,87,217
214,0.000000,305,695,134,171,203,299,193
215,0.000000,283,717,34,249,401,90,226
216,0.000000,303,697,147,156,191,323,183
217,0.000000,323,677,0,323,570,1,106
218,0.000000,310,690,0,310,594,0,96
219,0.000000,329,671,0,329,561,0,110
220,0.000000,306,694,0,306,581,0,113
221,0.000000,300,700,0,300,578,0,122
222,0.000000,308,692,0,308,590,0,102
223,0.000000,315,685,0,315,577,0,108
224,0.000000,326,674,65,261,312,92,270
225,0.000000,321,679,194,127,134,415,130
226,0.000000,302,698,0,302,580,1,117
227,0.000000,312,688,0,312,579,0,109
228,0.000000,330,670,0,330,553,0,117
229,0.000000,333,667,0,333,560,0,107
230,0.000000,288,712,0,288,605,0,107
231,0.000000,305,695,0,305,546,0,149
232,0.000000,310,690,50,260,351,98,241
233,0.000000,329,671,0,329,548,0,123
234,0.000000,306,694,0,306,584,0,110
235,0.000000,307,693,0,307,576,0,117
236,0.000000,331,669,0,331,564,0,105
237,0.000000,307,693,0,307,583,0,110
238,0.000000,326,674,0,326,556,0,118
239,0.000000,311,689,0,311,574,0,115
240,0.000000,315,685,0,315,569,0,116
241,0.000000,292,708,24,268,468,55,185
242,0.000000,321,679,0,321,575,1,103
243,0.000000,331,669,0,331,559,0,110
244,0.000000,318,682,26,292,456,51,175
245,0.000000,317,683,91,226,242,189,252
246,0.000000,344,656,42,302,365,67,224
247,0.000000,319,681,1,318,555,0,126
248,0.000000,329,671,0,329,550,0,121
249,0.000000,320,680,26,294,449,45,186
250,0.000000,327,673,103,224,257,174,242
251,0.000000,324,676,1,323,554,1,121
252,0.000000,344,656,0,344,532,0,124
253,0.000000,299,701,27,272,437,46,218
254,0.000000,325,675,111,214,211,245,219
255,0.000000,317,683,4,313,544,13,126
256,0.000000,306,694,0,306,567,1,126
257,0.000000,298,702,0,298,586,0,116
258,0.000000,307,693,0,307,585,0,108
259,0.000000,331,669,0,331,556,0,113
260,0.000000,290,710,0,290,595,0,115
261,0.000000,337,663,0,337,539,0,124
262,0.000000,321,679,19,302,472,36,171
263,0.000000,306,694,43,263,355,83,256
264,0.000000,304,696,0,304,586,0,110
265,0.000000,315,685,0,315,573,0,112
266,0.000000,315,685,0,315,573,0,112
267,0.000000,305,695,0,305,581,0,114
268,0.000000,330,670,0,330,546,0,124
269,0.000000,320,680,0,320,571,0,109
270,0.000000,311,689,17,294,486,27,176
271,0.000000,297,703,78,219,275,157,271
272,0.000000,310,690,2,308,563,7,120
273,0.000000,283,717,54,229,280,131,306
274,0.000000,310,690,205,105,103,480,107
275,0.000000,328,672,1,327,551,1,120
276,0.000000,329,671,0,329,563,0,108
277,0.000000,319,681,0,319,549,0,132
278,0.000000,317,683,0,317,575,0,108
279,0.000000,314,686,28,286,397,73,216
280,0.000000,299,701,0,299,585,0,116
281,0.000000,302,698,0,302,581,0,117
282,0.000000,295,705,28,267,439,66,200
283,0.000000,302,698,136,166,190,297,211
284,0.000000,316,684,0,316,581,1,102
285,0.000000,343,657,0,343,536,0,121
286,0.000000,329,671,0,329,581,0,90
287,0.000000,316,684,0,316,577,0,107
288,0.000000,314,686,0,314,562,0,124
289,0.000000,295,705,0,295,564,0,141
290,0.000000,308,692,0,308,590,0,102
291,0.000000,318,682,50,268,378,78,226
292,0.000000,308,692,0,308,564,0,128
293,0.000000,288,712,0,288,598,0,114
294,0.000000,313,687,44,269,397,65,225
295,0.000000,321,679,15,306,502,20,157
296,0.000000,298,702,46,252,303,112,287
297,0.000000,299,701,253,46,63,586,52
298,0.000000,280,720,1,279,609,1,110
299,0.000000,330,670,0,330,558,0,112
300,0.000000,308,692,0,308,576,0,116
301,0.000000,296,704,0,296,580,0,124
302,0.000000,313,687,16,297,512,22,153
303,0.000000,298,702,75,223,289,132,281
304,0.000000,325,675,1,324,565,1,109
305,0.000000,314,686,33,281,379,73,234
306,0.000000,336,664,153,183,193,259,212
307,0.000000,301,699,1,300,586,1,112
308,0.000000,312,688,0,312,569,0,119
309,0.000000,311,689,9,302,555,6,128
310,0.000000,341,659,83,258,271,118,270
311,0.000000,321,679,217,104,126,465,88
312,0.000000,328,672,48,280,328,99,245
313,0.000000,310,690,187,123,156,364,170
314,0.000000,301,699,2,299,568,1,130
315,0.000000,299,701,0,299,594,0,107
316,0.000000,293,707,0,293,575,0,132
317,0.000000,316,684,0,316,568,0,116
318,0.000000,323,677,0,323,571,0,106
319,0.000000,285,715,0,285,612,0,103
320,0.000000,320,680,0,320,568,0,112
321,0.000000,323,677,35,288,377,79,221
322,0.000000,313,687,169,144,169,332,186
323,0.000000,317,683,31,286,437,55,191
324,0.000000,304,696,116,188,211,268,217
325,0.000000,311,689,0,311,572,1,116
326,0.000000,304,696,0,304,595,0,101
327,0.000000,316,684,41,275,356,79,249
328,0.000000,294,706,153,141,172,385,149
329,0.000000,316,684,0,316,575,1,108
330,0.000000,331,669,60,271,297,96,276
331,0.000000,303,697,191,112,140,431,126
332,0.000000,326,674,28,298,414,50,210
333,0.000000,316,684,123,193,217,250,217
334,0.000000,327,673,44,283,362,88,223
335,0.000000,326,674,0,326,543,0,131
336,0.000000,309,691,16,293,483,31,177
337,0.000000,329,671,0,329,561,0,110
338,0.000000,318,682,0,318,575,0,107
339,0.000000,283,717,0,283,611,0,106
340,0.000000,317,683,0,317,564,0,119
341,0.000000,316,684,26,290,428,56,200
342,0.000000,313,687,126,187,210,265,212
343,0.000000,309,691,36,273,460,49,182
344,0.000000,330,670,126,204,212,242,216
345,0.000000,318,682,0,318,568,1,113
346,0.000000,340,660,0,340,560,0,100
347,0.000000,337,663,0,337,568,0,95
348,0.000000,333,667,0,333,546,0,121
349,0.000000,301,699,0,301,591,0,108
350,0.000000,306,694,0,306,567,0,127
351,0.000000,321,679,0,321,562,0,117
352,0.000000,317,683,0,317,590,0,93
353,0.000000,330,670,0,330,547,0,123
354,0.000000,327,673,0,327,563,0,110
355,0.000000,336,664,0,336,553,0,111
356,0.000000,313,687,0,313,569,0,118
357,0.000000,301,699,0,301,573,0,126
358,0.000000,316,684,0,316,565,0,119
359,0.000000,326,674,0,326,557,0,117
360,0.000000,320,680,0,320,566,0,114
361,0.000000,316,684,0,316,556,0,128
362,0.000000,324,676,44,280,392,64,220
363,0.000000,320,680,157,163,177,307,196
364,0.000000,347,653,1,346,511,4,138
365,0.000000,289,711,0,289,587,0,124
366,0.000000,319,681,0,319,573,0,108
367,0.000000,326,674,0,326,561,0,113
368,0.000000,341,659,0,341,534,0,125
369,0.000000,285,715,0,285,605,0,110
370,0.000000,293,707,0,293,596,0,111
371,0.000000,311,689,0,311,554,0,135
372,0.000000,347,653,0,347,524,0,129
373,0.000000,304,696,0,304,575,0,121
374,0.000000,337,663,0,337,545,0,118
375,0.000000,333,667,37,296,395,56,216
376,0.000000,293,707,0,293,589,0,118
377,0.000000,323,677,0,323,554,0,123
378,0.000000,309,691,0,309,582,0,109
379,0.000000,288,712,0,288,576,0,136
380,0.000000,302,698,0,302,573,0,125
381,0.000000,320,680,0,320,573,0,107
382,0.000000,313,687,0,313,580,0,107
383,0.000000,292,708,0,292,593,0,115
384,0.000000,311,689,1,310,572,0,117
385,0.000000,309,691,0,309,570,0,121
386,0.000000,323,677,0,323,570,0,107
387,0.000000,301,699,0,301,583,0,116
388,0.000000,321,679,0,321,575,0,104
389,0.000000,304,696,0,304,588,0,108
390,0.000000,312,688,0,312,559,0,129
391,0.000000,331,669,0,331,552,0,117
392,0.000000,314,686,0,314,574,0,112
393,0.000000,320,680,0,320,561,0,119
394,0.000000,302,698,0,302,577,0,121
395,0.000000,344,656,0,344,539,0,117
396,0.000000,305,695,0,305,587,1,107
397,0.000000,302,698,4,298,557,9,132
398,0.000000,328,672,0,328,554,1,117
399,0.000000,335,665,0,335,549,0,116
400,0.000000,292,708,0,292,586,0,122
401,0.000000,319,681,31,288,445,53,183
402,0.000000,323,677,0,323,557,0,120
403,0.000000,293,707,0,293,593,0,114
404,0.000000,311,689,0,311,566,0,123
405,0.000000,287,713,0,287,595,0,118
406,0.000000,284,716,0,284,611,0,105
407,0.000000,324,676,0,324,561,0,115
408,0.000000,309,691,0,309,573,0,118
409,0.000000,314,686,0,314,578,0,108
410,0.000000,322,678,0,322,560,0,118
411,0.000000,300,700,22,278,458,48,194
412,0.000000,289,711,0,289,594,0,117
413,0.000000,291,709,0,291,600,0,109
414,0.000000,322,678,0,322,575,0,103
415,0.000000,333,667,0,333,571,0,96
416,0.000000,326,674,23,303,463,53,158
417,0.000000,299,701,95,204,263,180,258
418,0.000000,322,678,0,322,560,1,117
419,0.000000,325,675,25,300,429,55,191
420,0.000000,314,686,114,200,244,241,201
421,0.000000,302,698,1,301,590,1,107
422,0.000000,307,693,0,307,580,0,113
423,0.000000,319,681,0,319,568,0,113
424,0.000000,324,676,0,324,567,0,109
425,0.000000,336,664,0,336,558,0,106
426,0.000000,334,666,17,317,491,24,151
427,0.000000,332,668,0,332,560,0,108
428,0.000000,271,729,0,271,598,0,131
429,0.000000,318,682,0,318,569,0,113
430,0.000000,310,690,15,295,463,43,184
431,0.000000,300,700,0,300,582,0,118
432,0.000000,317,683,0,317,562,0,121
433,0.000000,326,674,0,326,552,0,122
434,0.000000,286,714,0,286,602,0,112
435,0.000000,321,679,0,321,572,0,107
436,0.000000,288,712,0,288,605,0,107
437,0.000000,316,684,0,316,579,0,105
438,0.000000,284,716,0,284,592,0,124
439,0.000000,309,691,6,303,544,12,135
440,0.000000,320,680,65,255,280,116,284
441,0.000000,283,717,215,68,70,544,103
442,0.000000,317,683,42,275,418,59,206
443,0.000000,292,708,138,154,219,292,197
444,0.000000,312,688,0,312,579,1,108
445,0.000000,303,697,3,300,548,15,134
446,0.000000,313,687,0,313,570,0,117
447,0.000000,305,695,0,305,547,4,144
448,0.000000,293,707,54,239,293,138,276
449,0.000000,321,679,217,104,128,444,107
450,0.000000,300,700,1,299,585,1,114
451,0.000000,315,685,0,315,573,0,112
452,0.000000,315,685,13,302,500,28,157
453,0.000000,304,696,68,236,298,114,284
454,0.000000,307,693,280,27,42,613,38
455,0.000000,298,702,16,282,507,29,166
456,0.000000,339,661,60,279,296,112,253
457,0.000000,323,677,0,323,548,1,128
458,0.000000,302,698,0,302,579,0,119
459,0.000000,306,694,0,306,592,0,102
460,0.000000,318,682,15,303,513,16,153
461,0.000000,325,675,59,266,246,142,287
462,0.000000,323,677,262,61,63,537,77
463,0.000000,328,672,0,328,550,1,121
464,0.000000,332,668,1,331,557,0,111
465,0.000000,310,690,22,288,500,28,162
466,0.000000,304,696,3,301,571,5,120
467,0.000000,314,686,1,313,585,1,100
468,0.000000,344,656,0,344,553,0,103
469,0.000000,304,696,0,304,587,0,109
470,0.000000,311,689,0,311,587,0,102
471,0.000000,310,690,0,310,565,0,125
472,0.000000,308,692,0,308,592,0,100
473,0.000000,319,681,0,319,564,0,117
474,0.000000,312,688,35,277,385,88,215
475,0.000000,313,687,149,164,204,283,200
476,0.000000,315,685,0,315,562,1,122
477,0.000000,295,705,0,295,571,0,134
478,0.000000,323,677,0,323,564,0,113
479,0.000000,300,700,1,299,581,0,119
480,0.000000,298,702,1,297,581,0,121
481,0.000000,311,689,0,311,557,0,132
482,0.000000,316,684,16,300,499,34,151
483,0.000000,342,658,89,253,224,148,286
484,0.000000,314,686,0,314,576,1,109
485,0.000000,308,692,0,308,580,0,112
486,0.000000,319,681,0,319,564,0,117
487,0.000000,328,672,0,328,563,0,109
488,0.000000,328,672,0,328,553,0,119
489,0.000000,282,718,30,252,443,57,218
490,0.000000,292,708,1,291,592,0,116
491,0.000000,318,682,23,295,441,37,204
492,0.000000,320,680,115,205,242,226,212
493,0.000000,310,690,0,310,565,1,124
494,0.000000,293,707,0,293,601,0,106
495,0.000000,310,690,0,310,584,0,106
496,0.000000,328,672,25,303,459,31,182
497,0.000000,309,691,99,210,235,174,282
498,0.000000,314,686,0,314,582,1,103
499,0.000000,298,702,0,298,564,0,138
500,0.000000,290,710,0,290,586,0,124
501,0.000000,291,709,2,289,585,6,118
502,0.000000,323,677,0,323,566,1,110
503,0.000000,313,687,0,313,579,1,107
504,0.000000,317,683,0,317,555,0,128
505,0.000000,306,694,0,306,575,0,119
506,0.000000,307,693,33,274,448,54,191
507,0.000000,314,686,110,204,224,243,219
508,0.000000,313,687,1,312,572,1,114
509,0.000000,305,695,0,305,588,0,107
510,0.000000,306,694,0,306,571,0,123
511,0.000000,304,696,11,293,503,27,166
512,0.000000,321,679,0,321,561,0,118
513,0.000000,327,673,21,306,450,42,181
514,0.000000,321,679,104,217,233,209,237
515,0.000000,316,684,1,315,571,1,112
516,0.000000,317,683,1,316,567,0,116
517,0.000000,312,688,0,312,578,0,110
518,0.000000,313,687,0,313,570,0,117
519,0.000000,331,669,0,331,531,0,138
520,0.000000,301,699,0,301,588,0,111
521,0.000000,335,665,2,333,545,1,119
522,0.000000,314,686,0,314,593,0,93
523,0.000000,308,692,37,271,406,69,217
524,0.000000,323,677,163,160,187,311,179
525,0.000000,315,685,5,310,567,1,117
526,0.000000,322,678,0,322,561,0,117
527,0.000000,288,712,0,288,600,0,112
528,0.000000,314,686,0,314,580,0,106
529,0.000000,306,694,0,306,573,0,121
530,0.000000,335,665,0,335,557,0,108
531,0.000000,324,676,0,324,562,0,114
532,0.000000,311,689,0,311,560,0,129
533,0.000000,320,680,0,320,565,0,115
534,0.000000,313,687,0,313,570,0,117
535,0.000000,295,705,0,295,590,0,115
536,0.000000,326,674,39,287,334,81,259
537,0.000000,308,692,154,154,156,388,148
538,0.000000,287,713,2,285,596,1,116
539,0.000000,313,687,0,313,571,0,116
540,0.000000,320,680,0,320,568,0,112
541,0.000000,315,685,0,315,558,0,127
542,0.000000,318,682,0,318,571,0,111
543,0.000000,334,666,0,334,556,0,110
544,0.000000,336,664,0,336,548,0,116
545,0.000000,275,725,0,275,596,0,129
546,0.000000,313,687,0,313,594,0,93
547,0.000000,302,698,49,253,380,73,245
548,0.000000,311,689,5,306,543,7,139
549,0.000000,312,688,71,241,280,111,297
550,0.000000,320,680,237,83,107,478,95
551,0.000000,308,692,0,308,562,1,129
552,0.000000,313,687,0,313,562,0,125
553,0.000000,313,687,0,313,573,0,114
554,0.000000,340,660,15,325,490,14,156
555,0.000000,286,714,33,253,385,81,248
556,0.000000,287,713,0,287,595,0,118
557,0.000000,319,681,0,319,558,0,123
558,0.000000,299,701,0,299,587,0,114
559,0.000000,296,704,0,296,585,0,119
560,0.000000,282,718,0,282,602,0,116
561,0.000000,311,689,1,310,573,0,116
562,0.000000,316,684,0,316,558,0,126
563,0.000000,309,691,0,309,570,0,121
564,0.000000,313,687,0,313,545,0,142
565,0.000000,341,659,0,341,538,0,121
566,0.000000,304,696,0,304,589,0,107
567,0.000000,325,675,0,325,549,0,126
568,0.000000,294,706,0,294,589,0,117
569,0.000000,303,697,0,303,575,0,122
570,0.000000,299,701,0,299,590,0,111
571,0.000000,302,698,38,264,387,66,245
572,0.000000,315,685,6,309,518,14,153
573,0.000000,293,707,57,236,286,129,292
574,0.000000,314,686,246,68,67,559,60
575,0.000000,315,685,0,315,579,1,105
576,0.000000,336,664,0,336,549,0,115
577,0.000000,310,690,0,310,577,0,113
578,0.000000,305,695,0,305,582,0,113
579,0.000000,310,690,0,310,566,0,124
580,0.000000,300,700,0,300,590,0,110
581,0.000000,323,677,0,323,563,0,114
582,0.000000,295,705,43,252,395,69,241
583,0.000000,318,682,159,159,179,328,175
584,0.000000,336,664,0,336,556,1,107
585,0.000000,306,694,0,306,577,0,117
586,0.000000,350,650,0,350,537,0,113
587,0.000000,326,674,0,326,555,0,119
588,0.000000,313,687,0,313,569,0,118
589,0.000000,319,681,0,319,573,0,108
590,0.000000,288,712,0,288,580,0,132
591,0.000000,331,669,0,331,567,0,102
592,0.000000,304,696,5,299,558,6,132
593,0.000000,324,676,67,257,271,122,283
594,0.000000,325,675,235,90,102,477,96
595,0.000000,298,702,0,298,597,1,104
596,0.000000,304,696,11,293,499,20,177
597,0.000000,303,697,1,302,586,1,110
598,0.000000,292,708,0,292,597,0,111
599,0.000000,315,685,0,315,574,0,111
600,0.000000,294,706,0,294,589,0,117
601,0.000000,313,687,0,313,584,0,103
602,0.000000,299,701,0,299,573,0,128
603,0.000000,317,683,0,317,586,0,97
604,0.000000,289,711,28,261,446,52,213
605,0.000000,322,678,0,322,574,0,104
606,0.000000,343,657,0,343,543,0,114
607,0.000000,308,692,5,303,527,11,154
608,0.000000,290,710,0,290,596,0,114
609,0.000000,303,697,44,259,372,98,227
610,0.000000,316,684,150,166,180,313,191
611,0.000000,290,710,0,290,601,1,108
612,0.000000,327,673,0,327,549,0,124
613,0.000000,314,686,0,314,559,0,127
614,0.000000,298,702,0,298,568,0,134
615,0.000000,329,671,0,329,539,0,132
616,0.000000,310,690,26,284,370,80,240
617,0.000000,293,707,0,293,587,0,120
618,0.000000,344,656,35,309,405,64,187
619,0.000000,309,691,0,309,569,1,121
620,0.000000,319,681,0,319,565,0,116
621,0.000000,326,674,0,326,566,0,108
622,0.000000,310,690,0,310,566,0,124
623,0.000000,330,670,0,330,563,0,107
624,0.000000,308,692,39,269,356,94,242
625,0.000000,329,671,170,159,154,343,174
626,0.000000,317,683,38,279,418,52,213
627,0.000000,340,660,0,340,546,0,114
628,0.000000,290,710,0,290,582,0,128
629,0.000000,340,660,0,340,543,0,117
630,0.000000,282,718,0,282,601,0,117
631,0.000000,311,689,5,306,530,14,145
632,0.000000,323,677,1,322,552,2,123
633,0.000000,320,680,0,320,565,0,115
634,0.000000,310,690,0,310,569,0,121
635,0.000000,304,696,0,304,574,0,122
636,0.000000,277,723,0,277,624,0,99
637,0.000000,319,681,0,319,563,0,118
638,0.000000,307,693,0,307,587,0,106
639,0.000000,311,689,0,311,573,0,116
640,0.000000,291,709,0,291,590,0,119
641,0.000000,276,724,0,276,597,0,127
642,0.000000,321,679,0,321,564,0,115
643,0.000000,314,686,0,314,569,0,117
644,0.000000,290,710,0,290,591,0,119
645,0.000000,303,697,31,272,360,73,264
646,0.000000,322,678,0,322,547,0,131
647,0.000000,331,669,0,331,553,0,116
648,0.000000,321,679,0,321,569,0,110
649,0.000000,313,687,0,313,568,0,119
650,0.000000,326,674,36,290,390,59,225
651,0.000000,292,708,131,161,233,263,212
652,0.000000,334,666,2,332,559,1,106
653,0.000000,285,715,4,281,573,5,137
654,0.000000,328,672,68,260,270,126,276
655,0.000000,316,684,232,84,125,439,120
656,0.000000,326,674,1,325,572,1,101
657,0.000000,328,672,0,328,550,0,122
658,0.000000,327,673,0,327,561,0,112
659,0.000000,304,696,34,270,435,51,210
660,0.000000,316,684,1,315,565,1,118
661,0.000000,312,688,0,312,566,0,122
662,0.000000,323,677,0,323,560,0,117
663,0.000000,285,715,0,285,600,0,115
664,0.000000,285,715,17,268,517,23,175
665,0.000000,336,664,73,263,245,136,283
666,0.000000,329,671,26,303,408,57,206
667,0.000000,330,670,133,197,202,270,198
668,0.000000,318,682,0,318,565,1,116
669,0.000000,323,677,0,323,564,0,113
670,0.000000,313,687,18,295,450,40,197
671,0.000000,314,686,101,213,255,196,235
672,0.000000,316,684,0,316,567,1,116
673,0.000000,315,685,0,315,582,0,103
674,0.000000,294,706,0,294,587,0,119
675,0.000000,309,691,0,309,564,0,127
676,0.000000,305,695,0,305,583,0,112
677,0.000000,336,664,0,336,541,0,123
678,0.000000,307,693,0,307,593,0,100
679,0.000000,309,691,0,309,579,0,112
680,0.000000,280,720,0,280,603,0,117
681,0.000000,299,701,0,299,577,0,124
682,0.000000,309,691,0,309,580,0,111
683,0.000000,304,696,1,303,574,0,122
684,0.000000,296,704,0,296,598,0,106
685,0.000000,347,653,0,347,544,0,109
686,0.000000,325,675,0,325,563,0,112
687,0.000000,317,683,0,317,560,0,123
688,0.000000,329,671,22,307,436,50,185
689,0.000000,312,688,0,312,555,0,133
690,0.000000,309,691,0,309,589,0,102
691,0.000000,323,677,0,323,564,0,113
692,0.000000,326,674,0,326,564,0,110
693,0.000000,320,680,0,320,571,0,109
694,0.000000,295,705,0,295,603,0,102
695,0.000000,297,703,0,297,584,0,119
696,0.000000,306,694,0,306,574,0,120
697,0.000000,329,671,0,329,571,0,100
698,0.000000,328,672,0,328,546,0,126
699,0.000000,320,680,0,320,570,0,110
700,0.000000,300,700,0,300,584,0,116
701,0.000000,315,685,0,315,564,0,121
702,0.000000,294,706,25,269,448,55,203
703,0.000000,309,691,119,190,220,250,221
704,0.000000,328,672,0,328,546,1,125
705,0.000000,332,668,0,332,543,0,125
706,0.000000,289,711,0,289,600,0,111
707,0.000000,298,702,0,298,588,0,114
708,0.000000,338,662,0,338,544,0,118
709,0.000000,311,689,0,311,568,0,121
710,0.000000,329,671,0,329,563,0,108
711,0.000000,332,668,0,332,552,0,116
712,0.000000,310,690,0,310,579,0,111
713,0.000000,325,675,0,325,553,0,122
714,0.000000,300,700,0,300,566,0,134
715,0.000000,297,703,0,297,593,0,110
716,0.000000,318,682,0,318,571,0,111
717,0.000000,280,720,0,280,598,0,122
718,0.000000,296,704,0,296,589,0,115
719,0.000000,306,694,0,306,576,0,118
720,0.000000,302,698,3,299,557,14,127
721,0.000000,321,679,24,297,448,62,169
722,0.000000,352,648,141,211,236,207,205
723,0.000000,311,689,22,289,428,61,200
724,0.000000,290,710,118,172,222,252,236
725,0.000000,290,710,1,289,589,1,120
726,0.000000,311,689,36,275,409,64,216
727,0.000000,300,700,23,277,436,55,209
728,0.000000,325,675,131,194,213,238,224
729,0.000000,308,692,52,256,357,72,263
730,0.000000,322,678,0,322,583,0,95
731,0.000000,315,685,15,300,477,35,173
732,0.000000,313,687,69,244,265,165,257
733,0.000000,304,696,0,304,583,1,112
734,0.000000,321,679,0,321,563,0,116
735,0.000000,304,696,0,304,585,0,111
736,0.000000,306,694,0,306,573,0,121
737,0.000000,292,708,13,279,518,27,163
738,0.000000,288,712,69,219,318,113,281
739,0.000000,321,679,0,321,573,1,105
740,0.000000,293,707,0,293,577,0,130
741,0.000000,316,684,4,312,562,7,115
742,0.000000,318,682,1,317,573,0,109
743,0.000000,308,692,0,308,571,0,121
744,0.000000,295,705,0,295,600,0,105
745,0.000000,291,709,0,291,608,0,101
746,0.000000,328,672,0,328,534,0,138
747,0.000000,328,672,0,328,561,0,111
748,0.000000,322,678,0,322,562,0,116
749,0.000000,310,690,0,310,582,0,108
750,0.000000,307,693,0,307,568,0,125
751,0.000000,282,718,0,282,599,0,119
752,0.000000,309,691,0,309,579,0,112
753,0.000000,311,689,0,311,574,0,115
754,0.000000,301,699,0,301,572,0,127
755,0.000000,320,680,0,320,552,0,128
756,0.000000,327,673,0,327,547,0,126
757,0.000000,293,707,18,275,499,42,166
758,0.000000,306,694,62,244,268,174,252
759,0.000000,309,691,23,286,488,43,160
760,0.000000,321,679,0,321,571,1,107
761,0.000000,317,683,0,317,575,0,108
762,0.000000,340,660,0,340,538,0,122
763,0.000000,322,678,55,267,301,98,279
764,0.000000,290,710,186,104,157,422,131
765,0.000000,304,696,0,304,578,1,117
766,0.000000,351,649,0,351,533,0,116
767,0.000000,298,702,0,298,580,0,122
768,0.000000,320,680,0,320,569,0,111
769,0.000000,312,688,0,312,576,0,112
770,0.000000,331,669,0,331,553,0,116
771,0.000000,341,659,0,341,550,0,109
772,0.000000,319,681,0,319,568,0,113
773,0.000000,325,675,32,293,405,48,222
774,0.000000,340,660,0,340,547,0,113
775,0.000000,343,657,0,343,557,0,100
776,0.000000,296,704,0,296,583,0,121
777,0.000000,321,679,0,321,557,0,122
778,0.000000,316,684,10,306,526,12,146
779,0.000000,334,666,42,292,377,82,207
780,0.000000,316,684,0,316,560,1,123
781,0.000000,320,680,0,320,571,0,109
782,0.000000,301,699,0,301,586,0,113
783,0.000000,287,713,0,287,600,0,113
784,0.000000,322,678,0,322,551,0,127
785,0.000000,334,666,36,298,375,80,211
786,0.000000,339,661,0,339,532,1,128
787,0.000000,305,695,0,305,588,0,107
788,0.000000,318,682,0,318,573,0,109
789,0.000000,306,694,0,306,575,0,119
790,0.000000,303,697,0,303,597,0,100
791,0.000000,315,685,0,315,573,0,112
792,0.000000,314,686,0,314,580,0,106
793,0.000000,336,664,0,336,548,0,116
794,0.000000,285,715,0,285,593,0,122
795,0.000000,313,687,0,313,567,0,120
796,0.000000,291,709,25,266,459,58,192
797,0.000000,299,701,0,299,581,2,118
798,0.000000,301,699,0,301,556,0,143
799,0.000000,318,682,0,318,570,0,112
800,0.000000,306,694,0,306,577,0,117
801,0.000000,320,680,47,273,408,61,211
802,0.000000,323,677,141,182,229,245,203
803,0.000000,324,676,1,323,564,1,111
804,0.000000,312,688,0,312,569,0,119
805,0.000000,318,682,54,264,308,115,259
806,0.000000,308,692,199,109,129,433,130
807,0.000000,311,689,0,311,581,1,107
808,0.000000,324,676,0,324,563,0,113
809,0.000000,344,656,0,344,546,0,110
810,0.000000,333,667,0,333,549,0,118
811,0.000000,320,680,0,320,570,0,110
812,0.000000,279,721,0,279,617,0,104
813,0.000000,335,665,0,335,549,0,116
814,0.000000,292,708,0,292,584,0,124
815,0.000000,309,691,0,309,566,0,125
816,0.000000,299,701,0,299,586,0,115
817,0.000000,303,697,0,303,589,0,108
818,0.000000,306,694,0,306,562,0,132
819,0.000000,311,689,0,311,574,0,115
820,0.000000,324,676,0,324,551,0,125
821,0.000000,310,690,0,310,572,0,118
822,0.000000,315,685,3,312,545,10,130
823,0.000000,339,661,44,295,379,84,198
824,0.000000,323,677,167,156,201,319,157
825,0.000000,330,670,3,327,559,1,110
826,0.000000,309,691,0,309,573,0,118
827,0.000000,311,689,0,311,573,0,116
828,0.000000,313,687,0,313,548,0,139
829,0.000000,326,674,0,326,563,0,111
830,0.000000,320,680,0,320,569,0,111
831,0.000000,316,684,21,295,495,27,162
832,0.000000,316,684,71,245,270,117,297
833,0.000000,313,687,0,313,567,1,119
834,0.000000,294,706,0,294,588,0,118
835,0.000000,309,691,0,309,563,0,128
836,0.000000,309,691,0,309,568,0,123
837,0.000000,333,667,0,333,551,0,116
838,0.000000,307,693,0,307,562,0,131
839,0.000000,332,668,0,332,551,0,117
840,0.000000,295,705,0,295,577,0,128
841,0.000000,295,705,0,295,574,0,131
842,0.000000,342,658,0,342,546,0,112
843,0.000000,319,681,0,319,568,0,113
844,0.000000,327,673,11,316,511,15,147
845,0.000000,302,698,68,234,274,123,301
846,0.000000,321,679,273,48,62,572,45
847,0.000000,313,687,1,312,587,1,99
848,0.000000,297,703,8,289,516,25,162
849,0.000000,299,701,35,264,396,74,231
850,0.000000,285,715,152,133,195,338,182
851,0.000000,311,689,2,309,579,1,109
852,0.000000,309,691,0,309,563,0,128
853,0.000000,307,693,0,307,580,0,113
854,0.000000,328,672,0,328,551,0,121
855,0.000000,300,700,21,279,471,41,188
856,0.000000,331,669,118,213,258,184,227
857,0.000000,330,670,2,328,564,1,105
858,0.000000,324,676,0,324,545,0,131
859,0.000000,294,706,0,294,573,0,133
860,0.000000,290,710,4,286,525,21,164
861,0.000000,296,704,68,228,273,132,299
862,0.000000,298,702,249,49,59,586,57
863,0.000000,321,679,50,271,373,64,242
864,0.000000,327,673,164,163,172,333,168
865,0.000000,327,673,2,325,569,1,103
866,0.000000,312,688,0,312,574,0,114
867,0.000000,336,664,37,299,429,50,185
868,0.000000,314,686,0,314,565,0,121
869,0.000000,312,688,0,312,573,0,115
870,0.000000,318,682,0,318,575,0,107
871,0.000000,343,657,0,343,532,0,125
872,0.000000,324,676,0,324,566,0,110
873,0.000000,325,675,16,309,470,37,168
874,0.000000,318,682,0,318,566,1,115
875,0.000000,305,695,0,305,575,0,120
876,0.000000,292,708,0,292,584,0,124
877,0.000000,317,683,1,316,562,0,121
878,0.000000,315,685,43,272,367,76,242
879,0.000000,294,706,0,294,574,0,132
880,0.000000,319,681,6,313,531,18,132
881,0.000000,295,705,0,295,582,0,123
882,0.000000,314,686,0,314,550,0,136
883,0.000000,314,686,0,314,570,0,116
884,0.000000,307,693,0,307,584,0,109
885,0.000000,303,697,0,303,582,0,115
886,0.000000,315,685,0,315,576,0,109
887,0.000000,303,697,0,303,574,0,123
888,0.000000,312,688,0,312,563,0,125
889,0.000000,301,699,0,301,589,0,110
890,0.000000,317,683,0,317,564,0,119
891,0.000000,293,707,0,293,586,0,121
892,0.000000,348,652,42,306,381,72,199
893,0.000000,303,697,136,167,186,312,199
894,0.000000,311,689,0,311,578,1,110
895,0.000000,307,693,0,307,585,0,108
896,0.000000,333,667,0,333,528,0,139
897,0.000000,310,690,0,310,584,0,106
898,0.000000,306,694,49,257,419,51,224
899,0.000000,302,698,0,302,574,0,124
900,0.000000,335,665,0,335,554,0,111
901,0.000000,320,680,0,320,565,0,115
902,0.000000,294,706,8,286,542,18,146
903,0.000000,325,675,79,246,288,122,265
904,0.000000,307,693,258,49,69,559,65
905,0.000000,336,664,0,336,553,1,110
906,0.000000,302,698,0,302,589,0,109
907,0.000000,311,689,0,311,566,0,123
908,0.000000,274,726,0,274,597,0,129
909,0.000000,313,687,0,313,554,0,133
910,0.000000,311,689,0,311,572,0,117
911,0.000000,318,682,6,312,518,15,149
912,0.000000,351,649,0,351,513,0,136
913,0.000000,288,712,1,287,575,0,137
914,0.000000,304,696,1,303,590,0,106
915,0.000000,337,663,0,337,559,0,104
916,0.000000,294,706,40,254,412,70,224
917,0.000000,319,681,151,168,173,319,189
918,0.000000,313,687,0,313,554,1,132
919,0.000000,302,698,0,302,587,0,111
920,0.000000,290,710,22,268,419,67,224
921,0.000000,338,662,133,205,207,261,194
922,0.000000,293,707,0,293,599,1,107
923,0.000000,330,670,40,290,401,54,215
924,0.000000,302,698,39,263,421,55,222
925,0.000000,292,708,138,154,209,309,190
926,0.000000,293,707,0,293,575,1,131
927,0.000000,316,684,0,316,564,0,120
928,0.000000,325,675,47,278,337,80,258
929,0.000000,332,668,195,137,154,348,166
930,0.000000,290,710,0,290,585,1,124
931,0.000000,307,693,0,307,599,0,94
932,0.000000,296,704,0,296,588,0,116
933,0.000000,303,697,0,303,581,0,116
934,0.000000,306,694,0,306,567,0,127
935,0.000000,304,696,0,304,582,0,114
936,0.000000,308,692,0,308,582,0,110
937,0.000000,321,679,0,321,553,0,126
938,0.000000,318,682,0,318,564,0,118
939,0.000000,282,718,0,282,606,0,112
940,0.000000,307,693,0,307,569,0,124
941,0.000000,322,678,0,322,558,0,120
942,0.000000,329,671,0,329,558,0,113
943,0.000000,314,686,37,277,384,51,251
944,0.000000,320,680,142,178,189,301,190
945,0.000000,328,672,0,328,559,1,112
946,0.000000,305,695,0,305,591,0,104
947,0.000000,316,684,0,316,588,0,96
948,0.000000,295,705,38,257,390,66,249
949,0.000000,320,680,0,320,554,1,125
950,0.000000,296,704,0,296,579,0,125
951,0.000000,318,682,0,318,582,0,100
952,0.000000,319,681,0,319,563,0,118
953,0.000000,308,692,0,308,600,0,92
954,0.000000,309,691,0,309,577,0,114
955,0.000000,316,684,0,316,579,0,105
956,0.000000,319,681,0,319,555,0,126
957,0.000000,316,684,28,288,402,62,220
958,0.000000,325,675,0,325,569,2,104
959,0.000000,325,675,0,325,565,0,110
960,0.000000,292,708,0,292,588,0,120
961,0.000000,313,687,0,313,568,0,119
962,0.000000,283,717,0,283,592,0,125
963,0.000000,326,674,0,326,569,0,105
964,0.000000,309,691,0,309,568,0,123
965,0.000000,330,670,0,330,557,0,113
966,0.000000,348,652,0,348,526,0,126
967,0.000000,309,691,0,309,566,0,125
968,0.000000,327,673,0,327,555,0,118
969,0.000000,341,659,0,341,538,0,121
970,0.000000,307,693,0,307,589,0,104
971,0.000000,299,701,0,299,584,0,117
972,0.000000,322,678,0,322,557,0,121
973,0.000000,293,707,1,292,583,2,122
974,0.000000,308,692,64,244,304,117,271
975,0.000000,319,681,214,105,112,446,123
976,0.000000,304,696,0,304,580,1,115
977,0.000000,295,705,0,295,582,0,123
978,0.000000,312,688,0,312,575,0,113
979,0.000000,295,705,9,286,515,26,164
980,0.000000,327,673,0,327,554,0,119
981,0.000000,314,686,0,314,573,0,113
982,0.000000,329,671,0,329,557,0,114
983,0.000000,326,674,0,326,555,0,119
984,0.000000,307,693,0,307,572,0,121
985,0.000000,317,683,1,316,568,0,115
986,0.000000,327,673,42,285,372,76,225
987,0.000000,293,707,163,130,171,360,176
988,0.000000,334,666,37,297,385,62,219
989,0.000000,339,661,139,200,183,276,202
990,0.000000,300,700,46,254,391,86,223
991,0.000000,308,692,151,157,160,361,171
992,0.000000,326,674,0,326,555,1,118
993,0.000000,308,692,0,308,581,0,111
994,0.000000,310,690,0,310,570,0,120
995,0.000000,298,702,0,298,591,0,111
996,0.000000,296,704,3,293,558,9,137
997,0.000000,315,685,75,240,285,128,272
998,0.000000,330,670,231,99,98,492,80
999,0.000000,334,666,1,333,549,1,116
1000,0.000000,320,680,0,320,563,0,117
1001,0.000000,306,694,42,264,435,55,204
1002,0.000000,298,702,126,172,210,275,217
1003,0.000000,305,695,0,305,573,1,121
1004,0.000000,311,689,0,311,568,0,121
1005,0.000000,319,681,17,302,473,41,167
1006,0.000000,330,670,0,330,552,0,118
1007,0.000000,322,678,0,322,570,0,108
1008,0.000000,279,721,0,279,602,0,119
1009,0.000000,333,667,0,333,544,0,123
1010,0.000000,293,707,0,293,585,0,122
1011,0.000000,309,691,34,275,408,51,232
1012,0.000000,323,677,0,323,560,0,117
1013,0.000000,314,686,49,265,342,82,262
1014,0.000000,293,707,160,133,159,385,163
1015,0.000000,327,673,1,326,552,1,120
1016,0.000000,298,702,0,298,600,0,102
1017,0.000000,292,708,23,269,421,75,212
1018,0.000000,275,725,1,274,611,0,114
1019,0.000000,307,693,0,307,578,0,115
1020,0.000000,307,693,0,307,566,0,127
1021,0.000000,273,727,0,273,621,0,106
1022,0.000000,304,696,0,304,589,0,107
1023,0.000000,297,703,35,262,428,61,214
1024,0.000000,332,668,24,308,475,31,162
1025,0.000000,270,730,13,257,550,19,161
1026,0.000000,309,691,0,309,582,0,109
1027,0.000000,274,726,0,274,628,0,98
1028,0.000000,286,714,0,286,572,0,142
1029,0.000000,319,681,43,276,367,78,236
1030,0.000000,315,685,0,315,579,0,106
1031,0.000000,307,693,18,289,473,29,191
1032,0.000000,321,679,81,240,263,180,236
1033,0.000000,307,693,0,307,585,1,107
1034,0.000000,288,712,0,288,594,0,118
1035,0.000000,302,698,5,297,535,20,143
1036,0.000000,294,706,68,226,299,137,270
1037,0.000000,299,701,223,76,59,554,88
1038,0.000000,312,688,1,311,577,1,110
1039,0.000000,293,707,0,293,590,0,117
1040,0.000000,295,705,0,295,589,0,116
1041,0.000000,321,679,59,262,307,101,271
1042,0.000000,309,691,187,122,155,405,131
1043,0.000000,337,663,0,337,544,1,118
1044,0.000000,330,670,0,330,552,0,118
1045,0.000000,290,710,36,254,359,84,267
1046,0.000000,287,713,155,132,156,386,171
1047,0.000000,308,692,0,308,581,1,110
1048,0.000000,281,719,0,281,613,0,106
1049,0.000000,282,718,28,254,370,98,250
1050,0.000000,335,665,195,140,148,358,159
1051,0.000000,313,687,26,287,472,30,185
1052,0.000000,319,681,95,224,244,164,273
1053,0.000000,289,711,5,284,559,15,137
1054,0.000000,305,695,61,244,268,130,297
1055,0.000000,315,685,259,56,72,533,80
1056,0.000000,321,679,17,304,494,28,157
1057,0.000000,310,690,0,310,579,1,110
1058,0.000000,294,706,0,294,595,0,111
1059,0.000000,334,666,0,334,555,0,111
1060,0.000000,306,694,0,306,581,0,113
1061,0.000000,323,677,37,286,352,80,245
1062,0.000000,299,701,0,299,581,0,120
1063,0.000000,326,674,0,326,563,0,111
1064,0.000000,290,710,0,290,602,0,108
1065,0.000000,282,718,0,282,619,0,99
1066,0.000000,302,698,0,302,578,0,120
1067,0.000000,310,690,0,310,578,0,112
1068,0.000000,322,678,0,322,565,0,113
1069,0.000000,284,716,0,284,591,0,125
1070,0.000000,326,674,0,326,571,0,103
1071,0.000000,315,685,0,315,594,0,91
1072,0.000000,303,697,1,302,559,5,133
1073,0.000000,329,671,0,329,572,1,98
1074,0.000000,303,697,0,303,584,0,113
1075,0.000000,286,714,0,286,602,0,112
1076,0.000000,318,682,4,314,558,4,120
1077,0.000000,328,672,0,328,553,0,119
1078,0.000000,301,699,0,301,575,0,124
1079,0.000000,308,692,0,308,567,0,125
1080,0.000000,322,678,0,322,557,0,121
1081,0.000000,329,671,1,328,563,0,108
1082,0.000000,303,697,67,236,296,103,298
1083,0.000000,325,675,217,108,122,434,119
1084,0.000000,323,677,25,298,473,43,161
1085,0.000000,321,679,98,223,256,174,249
1086,0.000000,316,684,0,316,571,1,112
1087,0.000000,283,717,0,283,599,0,118
1088,0.000000,303,697,0,303,581,0,116
1089,0.000000,322,678,33,289,401,64,213
1090,0.000000,316,684,0,316,573,0,111
1091,0.000000,321,679,29,292,391,66,222
1092,0.000000,335,665,0,335,554,0,111
1093,0.000000,316,684,27,289,425,45,214
1094,0.000000,304,696,3,301,584,1,111
1095,0.000000,307,693,0,307,583,0,110
1096,0.000000,322,678,0,322,553,0,125
1097,0.000000,279,721,0,279,592,0,129
1098,0.000000,305,695,0,305,582,0,113
1099,0.000000,317,683,12,305,507,20,156
1100,0.000000,325,675,1,324,556,0,119
1101,0.000000,309,691,0,309,584,0,107
1102,0.000000,322,678,0,322,558,0,120
1103,0.000000,312,688,20,292,451,34,203
1104,0.000000,320,680,0,320,580,0,100
1105,0.000000,327,673,0,327,569,0,104
1106,0.000000,315,685,0,315,564,0,121
1107,0.000000,328,672,0,328,546,0,126
1108,0.000000,301,699,0,301,568,0,131
1109,0.000000,342,658,0,342,553,0,105
1110,0.000000,304,696,32,272,427,67,202
1111,0.000000,340,660,146,194,176,279,205
1112,0.000000,334,666,3,331,545,1,120
1113,0.000000,314,686,0,314,545,0,141
1114,0.000000,308,692,0,308,569,0,123
1115,0.000000,283,717,0,283,624,0,93
1116,0.000000,337,663,0,337,547,0,116
1117,0.000000,332,668,54,278,363,76,229
1118,0.000000,311,689,157,154,184,351,154
1119,0.000000,296,704,0,296,587,1,116
1120,0.000000,325,675,0,325,557,0,118
1121,0.000000,290,710,0,290,597,0,113
1122,0.000000,331,669,0,331,566,0,103
1123,0.000000,303,697,0,303,584,0,113
1124,0.000000,335,665,0,335,557,0,108
1125,0.000000,322,678,0,322,567,0,111
1126,0.000000,334,666,0,334,536,0,130
1127,0.000000,294,706,0,294,590,0,116
1128,0.000000,332,668,0,332,547,0,121
1129,0.000000,323,677,23,300,475,33,169
1130,0.000000,302,698,76,226,289,151,258
1131,0.000000,325,675,0,325,561,1,113
1132,0.000000,326,674,22,304,459,45,170
1133,0.000000,318,682,0,318,559,0,123
1134,0.000000,288,712,0,288,579,0,133
1135,0.000000,300,700,0,300,590,0,110
1136,0.000000,294,706,0,294,598,0,108
1137,0.000000,323,677,19,304,485,34,158
1138,0.000000,329,671,87,242,258,170,243
1139,0.000000,308,692,0,308,567,1,124
1140,0.000000,316,684,0,316,573,0,111
1141,0.000000,332,668,0,332,547,0,121
1142,0.000000,330,670,1,329,542,0,128
1143,0.000000,316,684,63,253,315,112,257
1144,0.000000,327,673,211,116,129,422,122
1145,0.000000,321,679,0,321,571,1,107
1146,0.000000,328,672,0,328,574,0,98
1147,0.000000,285,715,0,285,607,0,108
1148,0.000000,310,690,0,310,564,0,126
1149,0.000000,302,698,33,269,391,81,226
1150,0.000000,285,715,0,285,606,0,109
1151,0.000000,321,679,0,321,560,0,119
1152,0.000000,331,669,0,331,555,0,114
1153,0.000000,324,676,0,324,536,0,140
1154,0.000000,320,680,0,320,546,0,134
1155,0.000000,297,703,0,297,586,0,117
1156,0.000000,304,696,0,304,580,0,116
1157,0.000000,326,674,0,326,543,0,131
1158,0.000000,297,703,6,291,558,6,139
1159,0.000000,279,721,7,272,552,12,157
1160,0.000000,314,686,60,254,287,124,275
1161,0.000000,286,714,231,55,72,541,101
1162,0.000000,289,711,0,289,596,1,114
1163,0.000000,320,680,10,310,510,15,155
1164,0.000000,314,686,0,314,568,0,118
1165,0.000000,281,719,0,281,613,0,106
1166,0.000000,323,677,24,299,436,43,198
1167,0.000000,317,683,35,282,407,75,201
1168,0.000000,326,674,139,187,203,285,186
1169,0.000000,302,698,0,302,589,1,108
1170,0.000000,296,704,0,296,578,0,126
1171,0.000000,301,699,0,301,578,0,121
1172,0.000000,292,708,0,292,604,0,104
1173,0.000000,295,705,0,295,581,0,124
1174,0.000000,320,680,0,320,553,0,127
1175,0.000000,337,663,0,337,557,0,106
1176,0.000000,302,698,0,302,573,0,125
1177,0.000000,311,689,0,311,590,0,99
1178,0.000000,307,693,0,307,566,0,127
1179,0.000000,321,679,52,269,372,76,231
1180,0.000000,308,692,15,293,498,23,171
1181,0.000000,316,684,88,228,265,143,276
1182,0.000000,314,686,0,314,564,1,121
1183,0.000000,327,673,0,327,546,0,127
1184,0.000000,293,707,0,293,596,0,111
1185,0.000000,294,706,0,294,572,0,134
1186,0.000000,286,714,0,286,592,0,122
1187,0.000000,338,662,0,338,538,0,124
1188,0.000000,302,698,0,302,583,0,115
1189,0.000000,294,706,0,294,574,0,132
1190,0.000000,321,679,0,321,566,0,113
1191,0.000000,296,704,0,296,579,0,125
1192,0.000000,301,699,0,301,584,0,115
1193,0.000000,324,676,0,324,549,0,127
1194,0.000000,332,668,0,332,540,0,128
1195,0.000000,307,693,0,307,573,0,120
1196,0.000000,323,677,0,323,558,0,119
1197,0.000000,301,699,0,301,595,0,104
1198,0.000000,325,675,0,325,553,0,122
1199,0.000000,302,698,9,293,545,17,136
1200,0.000000,333,667,0,333,560,0,107
1201,0.000000,329,671,0,329,554,0,117
1202,0.000000,308,692,0,308,579,0,113
1203,0.000000,318,682,0,318,566,0,116
1204,0.000000,326,674,26,300,444,46,184
1205,0.000000,325,675,0,325,574,0,101
1206,0.000000,293,707,0,293,595,0,112
1207,0.000000,303,697,0,303,599,0,98
1208,0.000000,342,658,0,342,541,0,117
1209,0.000000,313,687,0,313,566,0,121
1210,0.000000,332,668,0,332,560,0,108
1211,0.000000,306,694,10,296,509,31,154
1212,0.000000,312,688,1,311,589,1,98
1213,0.000000,301,699,0,301,571,0,128
1214,0.000000,316,684,0,316,570,0,114
1215,0.000000,303,697,0,303,588,0,109
1216,0.000000,335,665,0,335,550,0,115
1217,0.000000,300,700,0,300,594,0,106
1218,0.000000,285,715,0,285,596,0,119
1219,0.000000,323,677,0,323,560,0,117
1220,0.000000,316,684,0,316,582,0,102
1221,0.000000,316,684,0,316,566,0,118
1222,0.000000,311,689,0,311,580,0,109
1223,0.000000,313,687,0,313,560,0,127
1224,0.000000,302,698,0,302,591,0,107
1225,0.000000,312,688,0,312,574,0,114
1226,0.000000,312,688,5,307,534,7,147
1227,0.000000,322,678,1,321,562,0,116
1228,0.000000,300,700,0,300,587,0,113
1229,0.000000,311,689,7,304,517,25,147
1230,0.000000,341,659,6,335,540,1,118
1231,0.000000,333,667,0,333,562,0,105
1232,0.000000,318,682,0,318,555,0,127
1233,0.000000,341,659,0,341,538,0,121
1234,0.000000,311,689,0,311,579,0,110
1235,0.000000,292,708,0,292,590,0,118
1236,0.000000,316,684,0,316,584,0,100
1237,0.000000,294,706,0,294,604,0,102
1238,0.000000,322,678,0,322,565,0,113
1239,0.000000,324,676,0,324,561,0,115
1240,0.000000,354,646,0,354,523,0,123
1241,0.000000,330,670,0,330,558,0,112
1242,0.000000,327,673,34,293,406,52,215
1243,0.000000,298,702,125,173,178,320,204
1244,0.000000,333,667,0,333,558,1,108
1245,0.000000,295,705,10,285,566,9,130
1246,0.000000,324,676,61,263,252,117,307
1247,0.000000,319,681,244,75,91,499,91
1248,0.000000,330,670,1,329,554,1,115
1249,0.000000,319,681,0,319,566,0,115
1250,0.000000,290,710,0,290,602,0,108
1251,0.000000,301,699,0,301,578,0,121
1252,0.000000,304,696,53,251,281,120,295
1253,0.000000,320,680,207,113,125,436,119
1254,0.000000,346,654,0,346,547,1,106
1255,0.000000,328,672,0,328,548,0,124
1256,0.000000,324,676,0,324,567,0,109
1257,0.000000,300,700,12,288,512,27,161
1258,0.000000,305,695,0,305,564,0,131
1259,0.000000,308,692,0,308,565,0,127
1260,0.000000,324,676,0,324,564,0,112
1261,0.000000,327,673,2,325,542,1,130
1262,0.000000,312,688,78,234,301,125,262
1263,0.000000,304,696,207,97,113,472,111
1264,0.000000,323,677,0,323,559,1,117
1265,0.000000,299,701,0,299,586,0,115
1266,0.000000,316,684,0,316,556,0,128
1267,0.000000,294,706,0,294,589,0,117
1268,0.000000,312,688,0,312,554,0,134
1269,0.000000,324,676,45,279,345,90,241
1270,0.000000,332,668,173,159,147,341,180
1271,0.000000,305,695,0,305,599,1,95
1272,0.000000,308,692,0,308,582,0,110
1273,0.000000,332,668,22,310,451,34,183
1274,0.000000,336,664,40,296,389,60,215
1275,0.000000,336,664,0,336,545,1,118
1276,0.000000,301,699,0,301,587,0,112
1277,0.000000,311,689,0,311,578,0,111
1278,0.000000,340,660,0,340,547,0,113
1279,0.000000,308,692,21,287,511,24,157
1280,0.000000,292,708,67,225,317,133,258
1281,0.000000,302,698,0,302,584,1,113
1282,0.000000,313,687,0,313,585,0,102
1283,0.000000,312,688,0,312,567,0,121
1284,0.000000,339,661,20,319,451,27,183
1285,0.000000,332,668,0,332,543,0,125
1286,0.000000,299,701,0,299,582,0,119
1287,0.000000,298,702,0,298,563,0,139
1288,0.000000,299,701,0,299,574,0,127
1289,0.000000,325,675,0,325,572,0,103
1290,0.000000,282,718,0,282,611,0,107
1291,0.000000,314,686,0,314,564,0,122
1292,0.000000,314,686,0,314,568,0,118
1293,0.000000,310,690,14,296,485,31,174
1294,0.000000,332,668,0,332,552,0,116
1295,0.000000,322,678,0,322,562,0,116
1296,0.000000,339,661,0,339,543,0,118
1297,0.000000,330,670,0,330,553,0,117
1298,0.000000,334,666,27,307,418,39,209
1299,0.000000,342,658,0,342,556,0,102
1300,0.000000,298,702,29,269,461,51,190
1301,0.000000,296,704,1,295,607,1,96
1302,0.000000,308,692,0,308,571,0,121
1303,0.000000,324,676,0,324,553,0,123
1304,0.000000,346,654,4,342,511,9,134
1305,0.000000,349,651,42,307,380,60,211
1306,0.000000,338,662,154,184,194,270,198
1307,0.000000,308,692,3,305,570,1,121
1308,0.000000,301,699,0,301,584,0,115
1309,0.000000,329,671,0,329,560,0,111
1310,0.000000,332,668,0,332,549,0,119
1311,0.000000,313,687,0,313,571,0,116
1312,0.000000,314,686,15,299,478,24,184
1313,0.000000,321,679,30,291,422,53,204
1314,0.000000,304,696,0,304,573,1,122
1315,0.000000,311,689,0,311,574,0,115
1316,0.000000,299,701,0,299,584,0,117
1317,0.000000,316,684,0,316,578,0,106
1318,0.000000,284,716,0,284,589,0,127
1319,0.000000,321,679,0,321,570,0,109
1320,0.000000,321,679,0,321,567,0,112
1321,0.000000,315,685,43,272,417,56,212
1322,0.000000,316,684,3,313,585,1,98
1323,0.000000,315,685,1,314,579,0,106
1324,0.000000,329,671,0,329,556,0,115
1325,0.000000,279,721,0,279,609,0,112
1326,0.000000,312,688,7,305,546,6,136
1327,0.000000,293,707,54,239,282,108,317
1328,0.000000,321,679,217,104,104,490,85
1329,0.000000,301,699,26,275,465,47,187
1330,0.000000,309,691,94,215,250,205,236
1331,0.000000,318,682,34,284,435,70,177
1332,0.000000,332,668,138,194,207,265,196
1333,0.000000,287,713,1,286,602,1,110
1334,0.000000,306,694,0,306,572,0,122
1335,0.000000,304,696,0,304,585,0,111
1336,0.000000,300,700,0,300,574,0,126
1337,0.000000,304,696,0,304,573,0,123
1338,0.000000,337,663,0,337,559,0,104
1339,0.000000,305,695,0,305,595,0,100
1340,0.000000,291,709,0,291,582,0,127
1341,0.000000,317,683,13,304,523,13,147
1342,0.000000,310,690,57,253,303,119,268
1343,0.000000,292,708,235,57,80,562,66
1344,0.000000,329,671,0,329,548,1,122
1345,0.000000,334,666,28,306,384,66,216
1346,0.000000,317,683,134,183,194,291,198
1347,0.000000,312,688,2,310,578,1,109
1348,0.000000,299,701,0,299,586,0,115
1349,0.000000,305,695,50,255,382,76,237
1350,0.000000,306,694,152,154,179,346,169
1351,0.000000,282,718,42,240,368,92,258
1352,0.000000,329,671,34,295,424,56,191
1353,0.000000,312,688,120,192,233,252,203
1354,0.000000,308,692,0,308,582,1,109
1355,0.000000,313,687,0,313,577,0,110
1356,0.000000,300,700,47,253,356,78,266
1357,0.000000,330,670,0,330,552,0,118
1358,0.000000,310,690,0,310,584,0,106
1359,0.000000,329,671,35,294,402,65,204
1360,0.000000,323,677,0,323,565,0,112
1361,0.000000,304,696,0,304,557,0,139
1362,0.000000,306,694,0,306,588,0,106
1363,0.000000,305,695,0,305,562,0,133
1364,0.000000,330,670,0,330,565,0,105
1365,0.000000,291,709,0,291,589,0,120
1366,0.000000,320,680,0,320,565,0,115
1367,0.000000,282,718,0,282,612,0,106
1368,0.000000,306,694,0,306,585,0,109
1369,0.000000,306,694,25,281,442,51,201
1370,0.000000,317,683,24,293,469,26,188
1371,0.000000,289,711,0,289,582,0,129
1372,0.000000,309,691,0,309,566,0,125
1373,0.000000,304,696,0,304,589,0,107
1374,0.000000,305,695,0,305,571,0,124
1375,0.000000,298,702,0,298,574,0,128
1376,0.000000,317,683,0,317,568,0,115
1377,0.000000,302,698,0,302,588,0,110
1378,0.000000,304,696,0,304,590,0,106
1379,0.000000,322,678,12,310,500,27,151
1380,0.000000,312,688,66,246,271,130,287
1381,0.000000,336,664,10,326,475,25,164
1382,0.000000,309,691,69,240,281,133,277
1383,0.000000,306,694,0,306,569,1,124
1384,0.000000,295,705,0,295,583,0,122
1385,0.000000,333,667,11,322,510,9,148
1386,0.000000,302,698,0,302,580,1,117
1387,0.000000,302,698,0,302,583,0,115
1388,0.000000,318,682,4,314,520,6,156
1389,0.000000,305,695,0,305,578,1,116
1390,0.000000,314,686,0,314,567,0,119
1391,0.000000,315,685,0,315,569,0,116
1392,0.000000,318,682,0,318,562,0,120
1393,0.000000,316,684,0,316,545,0,139
1394,0.000000,317,683,0,317,565,0,118
1395,0.000000,315,685,49,266,355,89,241
1396,0.000000,312,688,178,134,157,381,150
1397,0.000000,304,696,0,304,582,1,113
1398,0.000000,310,690,0,310,585,0,105
1399,0.000000,317,683,21,296,451,42,190
1400,0.000000,341,659,34,307,427,50,182
1401,0.000000,311,689,0,311,562,0,127
1402,0.000000,345,655,0,345,550,0,105
1403,0.000000,335,665,0,335,553,0,112
1404,0.000000,299,701,0,299,585,0,116
1405,0.000000,313,687,0,313,570,0,117
1406,0.000000,321,679,0,321,572,0,107
1407,0.000000,304,696,0,304,591,0,105
1408,0.000000,304,696,33,271,404,75,217
1409,0.000000,333,667,0,333,551,1,115
1410,0.000000,334,666,45,289,388,44,234
1411,0.000000,324,676,143,181,196,279,201
1412,0.000000,293,707,0,293,599,1,107
1413,0.000000,310,690,0,310,560,0,130
1414,0.000000,311,689,0,311,575,0,114
1415,0.000000,313,687,0,313,560,0,127
1416,0.000000,336,664,0,336,552,0,112
1417,0.000000,329,671,0,329,565,0,106
1418,0.000000,293,707,0,293,581,0,126
1419,0.000000,280,720,0,280,626,0,94
1420,0.000000,296,704,0,296,602,0,102
1421,0.000000,302,698,0,302,581,0,117
1422,0.000000,318,682,50,268,310,113,259
1423,0.000000,301,699,175,126,126,450,123
1424,0.000000,326,674,2,324,560,1,113
1425,0.000000,309,691,0,309,570,0,121
1426,0.000000,324,676,0,324,567,0,109
1427,0.000000,333,667,0,333,556,0,111
1428,0.000000,320,680,0,320,569,0,111
1429,0.000000,300,700,0,300,576,0,124
1430,0.000000,313,687,0,313,579,0,108
1431,0.000000,296,704,0,296,590,0,114
1432,0.000000,306,694,0,306,575,0,119
1433,0.000000,319,681,0,319,557,0,124
1434,0.000000,320,680,0,320,570,0,110
1435,0.000000,318,682,42,276,402,61,219
1436,0.000000,316,684,135,181,213,250,221
1437,0.000000,306,694,4,302,575,6,113
1438,0.000000,314,686,73,241,257,131,298
1439,0.000000,296,704,211,85,117,489,98
1440,0.000000,332,668,1,331,566,1,101
1441,0.000000,334,666,0,334,555,0,111
1442,0.000000,314,686,0,314,559,0,127
1443,0.000000,337,663,0,337,561,0,102
1444,0.000000,341,659,0,341,528,0,131
1445,0.000000,334,666,43,291,376,67,223
1446,0.000000,282,718,121,161,231,294,193
1447,0.000000,321,679,24,297,448,34,197
1448,0.000000,324,676,97,227,236,185,255
1449,0.000000,303,697,0,303,584,1,112
1450,0.000000,319,681,0,319,558,0,123
1451,0.000000,342,658,0,342,548,0,110
1452,0.000000,310,690,0,310,573,0,117
1453,0.000000,301,699,0,301,593,0,106
1454,0.000000,306,694,0,306,584,0,110
1455,0.000000,338,662,0,338,557,0,105
1456,0.000000,317,683,0,317,568,0,115
1457,0.000000,330,670,0,330,570,0,100
1458,0.000000,270,730,0,270,598,0,132
1459,0.000000,318,682,0,318,563,0,119
1460,0.000000,299,701,0,299,585,0,116
1461,0.000000,303,697,11,292,511,11,175
1462,0.000000,313,687,84,229,316,127,244
1463,0.000000,308,692,256,52,83,542,67
1464,0.000000,321,679,0,321,554,1,124
1465,0.000000,304,696,0,304,583,0,113
1466,0.000000,315,685,27,288,465,38,182
1467,0.000000,320,680,0,320,563,0,117
1468,0.000000,314,686,0,314,560,0,126
1469,0.000000,309,691,0,309,576,0,115
1470,0.000000,319,681,0,319,562,0,119
1471,0.000000,320,680,0,320,581,0,99
1472,0.000000,310,690,0,310,581,0,109
1473,0.000000,319,681,0,319,556,0,125
1474,0.000000,313,687,0,313,564,0,123
1475,0.000000,302,698,0,302,583,0,115
1476,0.000000,311,689,47,264,358,85,246
1477,0.000000,317,683,151,166,181,332,170
1478,0.000000,300,700,0,300,584,1,115
1479,0.000000,317,683,0,317,561,0,122
1480,0.000000,325,675,0,325,552,0,123
1481,0.000000,292,708,38,254,408,73,227
1482,0.000000,294,706,0,294,591,1,114
1483,0.000000,285,715,0,285,605,0,110
1484,0.000000,315,685,0,315,572,0,113
1485,0.000000,308,692,0,308,571,0,121
1486,0.000000,304,696,0,304,588,0,108
1487,0.000000,321,679,0,321,556,0,123
1488,0.000000,303,697,0,303,582,0,115
1489,0.000000,312,688,0,312,579,0,109
1490,0.000000,312,688,0,312,566,0,122
1491,0.000000,305,695,20,285,505,19,171
1492,0.000000,321,679,77,244,267,132,280
1493,0.000000,295,705,0,295,598,1,106
1494,0.000000,320,680,0,320,568,0,112
1495,0.000000,300,700,0,300,589,0,111
1496,0.000000,292,708,0,292,576,0,132
1497,0.000000,303,697,0,303,585,0,112
1498,0.000000,344,656,0,344,548,0,108
1499,0.000000,288,712,0,288,579,0,133
1500,0.000000,332,668,0,332,562,0,106
1501,0.000000,332,668,0,332,560,0,108
1502,0.000000,298,702,0,298,595,0,107
1503,0.000000,313,687,0,313,564,0,123
1504,0.000000,334,666,0,334,559,0,107
1505,0.000000,320,680,0,320,572,0,108
1506,0.000000,310,690,0,310,568,0,122
1507,0.000000,294,706,0,294,598,0,108
1508,0.000000,331,669,0,331,556,0,113
1509,0.000000,325,675,0,325,568,0,107
1510,0.000000,312,688,0,312,562,0,126
1511,0.000000,311,689,0,311,589,0,100
1512,0.000000,317,683,0,317,558,0,125
1513,0.000000,314,686,0,314,571,0,115
1514,0.000000,328,672,5,323,523,11,138
1515,0.000000,314,686,1,313,580,1,105
1516,0.000000,295,705,0,295,596,0,109
1517,0.000000,301,699,0,301,576,0,123
1518,0.000000,316,684,0,316,558,0,126
1519,0.000000,329,671,0,329,556,0,115
1520,0.000000,315,685,0,315,553,0,132
1521,0.000000,339,661,7,332,506,15,140
1522,0.000000,310,690,72,238,296,134,260
1523,0.000000,299,701,231,68,76,543,82
1524,0.000000,341,659,1,340,558,1,100
1525,0.000000,344,656,0,344,529,0,127
1526,0.000000,321,679,0,321,562,0,117
1527,0.000000,333,667,0,333,545,0,122
1528,0.000000,316,684,4,312,542,8,134
1529,0.000000,297,703,64,233,308,119,276
1530,0.000000,313,687,218,95,122,463,102
1531,0.000000,322,678,2,320,557,1,120
1532,0.000000,320,680,0,320,570,0,110
1533,0.000000,333,667,0,333,556,0,111
1534,0.000000,314,686,0,314,563,0,123
1535,0.000000,322,678,0,322,542,0,136
1536,0.000000,309,691,0,309,582,0,109
1537,0.000000,295,705,0,295,578,0,127
1538,0.000000,292,708,0,292,602,0,106
1539,0.000000,286,714,0,286,602,0,112
1540,0.000000,291,709,0,291,613,0,96
1541,0.000000,320,680,37,283,428,54,198
1542,0.000000,331,669,0,331,564,0,105
1543,0.000000,317,683,0,317,570,0,113
1544,0.000000,322,678,21,301,427,36,215
1545,0.000000,332,668,0,332,555,0,113
1546,0.000000,305,695,48,257,357,98,240
1547,0.000000,295,705,146,149,175,351,179
1548,0.000000,312,688,0,312,564,1,123
1549,0.000000,289,711,42,247,404,70,237
1550,0.000000,315,685,171,144,172,318,195
1551,0.000000,297,703,0,297,576,1,126
1552,0.000000,319,681,15,304,499,18,164
1553,0.000000,334,666,0,334,541,0,125
1554,0.000000,310,690,0,310,573,0,117
1555,0.000000,311,689,0,311,580,0,109
1556,0.000000,318,682,23,295,425,54,203
1557,0.000000,302,698,126,176,203,274,221
1558,0.000000,318,682,56,262,356,70,256
1559,0.000000,329,671,170,159,161,347,163
1560,0.000000,327,673,2,325,547,1,125
1561,0.000000,335,665,0,335,526,0,139
1562,0.000000,305,695,0,305,594,0,101
1563,0.000000,304,696,0,304,590,0,106
1564,0.000000,308,692,0,308,563,0,129
1565,0.000000,313,687,0,313,573,0,114
1566,0.000000,308,692,0,308,573,0,119
1567,0.000000,301,699,0,301,592,0,107
1568,0.000000,318,682,0,318,572,0,110
1569,0.000000,319,681,0,319,552,0,129
1570,0.000000,288,712,0,288,613,0,99
1571,0.000000,309,691,0,309,577,0,114
1572,0.000000,328,672,0,328,559,0,113
1573,0.000000,317,683,0,317,563,0,120
1574,0.000000,318,682,2,316,551,0,131
1575,0.000000,289,711,1,288,610,1,100
1576,0.000000,316,684,0,316,563,0,121
1577,0.000000,286,714,50,236,336,95,283
1578,0.000000,292,708,184,108,132,444,132
1579,0.000000,318,682,0,318,565,1,116
1580,0.000000,312,688,0,312,559,0,129
1581,0.000000,323,677,37,286,382,62,233
1582,0.000000,301,699,139,162,187,336,176
1583,0.000000,332,668,0,332,544,1,123
1584,0.000000,307,693,0,307,573,0,120
1585,0.000000,303,697,0,303,572,0,125
1586,0.000000,319,681,0,319,559,0,122
1587,0.000000,301,699,0,301,590,0,109
1588,0.000000,335,665,0,335,543,0,122
1589,0.000000,294,706,0,294,587,0,119
1590,0.000000,313,687,0,313,582,0,105
1591,0.000000,305,695,0,305,595,0,100
1592,0.000000,305,695,0,305,582,0,113
1593,0.000000,295,705,28,267,439,56,210
1594,0.000000,319,681,0,319,554,1,126
1595,0.000000,301,699,0,301,585,0,114
1596,0.000000,293,707,0,293,540,9,158
1597,0.000000,313,687,69,244,286,113,288
1598,0.000000,299,701,221,78,106,485,110
1599,0.000000,333,667,0,333,554,1,112
1600,0.000000,302,698,16,286,475,40,183
1601,0.000000,319,681,3,316,577,1,103
1602,0.000000,301,699,28,273,440,60,199
1603,0.000000,323,677,0,323,572,0,105
1604,0.000000,310,690,0,310,590,0,100
1605,0.000000,324,676,8,316,495,23,158
1606,0.000000,322,678,41,281,372,74,232
1607,0.000000,265,735,118,147,204,337,194
1608,0.000000,332,668,36,296,420,50,198
1609,0.000000,301,699,114,187,241,220,238
1610,0.000000,288,712,0,288,609,1,102
1611,0.000000,283,717,0,283,577,0,140
1612,0.000000,305,695,0,305,592,0,103
1613,0.000000,305,695,0,305,592,0,103
1614,0.000000,294,706,0,294,590,0,116
1615,0.000000,314,686,0,314,562,0,124
1616,0.000000,313,687,0,313,571,0,116
1617,0.000000,318,682,0,318,571,0,111
1618,0.000000,317,683,0,317,563,0,120
1619,0.000000,330,670,0,330,566,0,104
1620,0.000000,324,676,0,324,554,0,122
1621,0.000000,283,717,0,283,616,0,101
1622,0.000000,329,671,0,329,567,0,104
1623,0.000000,298,702,0,298,582,0,120
1624,0.000000,326,674,8,318,517,16,141
1625,0.000000,329,671,74,255,277,111,283
1626,0.000000,314,686,263,51,96,528,62
1627,0.000000,313,687,0,313,587,1,99
1628,0.000000,306,694,0,306,574,0,120
1629,0.000000,308,692,0,308,581,0,111
1630,0.000000,303,697,0,303,591,0,106
1631,0.000000,296,704,0,296,587,0,117
1632,0.000000,286,714,0,286,607,0,107
1633,0.000000,294,706,0,294,593,0,113
1634,0.000000,307,693,0,307,582,0,111
1635,0.000000,343,657,0,343,538,0,119
1636,0.000000,319,681,0,319,561,0,120
1637,0.000000,295,705,0,295,581,0,124
1638,0.000000,283,717,0,283,600,0,117
1639,0.000000,301,699,0,301,586,0,113
1640,0.000000,325,675,53,272,347,104,224
1641,0.000000,308,692,11,297,514,14,164
1642,0.000000,320,680,0,320,547,1,132
1643,0.000000,329,671,31,298,397,75,199
1644,0.000000,328,672,144,184,188,303,181
1645,0.000000,322,678,0,322,549,1,128
1646,0.000000,335,665,0,335,543,0,122
1647,0.000000,297,703,30,267,424,70,209
1648,0.000000,309,691,9,300,533,25,133
1649,0.000000,339,661,0,339,544,0,117
1650,0.000000,310,690,0,310,592,0,98
1651,0.000000,293,707,0,293,588,0,119
1652,0.000000,329,671,0,329,549,0,122
1653,0.000000,304,696,10,294,563,5,128
1654,0.000000,344,656,82,262,288,104,264
1655,0.000000,308,692,216,92,105,482,105
1656,0.000000,315,685,0,315,565,1,119
1657,0.000000,335,665,0,335,555,0,110
1658,0.000000,341,659,40,301,394,67,198
1659,0.000000,309,691,0,309,559,0,132
1660,0.000000,314,686,35,279,405,56,225
1661,0.000000,312,688,0,312,564,1,123
1662,0.000000,311,689,0,311,561,0,128
1663,0.000000,291,709,0,291,609,0,100
1664,0.000000,299,701,25,274,465,37,199
1665,0.000000,310,690,94,216,248,197,245
1666,0.000000,316,684,0,316,573,1,110
1667,0.000000,335,665,0,335,549,0,116
1668,0.000000,298,702,28,270,472,36,194
1669,0.000000,313,687,0,313,579,1,107
1670,0.000000,311,689,0,311,580,0,109
1671,0.000000,295,705,0,295,591,0,114
1672,0.000000,325,675,0,325,578,0,97
1673,0.000000,324,676,0,324,567,0,109
1674,0.000000,336,664,0,336,552,0,112
1675,0.000000,315,685,0,315,569,0,116
1676,0.000000,294,706,20,274,468,46,192
1677,0.000000,322,678,111,211,218,229,231
1678,0.000000,341,659,0,341,534,1,124
1679,0.000000,307,693,0,307,564,0,129
1680,0.000000,304,696,0,304,576,0,120
1681,0.000000,312,688,0,312,560,0,128
1682,0.000000,315,685,0,315,559,0,126
1683,0.000000,323,677,0,323,549,0,128
1684,0.000000,318,682,0,318,545,0,137
1685,0.000000,318,682,0,318,559,0,123
1686,0.000000,312,688,0,312,555,0,133
1687,0.000000,316,684,0,316,549,0,135
1688,0.000000,320,680,0,320,570,0,110
1689,0.000000,343,657,0,343,535,0,122
1690,0.000000,318,682,0,318,564,0,118
1691,0.000000,318,682,46,272,350,79,253
1692,0.000000,328,672,172,156,156,348,168
1693,0.000000,307,693,0,307,576,1,116
1694,0.000000,322,678,0,322,560,0,118
1695,0.000000,334,666,0,334,550,0,116
1696,0.000000,332,668,0,332,554,0,114
1697,0.000000,309,691,0,309,575,0,116
1698,0.000000,297,703,0,297,596,0,107
1699,0.000000,308,692,10,298,532,14,146
1700,0.000000,293,707,18,275,493,31,183
1701,0.000000,323,677,2,321,559,1,117
1702,0.000000,300,700,11,289,479,43,178
1703,0.000000,292,708,0,292,579,1,128
1704,0.000000,323,677,11,312,542,10,125
1705,0.000000,314,686,64,250,283,128,275
1706,0.000000,342,658,255,87,96,480,82
1707,0.000000,321,679,0,321,557,1,121
1708,0.000000,341,659,0,341,539,0,120
1709,0.000000,304,696,0,304,584,1,111
1710,0.000000,324,676,0,324,567,0,109
1711,0.000000,312,688,0,312,585,0,103
1712,0.000000,311,689,0,311,565,0,124
1713,0.000000,309,691,0,309,571,0,120
1714,0.000000,316,684,0,316,550,0,134
1715,0.000000,322,678,0,322,586,0,92
1716,0.000000,328,672,0,328,556,0,116
1717,0.000000,316,684,33,283,435,47,202
1718,0.000000,326,674,41,285,380,74,220
1719,0.000000,328,672,156,172,155,328,189
1720,0.000000,316,684,0,316,567,1,116
1721,0.000000,325,675,0,325,568,0,107
1722,0.000000,326,674,0,326,559,0,115
1723,0.000000,319,681,0,319,552,0,129
1724,0.000000,313,687,0,313,562,0,125
1725,0.000000,318,682,0,318,581,0,101
1726,0.000000,306,694,0,306,578,0,116
1727,0.000000,327,673,0,327,570,0,103
1728,0.000000,359,641,0,359,527,0,114
1729,0.000000,319,681,0,319,570,0,111
1730,0.000000,304,696,0,304,584,0,112
1731,0.000000,303,697,0,303,577,0,120
1732,0.000000,314,686,0,314,585,0,101
1733,0.000000,348,652,0,348,532,0,120
1734,0.000000,328,672,0,328,561,0,111
1735,0.000000,305,695,0,305,585,0,110
1736,0.000000,331,669,0,331,556,0,113
1737,0.000000,329,671,2,327,524,4,143
1738,0.000000,296,704,70,226,269,140,295
1739,0.000000,316,684,224,92,109,477,98
1740,0.000000,300,700,4,296,532,10,158
1741,0.000000,301,699,0,301,583,1,115
1742,0.000000,335,665,0,335,543,0,122
1743,0.000000,318,682,0,318,559,0,123
1744,0.000000,317,683,0,317,566,0,117
1745,0.000000,299,701,14,285,530,21,150
1746,0.000000,328,672,64,264,283,103,286
1747,0.000000,305,695,272,33,51,599,45
1748,0.000000,298,702,1,297,580,1,121
1749,0.000000,315,685,0,315,552,0,133
1750,0.000000,331,669,0,331,540,0,129
1751,0.000000,335,665,0,335,546,0,119
1752,0.000000,320,680,0,320,577,0,103
1753,0.000000,330,670,0,330,561,0,109
1754,0.000000,298,702,0,298,579,0,123
1755,0.000000,301,699,40,261,380,87,232
1756,0.000000,330,670,18,312,451,39,180
1757,0.000000,325,675,0,325,566,1,108
1758,0.000000,299,701,17,282,516,25,160
1759,0.000000,301,699,71,230,287,130,282
1760,0.000000,327,673,1,326,563,1,109
1761,0.000000,321,679,0,321,560,0,119
1762,0.000000,303,697,0,303,574,0,123
1763,0.000000,304,696,0,304,591,0,105
1764,0.000000,303,697,8,295,537,13,147
1765,0.000000,286,714,44,242,287,121,306
1766,0.000000,318,682,232,86,88,499,95
1767,0.000000,298,702,23,275,487,36,179
1768,0.000000,324,676,100,224,266,159,251
1769,0.000000,295,705,1,294,589,1,115
1770,0.000000,318,682,16,302,479,26,177
1771,0.000000,334,666,0,334,550,0,116
1772,0.000000,324,676,42,282,390,73,213
1773,0.000000,305,695,1,304,570,0,125
1774,0.000000,307,693,0,307,576,0,117
1775,0.000000,317,683,14,303,518,14,151
1776,0.000000,301,699,75,226,286,141,272
1777,0.000000,312,688,250,62,83,530,75
1778,0.000000,336,664,0,336,562,1,101
1779,0.000000,312,688,0,312,580,0,108
1780,0.000000,316,684,0,316,577,0,107
1781,0.000000,296,704,0,296,579,0,125
1782,0.000000,307,693,0,307,573,0,120
1783,0.000000,303,697,15,288,458,35,204
1784,0.000000,325,675,0,325,562,0,113
1785,0.000000,301,699,0,301,605,0,94
1786,0.000000,356,644,0,356,524,0,120
1787,0.000000,314,686,0,314,562,0,124
1788,0.000000,295,705,0,295,586,0,119
1789,0.000000,303,697,0,303,584,0,113
1790,0.000000,316,684,0,316,569,0,115
1791,0.000000,311,689,0,311,568,0,121
1792,0.000000,296,704,0,296,609,0,95
1793,0.000000,326,674,0,326,557,0,117
1794,0.000000,308,692,0,308,577,0,115
1795,0.000000,307,693,0,307,585,0,108
1796,0.000000,308,692,0,308,585,0,107
1797,0.000000,299,701,11,288,564,14,123
1798,0.000000,295,705,55,240,277,130,298
1799,0.000000,315,685,224,91,88,538,59
1800,0.000000,313,687,0,313,586,1,100
1801,0.000000,325,675,30,295,436,41,198
1802,0.000000,327,673,0,327,575,0,98
1803,0.000000,292,708,0,292,596,1,111
1804,0.000000,308,692,0,308,610,0,82
1805,0.000000,293,707,0,293,600,0,107
1806,0.000000,304,696,0,304,582,0,114
1807,0.000000,298,702,0,298,591,0,111
1808,0.000000,305,695,6,299,496,29,170
1809,0.000000,298,702,69,229,307,124,271
1810,0.000000,299,701,0,299,570,1,130
1811,0.000000,296,704,0,296,582,0,122
1812,0.000000,313,687,0,313,565,0,122
1813,0.000000,322,678,0,322,556,0,122
1814,0.000000,317,683,18,299,452,48,183
1815,0.000000,352,648,101,251,262,149,237
1816,0.000000,303,697,1,302,581,1,115
1817,0.000000,306,694,0,306,596,0,98
1818,0.000000,310,690,30,280,474,51,165
1819,0.000000,322,678,0,322,573,2,103
1820,0.000000,297,703,6,291,547,12,144
1821,0.000000,311,689,0,311,574,0,115
1822,0.000000,310,690,13,297,510,28,152
1823,0.000000,304,696,0,304,586,0,110
1824,0.000000,306,694,0,306,591,0,103
1825,0.000000,323,677,0,323,553,0,124
1826,0.000000,327,673,34,293,409,61,203
1827,0.000000,307,693,127,180,193,293,207
1828,0.000000,317,683,0,317,573,1,109
1829,0.000000,314,686,24,290,416,61,209
1830,0.000000,332,668,132,200,199,275,194
1831,0.000000,322,678,0,322,561,1,116
1832,0.000000,310,690,0,310,557,0,133
1833,0.000000,329,671,0,329,552,0,119
1834,0.000000,294,706,37,257,385,85,236
1835,0.000000,321,679,0,321,552,1,126
1836,0.000000,305,695,0,305,586,0,109
1837,0.000000,330,670,0,330,539,0,131
1838,0.000000,335,665,0,335,559,0,106
1839,0.000000,315,685,3,312,534,9,142
1840,0.000000,305,695,0,305,573,0,122
1841,0.000000,304,696,0,304,576,0,120
1842,0.000000,328,672,0,328,557,0,115
1843,0.000000,328,672,0,328,546,0,126
1844,0.000000,297,703,0,297,604,0,99
1845,0.000000,321,679,0,321,566,0,113
1846,0.000000,305,695,0,305,572,0,123
1847,0.000000,310,690,0,310,565,0,125
1848,0.000000,310,690,0,310,569,0,121
1849,0.000000,307,693,0,307,577,0,116
1850,0.000000,317,683,0,317,550,0,133
1851,0.000000,335,665,0,335,563,0,102
1852,0.000000,340,660,0,340,538,0,122
1853,0.000000,307,693,0,307,558,0,135
1854,0.000000,295,705,24,271,404,76,225
1855,0.000000,310,690,130,180,200,275,215
1856,0.000000,295,705,2,293,586,1,118
1857,0.000000,291,709,0,291,593,0,116
1858,0.000000,361,639,0,361,518,0,121
1859,0.000000,320,680,0,320,573,0,107
1860,0.000000,308,692,9,299,521,21,150
1861,0.000000,309,691,0,309,597,1,93
1862,0.000000,342,658,0,342,554,0,104
1863,0.000000,323,677,0,323,558,0,119
1864,0.000000,292,708,0,292,601,0,107
1865,0.000000,324,676,0,324,564,0,112
1866,0.000000,325,675,0,325,551,0,124
1867,0.000000,291,709,0,291,611,0,98
1868,0.000000,301,699,0,301,578,0,121
1869,0.000000,330,670,0,330,543,0,127
1870,0.000000,322,678,0,322,564,0,114
1871,0.000000,311,689,0,311,573,0,116
1872,0.000000,340,660,0,340,553,0,107
1873,0.000000,295,705,0,295,581,0,124
1874,0.000000,320,680,0,320,560,0,120
1875,0.000000,328,672,0,328,557,0,115
1876,0.000000,303,697,0,303,588,0,109
1877,0.000000,298,702,0,298,580,0,122
1878,0.000000,317,683,0,317,560,0,123
1879,0.000000,325,675,0,325,553,0,122
1880,0.000000,325,675,0,325,544,0,131
1881,0.000000,300,700,0,300,591,0,109
1882,0.000000,272,728,0,272,613,0,115
1883,0.000000,313,687,38,275,348,89,250
1884,0.000000,321,679,32,289,422,43,214
1885,0.000000,293,707,103,190,222,228,257
1886,0.000000,334,666,17,317,459,35,172
1887,0.000000,322,678,0,322,577,0,101
1888,0.000000,308,692,19,289,495,32,165
1889,0.000000,311,689,0,311,564,1,124
1890,0.000000,334,666,62,272,300,103,263
1891,0.000000,328,672,201,127,120,429,123
1892,0.000000,323,677,2,321,559,1,117
1893,0.000000,293,707,0,293,590,0,117
1894,0.000000,326,674,0,326,554,0,120
1895,0.000000,322,678,0,322,551,0,127
1896,0.000000,299,701,0,299,588,0,113
1897,0.000000,309,691,0,309,566,3,122
1898,0.000000,317,683,68,249,276,113,294
1899,0.000000,305,695,201,104,131,447,117
1900,0.000000,309,691,2,307,578,1,112
1901,0.000000,310,690,2,308,551,1,138
1902,0.000000,320,680,64,256,292,108,280
1903,0.000000,336,664,227,109,110,440,114
1904,0.000000,313,687,2,311,567,1,119
1905,0.000000,303,697,0,303,585,0,112
1906,0.000000,328,672,0,328,567,0,105
1907,0.000000,315,685,0,315,595,0,90
1908,0.000000,318,682,0,318,566,0,116
1909,0.000000,305,695,0,305,572,0,123
1910,0.000000,352,648,0,352,536,0,112
1911,0.000000,317,683,0,317,558,0,125
1912,0.000000,328,672,0,328,550,0,122
1913,0.000000,316,684,0,316,582,0,102
1914,0.000000,315,685,26,289,449,43,193
1915,0.000000,309,691,0,309,565,0,126
1916,0.000000,301,699,0,301,590,0,109
1917,0.000000,287,713,0,287,597,0,116
1918,0.000000,306,694,43,263,358,79,257
1919,0.000000,307,693,153,154,162,350,181
1920,0.000000,294,706,0,294,573,1,132
1921,0.000000,307,693,0,307,581,0,112
1922,0.000000,307,693,0,307,582,0,111
1923,0.000000,315,685,0,315,575,0,110
1924,0.000000,315,685,0,315,583,0,102
1925,0.000000,301,699,0,301,590,0,109
1926,0.000000,327,673,0,327,559,0,114
1927,0.000000,308,692,0,308,591,0,101
1928,0.000000,314,686,0,314,561,0,125
1929,0.000000,329,671,20,309,461,33,177
1930,0.000000,323,677,88,235,260,153,264
1931,0.000000,305,695,1,304,595,1,99
1932,0.000000,299,701,0,299,576,0,125
1933,0.000000,319,681,0,319,575,0,106
1934,0.000000,288,712,0,288,590,0,122
1935,0.000000,315,685,0,315,567,0,118
1936,0.000000,334,666,0,334,561,0,105
1937,0.000000,363,637,0,363,513,0,124
1938,0.000000,336,664,0,336,548,0,116
1939,0.000000,325,675,0,325,560,0,115
1940,0.000000,324,676,26,298,471,29,176
1941,0.000000,305,695,79,226,282,154,259
1942,0.000000,332,668,0,332,563,1,104
1943,0.000000,312,688,0,312,585,0,103
1944,0.000000,348,652,0,348,536,0,116
1945,0.000000,312,688,0,312,575,0,113
1946,0.000000,328,672,0,328,555,0,117
1947,0.000000,323,677,0,323,557,0,120
1948,0.000000,334,666,0,334,551,0,115
1949,0.000000,305,695,0,305,580,0,115
1950,0.000000,313,687,0,313,580,0,107
1951,0.000000,322,678,0,322,565,0,113
1952,0.000000,315,685,0,315,576,0,109
1953,0.000000,306,694,0,306,579,0,115
1954,0.000000,317,683,22,295,422,66,195
1955,0.000000,313,687,0,313,569,1,117
1956,0.000000,292,708,0,292,579,0,129
1957,0.000000,312,688,0,312,570,0,118
1958,0.000000,333,667,0,333,555,0,112
1959,0.000000,306,694,0,306,584,0,110
1960,0.000000,326,674,11,315,508,9,157
1961,0.000000,296,704,43,253,349,89,266
1962,0.000000,290,710,158,132,163,376,171
1963,0.000000,326,674,0,326,566,1,107
1964,0.000000,302,698,0,302,590,0,108
1965,0.000000,337,663,0,337,556,0,107
1966,0.000000,317,683,0,317,577,0,106
1967,0.000000,331,669,38,293,362,77,230
1968,0.000000,310,690,27,283,471,46,173
1969,0.000000,317,683,0,317,562,0,121
1970,0.000000,327,673,0,327,555,0,118
1971,0.000000,308,692,0,308,581,0,111
1972,0.000000,305,695,0,305,590,0,105
1973,0.000000,315,685,0,315,559,0,126
1974,0.000000,329,671,48,281,333,97,241
1975,0.000000,326,674,182,144,161,389,124
1976,0.000000,312,688,24,288,480,41,167
1977,0.000000,305,695,0,305,573,0,122
1978,0.000000,324,676,0,324,566,0,110
1979,0.000000,281,719,36,245,386,76,257
1980,0.000000,312,688,157,155,162,341,185
1981,0.000000,323,677,0,323,573,1,103
1982,0.000000,321,679,0,321,558,0,121
1983,0.000000,308,692,13,295,469,37,186
1984,0.000000,319,681,0,319,583,0,98
1985,0.000000,290,710,0,290,603,0,107
1986,0.000000,319,681,0,319,562,0,119
1987,0.000000,332,668,0,332,559,0,109
1988,0.000000,320,680,0,320,565,0,115
1989,0.000000,318,682,0,318,559,0,123
1990,0.000000,295,705,0,295,600,0,105
1991,0.000000,319,681,0,319,572,0,109
1992,0.000000,297,703,0,297,575,0,128
1993,0.000000,309,691,0,309,585,0,106
1994,0.000000,308,692,0,308,592,0,100
1995,0.000000,328,672,0,328,560,0,112
1996,0.000000,309,691,0,309,569,0,122
1997,0.000000,333,667,0,333,550,0,117
1998,0.000000,320,680,40,280,440,48,192
1999,0.000000,329,671,119,210,217,239,215
2000,0.000000,315,685,0,315,576,1,108
2001,0.000000,316,684,7,309,519,7,158
2002,0.000000,326,674,80,246,293,121,260
2003,0.000000,318,682,247,71,78,516,88
2004,0.000000,324,676,0,324,559,1,116
2005,0.000000,326,674,0,326,560,0,114
2006,0.000000,305,695,0,305,576,0,119
2007,0.000000,324,676,0,324,548,0,128
2008,0.000000,324,676,10,314,510,12,154
2009,0.000000,339,661,65,274,252,109,300
2010,0.000000,320,680,260,60,67,550,63
2011,0.000000,306,694,0,306,583,1,110
2012,0.000000,285,715,0,285,607,0,108
2013,0.000000,318,682,0,318,550,0,132
2014,0.000000,333,667,0,333,558,0,109
2015,0.000000,271,729,0,271,604,0,125
2016,0.000000,315,685,0,315,575,0,110
2017,0.000000,332,668,0,332,560,0,108
2018,0.000000,315,685,0,315,569,0,116
2019,0.000000,332,668,0,332,553,0,115
2020,0.000000,320,680,0,320,552,0,128
2021,0.000000,307,693,0,307,586,0,107
2022,0.000000,294,706,0,294,578,0,128
2023,0.000000,308,692,0,308,564,0,128
2024,0.000000,316,684,0,316,565,0,119
2025,0.000000,339,661,0,339,540,0,121
2026,0.000000,294,706,0,294,580,0,126
2027,0.000000,315,685,0,315,553,0,132
2028,0.000000,309,691,0,309,562,0,129
2029,0.000000,315,685,0,315,581,0,104
2030,0.000000,293,707,13,280,533,24,150
2031,0.000000,303,697,0,303,571,0,126
2032,0.000000,301,699,0,301,574,0,125
2033,0.000000,302,698,0,302,577,0,121
2034,0.000000,325,675,0,325,578,0,97
2035,0.000000,306,694,0,306,566,2,126
2036,0.000000,317,683,0,317,566,1,116
2037,0.000000,329,671,0,329,557,0,114
2038,0.000000,322,678,0,322,563,0,115
2039,0.000000,328,672,0,328,561,0,111
2040,0.000000,288,712,15,273,484,46,182
2041,0.000000,292,708,0,292,595,0,113
2042,0.000000,309,691,16,293,506,20,165
2043,0.000000,324,676,1,323,544,0,132
2044,0.000000,304,696,0,304,582,0,114
2045,0.000000,338,662,0,338,562,0,100
2046,0.000000,324,676,0,324,563,0,113
2047,0.000000,306,694,0,306,586,0,108
2048,0.000000,302,698,41,261,430,60,208
2049,0.000000,306,694,0,306,569,0,125
2050,0.000000,293,707,0,293,593,0,114
2051,0.000000,306,694,0,306,596,0,98
2052,0.000000,296,704,47,249,395,63,246
2053,0.000000,310,690,0,310,583,0,107
2054,0.000000,331,669,0,331,564,0,105
2055,0.000000,325,675,0,325,558,0,117
2056,0.000000,326,674,0,326,563,0,111
2057,0.000000,302,698,0,302,592,0,106
2058,0.000000,293,707,0,293,586,0,121
2059,0.000000,319,681,0,319,564,0,117
2060,0.000000,295,705,0,295,578,0,127
2061,0.000000,310,690,36,274,378,74,238
2062,0.000000,345,655,168,177,188,280,187
2063,0.000000,314,686,0,314,580,1,105
2064,0.000000,315,685,0,315,575,0,110
2065,0.000000,310,690,0,310,574,0,116
2066,0.000000,316,684,0,316,566,0,118
2067,0.000000,293,707,0,293,600,0,107
2068,0.000000,333,667,0,333,555,0,112
2069,0.000000,327,673,51,276,347,72,254
2070,0.000000,309,691,0,309,579,1,111
2071,0.000000,322,678,0,322,551,0,127
2072,0.000000,327,673,0,327,550,0,123
2073,0.000000,294,706,17,277,487,30,189
2074,0.000000,307,693,90,217,255,167,271
2075,0.000000,315,685,21,294,467,46,172
2076,0.000000,342,658,0,342,543,0,115
2077,0.000000,310,690,49,261,375,87,228
2078,0.000000,301,699,153,148,178,345,176
2079,0.000000,294,706,0,294,579,1,126
2080,0.000000,311,689,38,273,379,73,237
2081,0.000000,322,678,0,322,565,0,113
2082,0.000000,353,647,0,353,545,0,102
2083,0.000000,327,673,0,327,553,1,119
2084,0.000000,302,698,23,279,458,49,191
2085,0.000000,294,706,107,187,261,217,228
2086,0.000000,319,681,0,319,569,1,111
2087,0.000000,341,659,0,341,535,0,124
2088,0.000000,300,700,15,285,503,37,160
2089,0.000000,346,654,56,290,321,87,246
2090,0.000000,308,692,0,308,581,0,111
2091,0.000000,319,681,18,301,518,17,146
2092,0.000000,288,712,0,288,602,0,110
2093,0.000000,292,708,0,292,577,0,131
2094,0.000000,296,704,0,296,586,0,118
2095,0.000000,311,689,0,311,578,0,111
2096,0.000000,308,692,42,266,403,67,222
2097,0.000000,315,685,1,314,575,0,110
2098,0.000000,312,688,0,312,573,0,115
2099,0.000000,296,704,0,296,570,0,134
2100,0.000000,311,689,0,311,572,0,117
2101,0.000000,317,683,0,317,585,0,98
2102,0.000000,311,689,0,311,564,0,125
2103,0.000000,311,689,0,311,572,0,117
2104,0.000000,299,701,0,299,574,0,127
2105,0.000000,331,669,0,331,544,0,125
2106,0.000000,315,685,0,315,574,0,111
2107,0.000000,320,680,0,320,575,0,105
2108,0.000000,310,690,31,279,413,73,204
2109,0.000000,320,680,121,199,208,259,213
2110,0.000000,302,698,0,302,577,1,120
2111,0.000000,314,686,0,314,561,0,125
2112,0.000000,316,684,0,316,563,0,121
2113,0.000000,321,679,0,321,558,0,121
2114,0.000000,322,678,0,322,572,0,106
2115,0.000000,342,658,0,342,548,0,110
2116,0.000000,307,693,0,307,579,0,114
2117,0.000000,326,674,0,326,556,0,118
2118,0.000000,326,674,0,326,559,0,115
2119,0.000000,313,687,0,313,556,0,131
2120,0.000000,310,690,0,310,579,0,111
2121,0.000000,328,672,0,328,567,0,105
2122,0.000000,311,689,0,311,578,0,111
2123,0.000000,325,675,0,325,562,0,113
2124,0.000000,286,714,0,286,572,0,142
2125,0.000000,308,692,0,308,558,0,134
2126,0.000000,317,683,37,280,358,104,221
2127,0.000000,324,676,4,320,560,1,115
2128,0.000000,317,683,0,317,573,0,110
2129,0.000000,344,656,39,305,436,44,176
2130,0.000000,329,671,118,211,242,220,209
2131,0.000000,332,668,1,331,543,1,124
2132,0.000000,331,669,29,302,420,38,211
2133,0.000000,307,693,114,193,240,208,245
2134,0.000000,308,692,0,308,583,1,108
2135,0.000000,307,693,0,307,574,0,119
2136,0.000000,314,686,0,314,568,0,118
2137,0.000000,304,696,0,304,580,0,116
2138,0.000000,311,689,0,311,571,0,118
2139,0.000000,324,676,0,324,555,0,121
2140,0.000000,324,676,0,324,553,0,123
2141,0.000000,307,693,24,283,469,58,166
2142,0.000000,307,693,2,305,582,1,110
2143,0.000000,314,686,0,314,574,0,112
2144,0.000000,335,665,45,290,385,61,219
2145,0.000000,314,686,0,314,589,0,97
2146,0.000000,328,672,0,328,537,0,135
2147,0.000000,314,686,15,299,519,19,148
2148,0.000000,303,697,66,237,310,136,251
2149,0.000000,327,673,274,53,51,583,39
2150,0.000000,319,681,0,319,563,1,117
2151,0.000000,326,674,1,325,553,0,121
2152,0.000000,313,687,0,313,595,0,92
2153,0.000000,322,678,65,257,325,102,251
2154,0.000000,336,664,0,336,558,1,105
2155,0.000000,328,672,0,328,552,0,120
2156,0.000000,334,666,0,334,552,0,114
2157,0.000000,299,701,0,299,583,0,118
2158,0.000000,302,698,0,302,590,0,108
2159,0.000000,335,665,52,283,316,92,257
2160,0.000000,324,676,187,137,161,387,128
2161,0.000000,295,705,0,295,590,1,114
2162,0.000000,303,697,0,303,588,0,109
2163,0.000000,302,698,0,302,576,0,122
2164,0.000000,306,694,17,289,484,38,172
2165,0.000000,291,709,84,207,261,176,272
2166,0.000000,311,689,33,278,396,63,230
2167,0.000000,316,684,0,316,552,0,132
2168,0.000000,320,680,0,320,565,0,115
2169,0.000000,321,679,0,321,571,0,108
2170,0.000000,316,684,0,316,562,0,122
2171,0.000000,294,706,61,233,302,107,297
2172,0.000000,329,671,200,129,128,416,127
2173,0.000000,300,700,0,300,580,1,119
2174,0.000000,328,672,0,328,539,0,133
2175,0.000000,342,658,0,342,539,0,119
2176,0.000000,299,701,3,296,539,16,146
2177,0.000000,324,676,0,324,571,1,104
2178,0.000000,297,703,0,297,578,0,125
2179,0.000000,306,694,0,306,585,0,109
2180,0.000000,305,695,0,305,582,0,113
2181,0.000000,305,695,13,292,522,23,150
2182,0.000000,306,694,0,306,587,0,107
2183,0.000000,317,683,58,259,356,88,239
2184,0.000000,294,706,0,294,588,0,118
2185,0.000000,298,702,0,298,579,0,123
2186,0.000000,321,679,0,321,573,0,106
2187,0.000000,301,699,0,301,601,1,97
2188,0.000000,310,690,0,310,595,0,95
2189,0.000000,312,688,0,312,580,0,108
2190,0.000000,317,683,46,271,336,90,257
2191,0.000000,322,678,0,322,550,0,128
2192,0.000000,330,670,0,330,545,0,125
2193,0.000000,293,707,0,293,603,0,104
2194,0.000000,328,672,0,328,561,0,111
2195,0.000000,313,687,0,313,561,0,126
2196,0.000000,329,671,0,329,542,0,129
2197,0.000000,326,674,4,322,530,10,134
2198,0.000000,300,700,0,300,583,0,117
2199,0.000000,344,656,0,344,542,0,114
2200,0.000000,318,682,25,293,430,57,195
2201,0.000000,302,698,120,182,232,265,201
2202,0.000000,311,689,0,311,566,1,122
2203,0.000000,270,730,0,270,617,0,113
2204,0.000000,351,649,0,351,533,0,116
2205,0.000000,307,693,1,306,582,1,110
2206,0.000000,294,706,0,294,594,0,112
2207,0.000000,287,713,0,287,574,0,139
2208,0.000000,302,698,5,297,578,4,116
2209,0.000000,329,671,76,253,273,118,280
2210,0.000000,320,680,227,93,115,452,113
2211,0.000000,339,661,2,337,540,1,120
2212,0.000000,303,697,0,303,579,0,118
2213,0.000000,312,688,7,305,531,12,145
2214,0.000000,312,688,72,240,263,154,271
2215,0.000000,337,663,273,64,67,511,85
2216,0.000000,305,695,3,302,574,1,120
2217,0.000000,316,684,0,316,569,0,115
2218,0.000000,308,692,0,308,580,0,112
2219,0.000000,324,676,0,324,553,0,123
2220,0.000000,306,694,0,306,586,0,108
2221,0.000000,331,669,0,331,560,0,109
2222,0.000000,295,705,0,295,599,0,106
2223,0.000000,336,664,0,336,557,0,107
2224,0.000000,327,673,13,314,485,31,157
2225,0.000000,335,665,78,257,271,125,269
2226,0.000000,314,686,0,314,584,1,101
2227,0.000000,304,696,0,304,584,0,112
2228,0.000000,300,700,1,299,592,0,108
2229,0.000000,337,663,0,337,545,0,118
2230,0.000000,329,671,0,329,549,0,122
2231,0.000000,335,665,0,335,541,0,124
2232,0.000000,323,677,0,323,567,0,110
2233,0.000000,306,694,44,262,357,69,268
2234,0.000000,291,709,162,129,167,375,167
2235,0.000000,288,712,0,288,591,1,120
2236,0.000000,338,662,0,338,529,0,133
2237,0.000000,325,675,0,325,576,0,99
2238,0.000000,334,666,0,334,553,0,113
2239,0.000000,275,725,0,275,620,0,105
2240,0.000000,340,660,0,340,555,0,105
2241,0.000000,320,680,0,320,553,0,127
2242,0.000000,342,658,24,318,452,29,177
2243,0.000000,332,668,76,256,250,147,271
2244,0.000000,331,669,0,331,556,1,112
2245,0.000000,321,679,0,321,570,0,109
2246,0.000000,316,684,0,316,579,0,105
2247,0.000000,316,684,8,308,533,14,137
2248,0.000000,308,692,0,308,574,0,118
2249,0.000000,307,693,0,307,567,0,126
2250,0.000000,323,677,0,323,563,0,114
2251,0.000000,325,675,0,325,572,0,103
2252,0.000000,305,695,9,296,520,21,154
2253,0.000000,322,678,60,262,265,143,270
2254,0.000000,315,685,266,49,44,585,56
2255,0.000000,301,699,20,281,466,46,187
2256,0.000000,319,681,85,234,243,199,239
2257,0.000000,300,700,0,300,587,1,112
2258,0.000000,310,690,0,310,575,0,115
2259,0.000000,308,692,0,308,580,0,112
2260,0.000000,323,677,0,323,563,0,114
2261,0.000000,299,701,0,299,587,0,114
2262,0.000000,305,695,34,271,408,63,224
2263,0.000000,317,683,31,286,458,41,184
2264,0.000000,312,688,92,220,230,199,259
2265,0.000000,304,696,0,304,586,1,109
2266,0.000000,334,666,0,334,548,0,118
2267,0.000000,318,682,0,318,564,0,118
2268,0.000000,334,666,0,334,555,0,111
2269,0.000000,341,659,0,341,550,0,109
2270,0.000000,317,683,0,317,576,0,107
2271,0.000000,313,687,20,293,459,48,180
2272,0.000000,294,706,0,294,600,1,105
2273,0.000000,348,652,0,348,540,0,112
2274,0.000000,308,692,0,308,584,0,108
2275,0.000000,298,702,0,298,577,0,125
2276,0.000000,283,717,0,283,594,0,123
2277,0.000000,318,682,0,318,561,0,121
2278,0.000000,311,689,0,311,580,0,109
2279,0.000000,348,652,0,348,542,0,110
2280,0.000000,319,681,0,319,569,0,112
2281,0.000000,294,706,34,260,359,92,255
2282,0.000000,309,691,1,308,580,0,111
2283,0.000000,295,705,37,258,422,68,215
2284,0.000000,299,701,25,274,412,69,220
2285,0.000000,320,680,7,313,534,11,135
2286,0.000000,341,659,28,313,445,45,169
2287,0.000000,307,693,0,307,573,0,120
2288,0.000000,332,668,0,332,548,0,120
2289,0.000000,298,702,0,298,593,0,109
2290,0.000000,303,697,0,303,584,0,113
2291,0.000000,333,667,0,333,548,0,119
2292,0.000000,340,660,0,340,541,0,119
2293,0.000000,290,710,24,266,444,57,209
2294,0.000000,319,681,0,319,556,0,125
2295,0.000000,305,695,32,273,413,67,215
2296,0.000000,313,687,123,190,203,270,214
2297,0.000000,304,696,3,301,589,1,106
2298,0.000000,330,670,0,330,565,0,105
2299,0.000000,330,670,0,330,560,0,110
2300,0.000000,311,689,0,311,577,0,112
2301,0.000000,323,677,0,323,555,0,122
2302,0.000000,292,708,0,292,587,0,121
2303,0.000000,325,675,31,294,380,74,221
2304,0.000000,300,700,127,173,179,336,185
2305,0.000000,306,694,0,306,575,1,118
2306,0.000000,332,668,0,332,557,0,111
2307,0.000000,316,684,0,316,566,0,118
2308,0.000000,345,655,0,345,537,0,118
2309,0.000000,307,693,15,292,498,33,162
2310,0.000000,300,700,57,243,268,125,307
2311,0.000000,319,681,0,319,556,1,124
2312,0.000000,319,681,33,286,384,73,224
2313,0.000000,304,696,0,304,572,1,123
2314,0.000000,313,687,0,313,560,0,127
2315,0.000000,306,694,0,306,565,0,129
2316,0.000000,313,687,0,313,583,0,104
2317,0.000000,320,680,3,317,542,8,130
2318,0.000000,319,681,0,319,551,0,130
2319,0.000000,325,675,0,325,577,0,98
2320,0.000000,332,668,0,332,548,0,120
2321,0.000000,310,690,0,310,566,0,124
2322,0.000000,321,679,0,321,577,0,102
2323,0.000000,306,694,0,306,574,0,120
2324,0.000000,352,648,0,352,532,1,115
2325,0.000000,312,688,5,307,538,13,137
2326,0.000000,326,674,77,249,271,123,280
2327,0.000000,300,700,210,90,75,529,96
2328,0.000000,319,681,1,318,575,1,105
2329,0.000000,287,713,0,287,600,0,113
2330,0.000000,301,699,0,301,581,0,118
2331,0.000000,323,677,0,323,565,0,112
2332,0.000000,312,688,0,312,583,0,105
2333,0.000000,326,674,1,325,573,0,101
2334,0.000000,314,686,40,274,374,79,233
2335,0.000000,289,711,0,289,597,0,114
2336,0.000000,294,706,0,294,594,0,112
2337,0.000000,321,679,0,321,563,0,116
2338,0.000000,290,710,0,290,596,0,114
2339,0.000000,293,707,0,293,585,0,122
2340,0.000000,308,692,0,308,569,0,123
2341,0.000000,297,703,0,297,587,0,116
2342,0.000000,319,681,61,258,290,102,289
2343,0.000000,311,689,195,116,153,401,135
2344,0.000000,328,672,0,328,560,1,111
2345,0.000000,318,682,0,318,573,0,109
2346,0.000000,312,688,0,312,581,0,107
2347,0.000000,297,703,0,297,595,0,108
2348,0.000000,306,694,0,306,601,0,93
2349,0.000000,336,664,0,336,537,0,127
2350,0.000000,319,681,0,319,576,0,105
2351,0.000000,309,691,24,285,450,34,207
2352,0.000000,323,677,111,212,224,228,225
2353,0.000000,287,713,0,287,590,1,122
2354,0.000000,307,693,0,307,580,0,113
2355,0.000000,303,697,5,298,529,19,149
2356,0.000000,306,694,67,239,318,97,279
2357,0.000000,325,675,259,66,61,554,60
2358,0.000000,330,670,0,330,541,1,128
2359,0.000000,307,693,0,307,575,0,118
2360,0.000000,306,694,0,306,589,0,105
2361,0.000000,308,692,0,308,586,0,106
2362,0.000000,309,691,0,309,570,0,121
2363,0.000000,288,712,0,288,600,0,112
2364,0.000000,317,683,0,317,564,0,119
2365,0.000000,329,671,0,329,543,0,128
2366,0.000000,330,670,33,297,434,42,194
2367,0.000000,326,674,0,326,564,0,110
2368,0.000000,322,678,0,322,553,0,125
2369,0.000000,304,696,0,304,582,0,114
2370,0.000000,290,710,0,290,593,0,117
2371,0.000000,331,669,0,331,555,0,114
2372,0.000000,317,683,0,317,576,0,107
2373,0.000000,324,676,29,295,410,55,211
2374,0.000000,301,699,0,301,584,0,115
2375,0.000000,332,668,0,332,560,0,108
2376,0.000000,304,696,0,304,576,0,120
2377,0.000000,324,676,0,324,560,0,116
2378,0.000000,305,695,0,305,590,0,105
2379,0.000000,289,711,0,289,603,0,108
2380,0.000000,304,696,0,304,579,0,117
2381,0.000000,297,703,0,297,581,0,122
2382,0.000000,292,708,0,292,600,0,108
2383,0.000000,308,692,0,308,592,0,100
2384,0.000000,335,665,0,335,561,0,104
2385,0.000000,321,679,0,321,568,0,111
2386,0.000000,328,672,0,328,558,0,114
2387,0.000000,311,689,0,311,567,0,122
2388,0.000000,329,671,0,329,566,0,105
2389,0.000000,329,671,0,329,551,0,120
2390,0.000000,313,687,0,313,559,0,128
2391,0.000000,321,679,0,321,545,0,134
2392,0.000000,325,675,34,291,394,56,225
2393,0.000000,318,682,0,318,569,1,112
2394,0.000000,309,691,3,306,545,9,137
2395,0.000000,312,688,60,252,284,126,278
2396,0.000000,315,685,218,97,96,484,105
2397,0.000000,277,723,0,277,619,1,103
2398,0.000000,324,676,0,324,567,0,109
2399,0.000000,315,685,32,283,416,60,209
2400,0.000000,322,678,131,191,218,260,200
2401,0.000000,313,687,1,312,562,1,124
2402,0.000000,283,717,0,283,599,0,118
2403,0.000000,304,696,0,304,595,0,101
2404,0.000000,312,688,33,279,418,51,219
2405,0.000000,313,687,0,313,576,0,111
2406,0.000000,285,715,0,285,607,0,108
2407,0.000000,317,683,0,317,561,0,122
2408,0.000000,305,695,0,305,596,0,99
2409,0.000000,327,673,0,327,552,0,121
2410,0.000000,284,716,0,284,606,0,110
2411,0.000000,318,682,0,318,555,0,127
2412,0.000000,316,684,0,316,573,0,111
2413,0.000000,343,657,25,318,449,36,172
2414,0.000000,299,701,95,204,270,175,256
2415,0.000000,318,682,0,318,575,1,106
2416,0.000000,299,701,0,299,584,0,117
2417,0.000000,284,716,14,270,465,54,197
2418,0.000000,315,685,110,205,258,212,215
2419,0.000000,307,693,0,307,576,1,116
2420,0.000000,293,707,0,293,585,0,122
2421,0.000000,318,682,0,318,568,0,114
2422,0.000000,329,671,0,329,561,0,110
2423,0.000000,312,688,0,312,589,0,99
2424,0.000000,306,694,0,306,582,0,112
2425,0.000000,330,670,0,330,540,0,130
2426,0.000000,292,708,1,291,592,0,116
2427,0.000000,318,682,0,318,561,0,121
2428,0.000000,345,655,0,345,546,0,109
2429,0.000000,318,682,0,318,571,0,111
2430,0.000000,315,685,0,315,567,0,118
2431,0.000000,321,679,0,321,560,0,119
2432,0.000000,348,652,0,348,545,0,107
2433,0.000000,320,680,0,320,565,0,115
2434,0.000000,325,675,0,325,563,0,112
2435,0.000000,305,695,50,255,323,97,275
2436,0.000000,305,695,193,112,128,424,143
2437,0.000000,312,688,0,312,565,1,122
2438,0.000000,313,687,36,277,409,66,212
2439,0.000000,324,676,0,324,564,0,112
2440,0.000000,318,682,0,318,549,0,133
2441,0.000000,316,684,0,316,574,0,110
2442,0.000000,308,692,0,308,582,0,110
2443,0.000000,304,696,0,304,569,0,127
2444,0.000000,341,659,0,341,551,0,108
2445,0.000000,305,695,36,269,440,57,198
2446,0.000000,314,686,136,178,208,290,188
2447,0.000000,317,683,0,317,557,1,125
2448,0.000000,295,705,0,295,578,0,127
2449,0.000000,327,673,0,327,546,0,127
2450,0.000000,317,683,8,309,511,20,152
2451,0.000000,330,670,67,263,255,122,293
2452,0.000000,298,702,255,43,50,606,46
2453,0.000000,303,697,0,303,575,1,121
2454,0.000000,316,684,0,316,576,0,108
2455,0.000000,317,683,0,317,576,0,107
2456,0.000000,327,673,0,327,569,0,104
2457,0.000000,320,680,0,320,575,0,105
2458,0.000000,327,673,0,327,548,0,125
2459,0.000000,320,680,0,320,566,0,114
2460,0.000000,288,712,0,288,600,0,112
2461,0.000000,313,687,0,313,570,0,117
2462,0.000000,299,701,0,299,580,0,121
2463,0.000000,315,685,28,287,453,50,182
2464,0.000000,299,701,1,298,579,1,121
2465,0.000000,353,647,0,353,535,0,112
2466,0.000000,343,657,43,300,372,67,218
2467,0.000000,292,708,0,292,574,1,133
2468,0.000000,314,686,0,314,570,0,116
2469,0.000000,303,697,22,281,478,41,178
2470,0.000000,328,672,90,238,215,197,260
2471,0.000000,321,679,2,319,550,1,128
2472,0.000000,285,715,0,285,595,0,120
2473,0.000000,316,684,0,316,573,0,111
2474,0.000000,303,697,0,303,570,0,127
2475,0.000000,316,684,0,316,578,0,106
2476,0.000000,320,680,0,320,567,0,113
2477,0.000000,304,696,15,289,518,27,151
2478,0.000000,323,677,0,323,579,0,98
2479,0.000000,324,676,0,324,561,0,115
2480,0.000000,295,705,0,295,609,0,96
2481,0.000000,288,712,14,274,543,26,143
2482,0.000000,309,691,66,243,301,116,274
2483,0.000000,315,685,273,42,53,589,43
2484,0.000000,308,692,0,308,584,1,107
2485,0.000000,316,684,0,316,561,0,123
2486,0.000000,307,693,25,282,450,45,198
2487,0.000000,301,699,113,188,246,222,231
2488,0.000000,312,688,0,312,585,1,102
2489,0.000000,331,669,0,331,551,0,118
2490,0.000000,306,694,0,306,570,0,124
2491,0.000000,316,684,0,316,560,0,124
2492,0.000000,300,700,0,300,592,0,108
2493,0.000000,327,673,0,327,551,0,122
2494,0.000000,293,707,0,293,584,0,123
2495,0.000000,302,698,0,302,577,0,121
2496,0.000000,312,688,39,273,350,87,251
2497,0.000000,328,672,174,154,184,342,146
2498,0.000000,307,693,12,295,529,19,145
2499,0.000000,314,686,0,314,576,0,110
2500,0.000000,304,696,0,304,583,0,113
2501,0.000000,341,659,29,312,385,49,225
2502,0.000000,318,682,146,172,180,311,191
2503,0.000000,301,699,0,301,573,1,125
2504,0.000000,324,676,0,324,552,0,124
2505,0.000000,322,678,2,320,558,1,119
2506,0.000000,332,668,53,279,276,118,274
2507,0.000000,329,671,223,106,120,428,123
2508,0.000000,300,700,0,300,592,1,107
2509,0.000000,324,676,0,324,570,0,106
2510,0.000000,314,686,0,314,566,0,120
2511,0.000000,308,692,26,282,459,40,193
2512,0.000000,329,671,0,329,547,0,124
2513,0.000000,309,691,0,309,580,0,111
2514,0.000000,314,686,10,304,534,14,138
2515,0.000000,317,683,65,252,274,130,279
2516,0.000000,311,689,249,62,89,522,78
2517,0.000000,322,678,7,315,544,11,123
2518,0.000000,303,697,66,237,300,102,295
2519,0.000000,296,704,221,75,87,523,94
2520,0.000000,311,689,4,307,570,1,118
2521,0.000000,331,669,0,331,557,0,112
2522,0.000000,329,671,0,329,563,0,108
2523,0.000000,316,684,0,316,562,0,122
2524,0.000000,294,706,0,294,605,0,101
2525,0.000000,323,677,35,288,396,50,231
2526,0.000000,298,702,132,166,221,277,204
2527,0.000000,332,668,0,332,557,1,110
2528,0.000000,326,674,26,300,477,26,171
2529,0.000000,305,695,0,305,586,0,109
2530,0.000000,308,692,29,279,464,34,194
2531,0.000000,308,692,111,197,238,216,238
2532,0.000000,281,719,0,281,576,1,142
2533,0.000000,310,690,0,310,582,0,108
2534,0.000000,313,687,0,313,576,0,111
2535,0.000000,317,683,0,317,575,0,108
2536,0.000000,326,674,44,282,375,75,224
2537,0.000000,323,677,0,323,578,0,99
2538,0.000000,313,687,0,313,566,0,121
2539,0.000000,300,700,0,300,580,0,120
2540,0.000000,340,660,0,340,537,0,123
2541,0.000000,321,679,0,321,573,0,106
2542,0.000000,312,688,36,276,442,53,193
2543,0.000000,312,688,0,312,578,1,109
2544,0.000000,317,683,0,317,583,0,100
2545,0.000000,324,676,0,324,549,0,127
2546,0.000000,316,684,0,316,565,0,119
2547,0.000000,313,687,28,285,415,51,221
2548,0.000000,309,691,36,273,439,63,189
2549,0.000000,332,668,0,332,555,0,113
2550,0.000000,326,674,0,326,560,0,114
2551,0.000000,300,700,0,300,576,0,124
2552,0.000000,315,685,0,315,560,0,125
2553,0.000000,280,720,0,280,608,0,112
2554,0.000000,327,673,0,327,568,0,105
2555,0.000000,295,705,7,288,533,19,153
2556,0.000000,314,686,72,242,277,118,291
2557,0.000000,289,711,233,56,63,577,71
2558,0.000000,328,672,0,328,568,1,103
2559,0.000000,309,691,0,309,577,0,114
2560,0.000000,319,681,20,299,495,29,157
2561,0.000000,320,680,67,253,265,148,267
2562,0.000000,338,662,1,337,540,1,121
2563,0.000000,297,703,0,297,595,0,108
2564,0.000000,318,682,32,286,453,39,190
2565,0.000000,267,733,0,267,604,0,129
2566,0.000000,314,686,0,314,568,0,118
2567,0.000000,327,673,0,327,558,0,115
2568,0.000000,311,689,0,311,580,0,109
2569,0.000000,334,666,37,297,397,66,203
2570,0.000000,303,697,0,303,587,0,110
2571,0.000000,325,675,0,325,569,0,106
2572,0.000000,319,681,0,319,577,0,104
2573,0.000000,320,680,19,301,475,38,167
2574,0.000000,342,658,104,238,243,158,257
2575,0.000000,324,676,0,324,540,1,135
2576,0.000000,294,706,0,294,580,0,126
2577,0.000000,314,686,1,313,583,0,103
2578,0.000000,316,684,0,316,577,0,107
2579,0.000000,283,717,0,283,604,0,113
2580,0.000000,311,689,0,311,559,0,130
2581,0.000000,325,675,0,325,547,0,128
2582,0.000000,291,709,0,291,591,0,118
2583,0.000000,308,692,0,308,576,0,116
2584,0.000000,293,707,0,293,578,0,129
2585,0.000000,321,679,0,321,566,0,113
2586,0.000000,301,699,0,301,572,0,127
2587,0.000000,317,683,0,317,562,0,121
2588,0.000000,308,692,0,308,601,0,91
2589,0.000000,300,700,0,300,587,0,113
2590,0.000000,326,674,0,326,555,0,119
2591,0.000000,344,656,0,344,556,0,100
2592,0.000000,312,688,6,306,529,13,146
2593,0.000000,320,680,32,288,408,56,216
2594,0.000000,291,709,0,291,619,1,89
2595,0.000000,309,691,0,309,580,0,111
2596,0.000000,295,705,0,295,595,0,110
2597,0.000000,309,691,0,309,583,0,108
2598,0.000000,318,682,0,318,559,0,123
2599,0.000000,268,732,8,260,559,25,148
2600,0.000000,337,663,64,273,266,125,272
2601,0.000000,307,693,253,54,67,558,68
2602,0.000000,312,688,1,311,573,1,114
2603,0.000000,326,674,0,326,563,0,111
2604,0.000000,318,682,33,285,420,53,209
2605,0.000000,289,711,0,289,596,0,115
2606,0.000000,329,671,0,329,562,0,109
2607,0.000000,293,707,6,287,564,11,132
2608,0.000000,337,663,0,337,546,1,116
2609,0.000000,313,687,0,313,575,0,112
2610,0.000000,299,701,0,299,597,0,104
2611,0.000000,291,709,0,291,604,0,105
2612,0.000000,309,691,47,262,410,57,224
2613,0.000000,316,684,143,173,175,305,204
2614,0.000000,315,685,22,293,424,53,208
2615,0.000000,293,707,125,168,213,276,218
2616,0.000000,327,673,1,326,545,1,127
2617,0.000000,312,688,15,297,509,19,160
2618,0.000000,328,672,76,252,272,117,283
2619,0.000000,303,697,0,303,571,1,125
2620,0.000000,325,675,0,325,562,0,113
2621,0.000000,322,678,0,322,568,0,110
2622,0.000000,303,697,39,264,368,81,248
2623,0.000000,323,677,24,299,456,52,169
2624,0.000000,300,700,15,285,506,30,164
2625,0.000000,329,671,1,328,545,0,126
2626,0.000000,339,661,0,339,537,0,124
2627,0.000000,301,699,0,301,588,0,111
2628,0.000000,286,714,0,286,596,0,118
2629,0.000000,289,711,0,289,581,0,130
2630,0.000000,339,661,21,318,453,36,172
2631,0.000000,338,662,0,338,549,0,113
2632,0.000000,326,674,0,326,564,0,110
2633,0.000000,324,676,0,324,560,0,116
2634,0.000000,325,675,0,325,571,0,104
2635,0.000000,322,678,0,322,556,0,122
2636,0.000000,312,688,0,312,563,0,125
2637,0.000000,294,706,19,275,510,32,164
2638,0.000000,312,688,1,311,566,1,121
2639,0.000000,317,683,0,317,578,0,105
2640,0.000000,325,675,0,325,546,0,129
2641,0.000000,287,713,0,287,595,0,118
2642,0.000000,338,662,0,338,558,0,104
2643,0.000000,286,714,0,286,586,0,128
2644,0.000000,312,688,0,312,562,0,126
2645,0.000000,311,689,28,283,507,27,155
2646,0.000000,311,689,84,227,277,137,275
2647,0.000000,334,666,1,333,536,1,129
2648,0.000000,328,672,0,328,552,0,120
2649,0.000000,326,674,0,326,556,0,118
2650,0.000000,316,684,0,316,567,0,117
2651,0.000000,298,702,0,298,574,0,128
2652,0.000000,305,695,9,296,545,24,126
2653,0.000000,324,676,49,275,373,85,218
2654,0.000000,327,673,0,327,573,1,99
2655,0.000000,314,686,0,314,573,0,113
2656,0.000000,344,656,0,344,532,0,124
2657,0.000000,295,705,0,295,587,0,118
2658,0.000000,317,683,0,317,560,0,123
2659,0.000000,313,687,0,313,577,0,110
2660,0.000000,319,681,0,319,577,0,104
2661,0.000000,308,692,0,308,569,0,123
2662,0.000000,317,683,0,317,579,0,104
2663,0.000000,329,671,7,322,514,13,144
2664,0.000000,333,667,7,326,511,18,138
2665,0.000000,316,684,31,285,436,54,194
2666,0.000000,294,706,0,294,595,0,111
2667,0.000000,316,684,0,316,562,0,122
2668,0.000000,286,714,18,268,519,35,160
2669,0.000000,291,709,0,291,590,1,118
2670,0.000000,319,681,0,319,579,0,102
2671,0.000000,303,697,0,303,596,0,101
2672,0.000000,315,685,0,315,587,0,98
2673,0.000000,317,683,0,317,568,0,115
2674,0.000000,297,703,31,266,453,61,189
2675,0.000000,307,693,117,190,219,244,230
2676,0.000000,303,697,1,302,574,1,122
2677,0.000000,322,678,0,322,559,0,119
2678,0.000000,343,657,0,343,558,0,99
2679,0.000000,311,689,0,311,565,0,124
2680,0.000000,292,708,0,292,587,0,121
2681,0.000000,330,670,26,304,435,53,182
2682,0.000000,335,665,0,335,539,0,126
2683,0.000000,299,701,0,299,565,0,136
2684,0.000000,312,688,0,312,581,0,107
2685,0.000000,277,723,40,237,455,53,215
2686,0.000000,288,712,0,288,601,1,110
2687,0.000000,302,698,0,302,594,0,104
2688,0.000000,287,713,0,287,592,0,121
2689,0.000000,329,671,0,329,553,0,118
2690,0.000000,299,701,0,299,595,0,106
2691,0.000000,334,666,0,334,536,0,130
2692,0.000000,316,684,0,316,576,0,108
2693,0.000000,315,685,0,315,576,0,109
2694,0.000000,338,662,0,338,547,0,115
2695,0.000000,314,686,2,312,538,9,139
2696,0.000000,319,681,1,318,571,1,109
2697,0.000000,335,665,0,335,552,0,113
2698,0.000000,295,705,0,295,594,0,111
2699,0.000000,304,696,0,304,580,0,116
2700,0.000000,279,721,0,279,600,0,121
2701,0.000000,309,691,0,309,578,0,113
2702,0.000000,293,707,19,274,493,31,183
2703,0.000000,302,698,0,302,573,0,125
2704,0.000000,291,709,0,291,600,0,109
2705,0.000000,341,659,37,304,349,81,229
2706,0.000000,337,663,11,326,477,22,164
2707,0.000000,303,697,0,303,595,0,102
2708,0.000000,324,676,0,324,561,0,115
2709,0.000000,302,698,40,262,373,71,254
2710,0.000000,300,700,143,157,204,305,191
2711,0.000000,306,694,2,304,595,1,98
2712,0.000000,317,683,0,317,564,0,119
2713,0.000000,270,730,0,270,611,0,119
2714,0.000000,309,691,0,309,574,0,117
2715,0.000000,296,704,0,296,599,0,105
2716,0.000000,322,678,0,322,562,0,116
2717,0.000000,313,687,0,313,563,0,124
2718,0.000000,325,675,7,318,556,6,113
2719,0.000000,289,711,62,227,294,119,298
2720,0.000000,324,676,230,94,99,478,99
2721,0.000000,313,687,8,305,550,9,128
2722,0.000000,295,705,0,295,581,0,124
2723,0.000000,334,666,1,333,541,3,122
2724,0.000000,323,677,0,323,577,0,100
2725,0.000000,353,647,0,353,543,0,104
2726,0.000000,320,680,0,320,550,0,130
2727,0.000000,294,706,0,294,584,1,121
2728,0.000000,293,707,0,293,600,0,107
2729,0.000000,327,673,0,327,566,0,107
2730,0.000000,310,690,0,310,561,0,129
2731,0.000000,315,685,0,315,572,0,113
2732,0.000000,320,680,0,320,560,0,120
2733,0.000000,299,701,0,299,592,0,109
2734,0.000000,320,680,6,314,546,11,123
2735,0.000000,276,724,47,229,298,133,293
2736,0.000000,312,688,240,72,59,531,98
2737,0.000000,342,658,0,342,540,1,117
2738,0.000000,320,680,0,320,560,0,120
2739,0.000000,323,677,0,323,555,0,122
2740,0.000000,329,671,0,329,550,0,121
2741,0.000000,314,686,0,314,564,0,122
2742,0.000000,297,703,15,282,517,27,159
2743,0.000000,309,691,63,246,295,128,268
2744,0.000000,292,708,0,292,592,1,115
2745,0.000000,314,686,0,314,591,0,95
2746,0.000000,309,691,30,279,420,57,214
2747,0.000000,322,678,0,322,550,2,126
2748,0.000000,310,690,0,310,569,0,121
2749,0.000000,340,660,0,340,552,0,108
2750,0.000000,292,708,21,271,461,42,205
2751,0.000000,325,675,120,205,235,215,225
2752,0.000000,334,666,0,334,559,1,106
2753,0.000000,337,663,0,337,563,0,100
2754,0.000000,306,694,30,276,452,56,186
2755,0.000000,298,702,0,298,580,0,122
2756,0.000000,313,687,0,313,571,0,116
2757,0.000000,314,686,0,314,547,0,139
2758,0.000000,305,695,0,305,574,0,121
2759,0.000000,313,687,0,313,569,0,118
2760,0.000000,295,705,0,295,593,0,112
2761,0.000000,303,697,0,303,595,0,102
2762,0.000000,329,671,27,302,441,53,177
2763,0.000000,309,691,95,214,224,239,228
2764,0.000000,308,692,31,277,422,81,189
2765,0.000000,314,686,0,314,573,0,113
2766,0.000000,321,679,0,321,543,0,136
2767,0.000000,330,670,0,330,553,0,117
2768,0.000000,302,698,0,302,575,0,123
2769,0.000000,314,686,16,298,501,25,160
2770,0.000000,292,708,67,225,288,148,272
2771,0.000000,318,682,1,317,572,1,109
2772,0.000000,308,692,1,307,592,0,100
2773,0.000000,338,662,0,338,550,0,112
2774,0.000000,308,692,0,308,582,0,110
2775,0.000000,319,681,0,319,566,0,115
2776,0.000000,325,675,0,325,567,0,108
2777,0.000000,313,687,0,313,572,0,115
2778,0.000000,335,665,0,335,546,0,119
2779,0.000000,329,671,0,329,551,0,120
2780,0.000000,309,691,0,309,563,0,128
2781,0.000000,312,688,0,312,567,0,121
2782,0.000000,327,673,0,327,569,0,104
2783,0.000000,334,666,18,316,500,19,147
2784,0.000000,296,704,0,296,596,0,108
2785,0.000000,299,701,0,299,590,0,111
2786,0.000000,328,672,0,328,550,0,122
2787,0.000000,333,667,0,333,539,0,128
2788,0.000000,304,696,0,304,573,0,123
2789,0.000000,337,663,4,333,516,5,142
2790,0.000000,305,695,3,302,560,4,131
2791,0.000000,298,702,66,232,302,119,281
2792,0.000000,347,653,244,103,107,459,87
2793,0.000000,309,691,1,308,578,1,112
2794,0.000000,331,669,0,331,542,0,127
2795,0.000000,328,672,0,328,551,0,121
2796,0.000000,321,679,0,321,561,0,118
2797,0.000000,292,708,31,261,427,64,217
2798,0.000000,308,692,0,308,584,1,107
2799,0.000000,298,702,0,298,599,0,103
2800,0.000000,321,679,59,262,373,80,226
2801,0.000000,312,688,0,312,579,1,108
2802,0.000000,324,676,0,324,569,1,106
2803,0.000000,307,693,0,307,567,0,126
2804,0.000000,297,703,0,297,590,0,113
2805,0.000000,327,673,0,327,573,0,100
2806,0.000000,319,681,0,319,572,0,109
2807,0.000000,316,684,0,316,563,0,121
2808,0.000000,331,669,0,331,562,0,107
2809,0.000000,322,678,0,322,548,0,130
2810,0.000000,314,686,0,314,573,0,113
2811,0.000000,322,678,0,322,566,0,112
2812,0.000000,315,685,3,312,519,6,160
2813,0.000000,344,656,62,282,283,132,241
2814,0.000000,296,704,224,72,106,496,102
2815,0.000000,314,686,19,295,465,45,176
2816,0.000000,286,714,78,208,273,188,253
2817,0.000000,312,688,0,312,573,1,114
2818,0.000000,318,682,0,318,569,0,113
2819,0.000000,321,679,0,321,568,0,111
2820,0.000000,303,697,0,303,579,0,118
2821,0.000000,324,676,0,324,547,0,129
2822,0.000000,308,692,19,289,499,30,163
2823,0.000000,309,691,79,230,262,158,271
2824,0.000000,305,695,0,305,581,1,113
2825,0.000000,300,700,0,300,583,0,117
2826,0.000000,317,683,0,317,572,0,111
2827,0.000000,333,667,0,333,548,0,119
2828,0.000000,304,696,0,304,580,0,116
2829,0.000000,308,692,0,308,588,0,104
2830,0.000000,312,688,0,312,569,0,119
2831,0.000000,302,698,0,302,583,0,115
2832,0.000000,307,693,0,307,574,0,119
2833,0.000000,304,696,0,304,584,0,112
2834,0.000000,299,701,0,299,581,0,120
2835,0.000000,330,670,1,329,525,11,134
2836,0.000000,332,668,69,263,283,92,293
2837,0.000000,301,699,218,83,110,503,86
2838,0.000000,306,694,0,306,577,1,116
2839,0.000000,296,704,43,253,369,90,245
2840,0.000000,352,648,45,307,322,90,236
2841,0.000000,318,682,0,318,557,0,125
2842,0.000000,309,691,0,309,585,0,106
2843,0.000000,333,667,21,312,424,37,206
2844,0.000000,328,672,112,216,214,226,232
2845,0.000000,324,676,0,324,560,1,115
2846,0.000000,295,705,47,248,351,93,261
2847,0.000000,284,716,0,284,602,0,114
2848,0.000000,326,674,0,326,554,0,120
2849,0.000000,320,680,0,320,559,0,121
2850,0.000000,319,681,0,319,565,0,116
2851,0.000000,328,672,0,328,554,0,118
2852,0.000000,322,678,0,322,571,0,107
2853,0.000000,332,668,9,323,495,23,150
2854,0.000000,314,686,0,314,569,0,117
2855,0.000000,342,658,0,342,536,0,122
2856,0.000000,325,675,0,325,558,0,117
2857,0.000000,307,693,0,307,578,0,115
2858,0.000000,313,687,0,313,586,0,101
2859,0.000000,300,700,30,270,447,53,200
2860,0.000000,315,685,126,189,204,261,220
2861,0.000000,308,692,23,285,463,39,190
2862,0.000000,309,691,38,271,436,51,204
2863,0.000000,329,671,0,329,540,1,130
2864,0.000000,316,684,0,316,555,0,129
2865,0.000000,328,672,0,328,548,0,124
2866,0.000000,335,665,0,335,554,0,111
2867,0.000000,303,697,0,303,592,0,105
2868,0.000000,299,701,8,291,523,29,149
2869,0.000000,319,681,0,319,570,0,111
2870,0.000000,337,663,0,337,538,0,125
2871,0.000000,304,696,0,304,564,0,132
2872,0.000000,313,687,0,313,567,0,120
2873,0.000000,327,673,0,327,577,0,96
2874,0.000000,326,674,0,326,566,0,108
2875,0.000000,326,674,20,306,465,27,182
2876,0.000000,322,678,0,322,562,0,116
2877,0.000000,311,689,0,311,579,0,110
2878,0.000000,303,697,0,303,593,0,104
2879,0.000000,312,688,0,312,568,0,120
2880,0.000000,323,677,0,323,565,0,112
2881,0.000000,300,700,0,300,581,0,119
2882,0.000000,297,703,16,281,445,41,217
2883,0.000000,309,691,111,198,234,210,247
2884,0.000000,316,684,0,316,588,1,95
2885,0.000000,322,678,0,322,565,0,113
2886,0.000000,332,668,2,330,527,7,134
2887,0.000000,334,666,52,282,260,126,280
2888,0.000000,310,690,210,100,101,493,96
2889,0.000000,297,703,1,296,553,2,148
2890,0.000000,333,667,67,266,288,112,267
2891,0.000000,301,699,200,101,132,436,131
2892,0.000000,302,698,7,295,536,8,154
2893,0.000000,294,706,10,284,541,17,148
2894,0.000000,326,674,74,252,275,144,255
2895,0.000000,321,679,253,68,87,521,71
2896,0.000000,307,693,1,306,573,1,119
2897,0.000000,296,704,17,279,520,25,159
2898,0.000000,298,702,0,298,581,0,121
2899,0.000000,335,665,38,297,381,63,221
2900,0.000000,345,655,162,183,185,293,177
2901,0.000000,291,709,0,291,593,1,115
2902,0.000000,321,679,9,312,492,25,162
2903,0.000000,314,686,0,314,581,0,105
2904,0.000000,340,660,51,289,348,86,226
2905,0.000000,326,674,0,326,551,1,122
2906,0.000000,301,699,0,301,577,0,122
2907,0.000000,299,701,32,267,441,46,214
2908,0.000000,328,672,0,328,547,0,125
2909,0.000000,320,680,0,320,554,0,126
2910,0.000000,324,676,0,324,562,0,114
2911,0.000000,326,674,0,326,555,0,119
2912,0.000000,325,675,0,325,548,0,127
2913,0.000000,302,698,0,302,598,0,100
2914,0.000000,296,704,0,296,594,0,110
2915,0.000000,302,698,0,302,591,0,107
2916,0.000000,314,686,0,314,571,0,115
2917,0.000000,294,706,12,282,522,23,161
2918,0.000000,333,667,71,262,268,117,282
2919,0.000000,332,668,0,332,559,1,108
2920,0.000000,303,697,0,303,569,0,128
2921,0.000000,291,709,0,291,583,0,126
2922,0.000000,283,717,0,283,594,0,123
2923,0.000000,312,688,60,252,300,90,298
2924,0.000000,325,675,210,115,116,430,129
2925,0.000000,295,705,0,295,586,1,118
2926,0.000000,322,678,36,286,376,60,242
2927,0.000000,309,691,160,149,171,337,183
2928,0.000000,310,690,0,310,560,1,129
2929,0.000000,295,705,0,295,589,0,116
2930,0.000000,330,670,0,330,550,0,120
2931,0.000000,344,656,0,344,552,0,104
2932,0.000000,328,672,0,328,532,0,140
2933,0.000000,313,687,0,313,575,0,112
2934,0.000000,298,702,0,298,589,0,113
2935,0.000000,299,701,0,299,572,0,129
2936,0.000000,313,687,0,313,573,0,114
2937,0.000000,303,697,0,303,590,0,107
2938,0.000000,286,714,34,252,400,77,237
2939,0.000000,314,686,150,164,205,313,168
2940,0.000000,327,673,0,327,556,1,116
2941,0.000000,336,664,0,336,556,0,108
2942,0.000000,307,693,1,306,573,0,120
2943,0.000000,348,652,0,348,541,0,111
2944,0.000000,321,679,0,321,548,0,131
2945,0.000000,303,697,12,291,492,38,167
2946,0.000000,319,681,85,234,280,139,262
2947,0.000000,301,699,0,301,583,1,115
2948,0.000000,329,671,0,329,558,0,113
2949,0.000000,326,674,0,326,578,0,96
2950,0.000000,314,686,0,314,565,0,121
2951,0.000000,330,670,0,330,558,0,112
2952,0.000000,324,676,0,324,560,0,116
2953,0.000000,297,703,0,297,580,0,123
2954,0.000000,297,703,0,297,580,0,123
2955,0.000000,311,689,0,311,573,0,116
2956,0.000000,304,696,0,304,576,0,120
2957,0.000000,318,682,0,318,558,0,124
2958,0.000000,315,685,0,315,578,0,107
2959,0.000000,322,678,0,322,571,0,107
2960,0.000000,297,703,30,267,418,77,208
2961,0.000000,312,688,136,176,189,286,213
2962,0.000000,311,689,0,311,576,1,112
2963,0.000000,313,687,25,288,469,38,180
2964,0.000000,308,692,81,227,263,180,249
2965,0.000000,338,662,0,338,542,1,119
2966,0.000000,300,700,0,300,592,0,108
2967,0.000000,317,683,0,317,561,0,122
2968,0.000000,341,659,0,341,547,0,112
2969,0.000000,306,694,0,306,581,0,113
2970,0.000000,335,665,0,335,565,0,100
2971,0.000000,307,693,0,307,575,0,118
2972,0.000000,314,686,0,314,576,0,110
2973,0.000000,289,711,0,289,596,0,115
2974,0.000000,328,672,4,324,540,4,128
2975,0.000000,306,694,0,306,589,0,105
2976,0.000000,290,710,0,290,582,0,128
2977,0.000000,321,679,0,321,564,0,115
2978,0.000000,304,696,0,304,594,0,102
2979,0.000000,320,680,0,320,553,0,127
2980,0.000000,310,690,0,310,561,0,129
2981,0.000000,271,729,0,271,608,0,121
2982,0.000000,310,690,0,310,580,1,109
2983,0.000000,300,700,0,300,598,0,102
2984,0.000000,310,690,0,310,580,0,110
2985,0.000000,310,690,0,310,580,0,110
2986,0.000000,318,682,0,318,557,0,125
2987,0.000000,327,673,0,327,544,0,129
2988,0.000000,313,687,0,313,587,0,100
2989,0.000000,320,680,0,320,550,0,130
2990,0.000000,312,688,0,312,575,0,113
2991,0.000000,312,688,0,312,565,0,123
2992,0.000000,343,657,0,343,546,0,111
2993,0.000000,300,700,32,268,445,50,205
2994,0.000000,307,693,0,307,593,1,99
2995,0.000000,310,690,0,310,569,0,121
2996,0.000000,305,695,59,246,303,117,275
2997,0.000000,314,686,207,107,138,424,124
2998,0.000000,319,681,47,272,375,74,232
2999,0.000000,314,686,0,314,560,0,126
3000,0.000000,330,670,0,330,549,0,121
3001,0.000000,329,671,0,329,552,0,119
3002,0.000000,326,674,5,321,537,2,135
3003,0.000000,313,687,64,249,296,108,283
3004,0.000000,334,666,214,120,115,446,105
3005,0.000000,315,685,0,315,583,1,101
3006,0.000000,314,686,0,314,561,0,125
3007,0.000000,308,692,0,308,587,0,105
3008,0.000000,308,692,0,308,575,0,117
3009,0.000000,315,685,0,315,565,0,120
3010,0.000000,308,692,21,287,481,29,182
3011,0.000000,314,686,83,231,251,173,262
3012,0.000000,322,678,3,319,558,2,118
3013,0.000000,293,707,72,221,276,145,286
3014,0.000000,303,697,186,117,122,454,121
3015,0.000000,322,678,0,322,550,1,127
3016,0.000000,322,678,12,310,525,12,141
3017,0.000000,290,710,66,224,295,114,301
3018,0.000000,319,681,245,74,87,510,84
3019,0.000000,295,705,2,293,603,1,101
3020,0.000000,346,654,29,317,455,33,166
3021,0.000000,304,696,0,304,578,1,117
3022,0.000000,307,693,0,307,563,0,130
3023,0.000000,319,681,0,319,573,0,108
3024,0.000000,313,687,0,313,582,0,105
3025,0.000000,275,725,0,275,619,0,106
3026,0.000000,339,661,0,339,537,0,124
3027,0.000000,303,697,0,303,581,0,116
3028,0.000000,314,686,6,308,519,10,157
3029,0.000000,327,673,0,327,574,0,99
3030,0.000000,278,722,0,278,605,0,117
3031,0.000000,301,699,0,301,567,0,132
3032,0.000000,305,695,0,305,564,0,131
3033,0.000000,322,678,0,322,556,0,122
3034,0.000000,289,711,0,289,603,0,108
3035,0.000000,318,682,0,318,551,0,131
3036,0.000000,303,697,0,303,564,0,133
3037,0.000000,314,686,0,314,567,0,119
3038,0.000000,314,686,0,314,574,0,112
3039,0.000000,316,684,0,316,552,0,132
3040,0.000000,323,677,8,315,522,16,139
3041,0.000000,323,677,68,255,275,104,298
3042,0.000000,318,682,253,65,73,520,89
3043,0.000000,295,705,0,295,607,1,97
3044,0.000000,329,671,0,329,569,0,102
3045,0.000000,309,691,0,309,568,0,123
3046,0.000000,297,703,0,297,569,0,134
3047,0.000000,298,702,0,298,582,0,120
3048,0.000000,285,715,38,247,373,83,259
3049,0.000000,320,680,0,320,562,0,118
3050,0.000000,320,680,0,320,570,0,110
3051,0.000000,319,681,27,292,418,62,201
3052,0.000000,340,660,138,202,241,228,191
3053,0.000000,296,704,3,293,588,1,115
3054,0.000000,325,675,0,325,552,0,123
3055,0.000000,297,703,0,297,592,0,111
3056,0.000000,308,692,0,308,576,0,116
3057,0.000000,304,696,0,304,567,0,129
3058,0.000000,315,685,0,315,565,0,120
3059,0.000000,314,686,0,314,559,0,127
3060,0.000000,329,671,0,329,562,0,109
3061,0.000000,285,715,0,285,586,0,129
3062,0.000000,321,679,0,321,560,0,119
3063,0.000000,313,687,0,313,588,0,99
3064,0.000000,311,689,36,275,403,66,220
3065,0.000000,329,671,0,329,567,1,103
3066,0.000000,296,704,0,296,574,0,130
3067,0.000000,327,673,0,327,563,0,110
3068,0.000000,312,688,0,312,582,0,106
3069,0.000000,302,698,0,302,603,0,95
3070,0.000000,318,682,58,260,299,102,281
3071,0.000000,297,703,184,113,141,428,134
3072,0.000000,312,688,0,312,570,1,117
3073,0.000000,335,665,0,335,549,0,116
3074,0.000000,313,687,0,313,574,0,113
3075,0.000000,290,710,0,290,592,0,118
3076,0.000000,317,683,12,305,517,17,149
3077,0.000000,342,658,0,342,549,0,109
3078,0.000000,308,692,0,308,579,0,113
3079,0.000000,329,671,0,329,542,0,129
3080,0.000000,303,697,0,303,579,0,118
3081,0.000000,287,713,0,287,598,0,115
3082,0.000000,317,683,0,317,567,0,116
3083,0.000000,302,698,0,302,566,0,132
3084,0.000000,295,705,0,295,593,0,112
3085,0.000000,346,654,0,346,540,0,114
3086,0.000000,298,702,0,298,576,0,126
3087,0.000000,313,687,0,313,603,0,84
3088,0.000000,339,661,0,339,530,0,131
3089,0.000000,298,702,33,265,403,71,228
3090,0.000000,299,701,46,253,367,94,240
3091,0.000000,280,720,162,118,188,378,154
3092,0.000000,311,689,1,310,576,1,112
3093,0.000000,307,693,0,307,568,0,125
3094,0.000000,308,692,25,283,433,52,207
3095,0.000000,307,693,121,186,199,266,228
3096,0.000000,310,690,0,310,574,1,115
3097,0.000000,316,684,0,316,568,0,116
3098,0.000000,295,705,38,257,424,58,223
3099,0.000000,301,699,129,172,207,287,205
3100,0.000000,310,690,0,310,559,1,130
3101,0.000000,310,690,0,310,570,0,120
3102,0.000000,331,669,0,331,559,0,110
3103,0.000000,315,685,0,315,568,0,117
3104,0.000000,309,691,0,309,568,0,123
3105,0.000000,310,690,0,310,576,0,114
3106,0.000000,310,690,0,310,571,0,119
3107,0.000000,338,662,0,338,542,0,120
3108,0.000000,320,680,0,320,575,0,105
3109,0.000000,291,709,0,291,602,0,107
3110,0.000000,332,668,0,332,555,0,113
3111,0.000000,338,662,0,338,553,0,109
3112,0.000000,308,692,0,308,575,0,117
3113,0.000000,302,698,0,302,574,0,124
3114,0.000000,307,693,0,307,586,0,107
3115,0.000000,317,683,0,317,568,0,115
3116,0.000000,313,687,53,260,368,86,233
3117,0.000000,323,677,0,323,551,1,125
3118,0.000000,299,701,45,254,412,69,220
3119,0.000000,314,686,0,314,567,1,118
3120,0.000000,313,687,0,313,571,0,116
3121,0.000000,281,719,0,281,608,0,111
3122,0.000000,319,681,0,319,571,0,110
3123,0.000000,308,692,0,308,564,0,128
3124,0.000000,278,722,0,278,611,0,111
3125,0.000000,309,691,2,307,572,4,115
3126,0.000000,312,688,1,311,571,1,116
3127,0.000000,313,687,0,313,577,0,110
3128,0.000000,338,662,0,338,554,0,108
3129,0.000000,303,697,0,303,579,0,118
3130,0.000000,323,677,0,323,558,0,119
3131,0.000000,314,686,0,314,577,0,109
3132,0.000000,314,686,0,314,579,0,107
3133,0.000000,302,698,0,302,582,0,116
3134,0.000000,318,682,0,318,559,0,123
3135,0.000000,298,702,0,298,596,0,106
3136,0.000000,322,678,0,322,562,0,116
3137,0.000000,272,728,0,272,615,0,113
3138,0.000000,298,702,15,283,475,50,177
3139,0.000000,317,683,80,237,245,178,260
3140,0.000000,273,727,34,239,378,104,245
3141,0.000000,330,670,0,330,569,0,101
3142,0.000000,322,678,0,322,560,0,118
3143,0.000000,320,680,0,320,560,0,120
3144,0.000000,277,723,0,277,604,0,119
3145,0.000000,309,691,0,309,571,0,120
3146,0.000000,321,679,0,321,562,0,117
3147,0.000000,323,677,0,323,561,0,116
3148,0.000000,324,676,0,324,555,0,121
3149,0.000000,293,707,0,293,584,0,123
3150,0.000000,306,694,0,306,571,0,123
3151,0.000000,319,681,0,319,573,0,108
3152,0.000000,315,685,10,305,533,16,136
3153,0.000000,330,670,62,268,297,117,256
3154,0.000000,309,691,251,58,60,567,64
3155,0.000000,301,699,0,301,582,1,116
3156,0.000000,334,666,53,281,293,88,285
3157,0.000000,333,667,208,125,126,400,141
3158,0.000000,320,680,20,300,490,31,159
3159,0.000000,310,690,0,310,557,0,133
3160,0.000000,314,686,1,313,568,0,118
3161,0.000000,318,682,0,318,578,0,104
3162,0.000000,344,656,0,344,540,0,116
3163,0.000000,307,693,0,307,572,0,121
3164,0.000000,339,661,0,339,550,0,111
3165,0.000000,316,684,0,316,558,0,126
3166,0.000000,282,718,0,282,605,0,113
3167,0.000000,314,686,0,314,585,0,101
3168,0.000000,302,698,0,302,583,0,115
3169,0.000000,306,694,31,275,465,43,186
3170,0.000000,326,674,61,265,335,80,259
3171,0.000000,308,692,0,308,576,0,116
3172,0.000000,282,718,0,282,608,0,110
3173,0.000000,311,689,0,311,556,0,133
3174,0.000000,303,697,0,303,586,0,111
3175,0.000000,314,686,0,314,556,0,130
3176,0.000000,299,701,0,299,587,0,114
3177,0.000000,302,698,0,302,583,0,115
3178,0.000000,309,691,0,309,567,0,124
3179,0.000000,313,687,0,313,586,0,101
3180,0.000000,314,686,0,314,570,0,116
3181,0.000000,293,707,0,293,574,0,133
3182,0.000000,307,693,0,307,575,0,118
3183,0.000000,290,710,0,290,602,0,108
3184,0.000000,327,673,0,327,546,0,127
3185,0.000000,304,696,0,304,578,0,118
3186,0.000000,299,701,0,299,589,0,112
3187,0.000000,298,702,0,298,589,0,113
3188,0.000000,310,690,0,310,585,0,105
3189,0.000000,328,672,0,328,565,0,107
3190,0.000000,279,721,0,279,614,0,107
3191,0.000000,325,675,0,325,555,1,119
3192,0.000000,304,696,0,304,577,0,119
3193,0.000000,294,706,0,294,589,0,117
3194,0.000000,315,685,0,315,569,0,116
3195,0.000000,335,665,25,310,421,46,198
3196,0.000000,308,692,95,213,240,230,222
3197,0.000000,295,705,6,289,557,10,138
3198,0.000000,322,678,71,251,266,123,289
3199,0.000000,299,701,219,80,98,513,90
3200,0.000000,319,681,0,319,576,1,104
3201,0.000000,320,680,0,320,563,0,117
3202,0.000000,280,720,11,269,518,32,170
3203,0.000000,316,684,37,279,359,88,237
3204,0.000000,320,680,164,156,144,344,192
3205,0.000000,328,672,0,328,559,1,112
3206,0.000000,325,675,47,278,374,66,235
3207,0.000000,304,696,145,159,190,335,171
3208,0.000000,336,664,0,336,544,1,119
3209,0.000000,320,680,3,317,530,16,134
3210,0.000000,336,664,74,262,279,113,272
3211,0.000000,315,685,229,86,97,488,100
3212,0.000000,324,676,0,324,568,1,107
3213,0.000000,327,673,0,327,557,0,116
3214,0.000000,307,693,0,307,581,0,112
3215,0.000000,298,702,0,298,573,0,129
3216,0.000000,292,708,0,292,595,0,113
3217,0.000000,314,686,0,314,562,0,124
3218,0.000000,307,693,0,307,577,0,116
3219,0.000000,278,722,0,278,603,0,119
3220,0.000000,286,714,25,261,407,83,224
3221,0.000000,346,654,0,346,536,1,117
3222,0.000000,304,696,9,295,535,21,140
3223,0.000000,338,662,0,338,557,0,105
3224,0.000000,339,661,0,339,538,0,123
3225,0.000000,315,685,0,315,572,0,113
3226,0.000000,328,672,0,328,557,0,115
3227,0.000000,335,665,0,335,538,0,127
3228,0.000000,322,678,63,259,279,117,282
3229,0.000000,335,665,216,119,129,401,135
3230,0.000000,302,698,35,267,375,75,248
3231,0.000000,319,681,173,146,159,363,159
3232,0.000000,303,697,0,303,591,1,105
3233,0.000000,320,680,0,320,557,0,123
3234,0.000000,328,672,3,325,530,8,134
3235,0.000000,295,705,0,295,605,0,100
3236,0.000000,337,663,0,337,556,0,107
3237,0.000000,309,691,1,308,545,2,144
3238,0.000000,339,661,0,339,537,0,124
3239,0.000000,313,687,0,313,581,0,106
3240,0.000000,307,693,0,307,579,0,114
3241,0.000000,309,691,0,309,590,0,101
3242,0.000000,311,689,44,267,366,92,231
3243,0.000000,353,647,208,145,174,313,160
3244,0.000000,311,689,35,276,379,84,226
3245,0.000000,328,672,172,156,166,334,172
3246,0.000000,313,687,57,256,361,76,250
3247,0.000000,335,665,0,335,556,1,108
3248,0.000000,309,691,0,309,570,0,121
3249,0.000000,307,693,0,307,582,0,111
3250,0.000000,318,682,0,318,555,0,127
3251,0.000000,266,734,0,266,614,0,120
3252,0.000000,325,675,0,325,568,0,107
3253,0.000000,287,713,28,259,397,76,240
3254,0.000000,289,711,147,142,186,341,184
3255,0.000000,304,696,0,304,594,1,101
3256,0.000000,303,697,36,267,389,84,224
3257,0.000000,327,673,0,327,558,2,113
3258,0.000000,309,691,0,309,573,0,118
3259,0.000000,310,690,39,271,400,78,212
3260,0.000000,338,662,0,338,556,0,106
3261,0.000000,302,698,41,261,379,78,241
3262,0.000000,332,668,156,176,176,321,171
3263,0.000000,314,686,0,314,572,1,113
3264,0.000000,304,696,0,304,586,0,110
3265,0.000000,301,699,0,301,586,0,113
3266,0.000000,318,682,14,304,478,42,162
3267,0.000000,313,687,84,229,276,161,250
3268,0.000000,320,680,37,283,412,66,202
3269,0.000000,296,704,0,296,595,2,107
3270,0.000000,320,680,0,320,589,0,91
3271,0.000000,315,685,3,312,559,6,120
3272,0.000000,325,675,70,255,286,123,266
3273,0.000000,335,665,236,99,100,474,91
3274,0.000000,321,679,21,300,489,32,158
3275,0.000000,288,712,2,286,606,1,105
3276,0.000000,309,691,0,309,559,0,132
3277,0.000000,312,688,0,312,577,0,111
3278,0.000000,293,707,9,284,549,13,145
3279,0.000000,322,678,79,243,270,128,280
3280,0.000000,334,666,264,70,74,530,62
3281,0.000000,305,695,20,285,491,27,177
3282,0.000000,300,700,0,300,592,1,107
3283,0.000000,285,715,0,285,617,0,98
3284,0.000000,309,691,31,278,466,38,187
3285,0.000000,290,710,0,290,592,1,117
3286,0.000000,307,693,4,303,553,2,138
3287,0.000000,308,692,27,281,476,30,186
3288,0.000000,331,669,13,318,490,26,153
3289,0.000000,297,703,0,297,615,0,88
3290,0.000000,335,665,0,335,545,0,120
3291,0.000000,330,670,48,282,379,69,222
3292,0.000000,303,697,0,303,573,0,124
3293,0.000000,290,710,0,290,602,0,108
3294,0.000000,298,702,0,298,586,0,116
3295,0.000000,306,694,0,306,570,0,124
3296,0.000000,303,697,0,303,578,0,119
3297,0.000000,309,691,0,309,570,0,121
3298,0.000000,323,677,0,323,565,0,112
3299,0.000000,314,686,0,314,571,0,115
3300,0.000000,301,699,0,301,578,0,121
3301,0.000000,321,679,0,321,555,0,124
3302,0.000000,330,670,0,330,552,0,118
3303,0.000000,276,724,0,276,621,0,103
3304,0.000000,292,708,0,292,598,0,110
3305,0.000000,311,689,0,311,577,0,112
3306,0.000000,315,685,0,315,559,0,126
3307,0.000000,332,668,0,332,552,0,116
3308,0.000000,280,720,0,280,601,1,118
3309,0.000000,320,680,31,289,406,69,205
3310,0.000000,321,679,138,183,218,274,187
3311,0.000000,327,673,21,306,484,22,167
3312,0.000000,326,674,4,322,527,12,135
3313,0.000000,316,684,0,316,575,0,109
3314,0.000000,289,711,0,289,596,0,115
3315,0.000000,305,695,43,262,382,84,229
3316,0.000000,306,694,140,166,197,337,160
3317,0.000000,326,674,0,326,558,1,115
3318,0.000000,307,693,0,307,570,0,123
3319,0.000000,284,716,0,284,589,0,127
3320,0.000000,308,692,0,308,574,0,118
3321,0.000000,313,687,0,313,579,0,108
3322,0.000000,289,711,0,289,598,0,113
3323,0.000000,308,692,0,308,575,0,117
3324,0.000000,321,679,0,321,571,0,108
3325,0.000000,327,673,50,277,345,82,246
3326,0.000000,319,681,144,175,175,347,159
3327,0.000000,343,657,0,343,542,1,114
3328,0.000000,299,701,0,299,581,0,120
3329,0.000000,297,703,0,297,589,0,114
3330,0.000000,312,688,0,312,574,0,114
3331,0.000000,327,673,0,327,556,0,117
3332,0.000000,329,671,0,329,562,0,109
3333,0.000000,294,706,0,294,589,0,117
3334,0.000000,294,706,35,259,385,94,227
3335,0.000000,320,680,0,320,561,1,118
3336,0.000000,324,676,0,324,563,0,113
3337,0.000000,314,686,45,269,366,83,237
3338,0.000000,299,701,154,145,148,378,175
3339,0.000000,298,702,47,251,409,59,234
3340,0.000000,324,676,0,324,552,1,123
3341,0.000000,337,663,0,337,540,0,123
3342,0.000000,326,674,0,326,573,0,101
3343,0.000000,267,733,0,267,604,0,129
3344,0.000000,334,666,17,317,498,20,148
3345,0.000000,330,670,89,241,266,131,273
3346,0.000000,340,660,0,340,557,1,102
3347,0.000000,297,703,0,297,604,0,99
3348,0.000000,324,676,0,324,563,0,113
3349,0.000000,327,673,0,327,555,0,118
3350,0.000000,303,697,0,303,581,0,116
3351,0.000000,287,713,0,287,604,0,109
3352,0.000000,328,672,43,285,416,56,200
3353,0.000000,314,686,22,292,463,40,183
3354,0.000000,343,657,0,343,552,0,105
3355,0.000000,302,698,0,302,574,0,124
3356,0.000000,322,678,0,322,562,0,116
3357,0.000000,295,705,0,295,580,0,125
3358,0.000000,322,678,0,322,570,0,108
3359,0.000000,292,708,0,292,598,0,110
3360,0.000000,308,692,0,308,580,0,112
3361,0.000000,315,685,20,295,496,34,155
3362,0.000000,315,685,0,315,570,1,114
3363,0.000000,314,686,0,314,565,0,121
3364,0.000000,311,689,0,311,575,0,114
3365,0.000000,294,706,0,294,600,0,106
3366,0.000000,308,692,2,306,560,9,123
3367,0.000000,305,695,0,305,587,0,108
3368,0.000000,300,700,0,300,581,0,119
3369,0.000000,341,659,0,341,535,0,124
3370,0.000000,328,672,19,309,437,45,190
3371,0.000000,333,667,2,331,535,4,128
3372,0.000000,330,670,0,330,547,1,122
3373,0.000000,308,692,0,308,568,1,123
3374,0.000000,331,669,0,331,559,0,110
3375,0.000000,296,704,0,296,572,0,132
3376,0.000000,297,703,0,297,583,0,120
3377,0.000000,332,668,0,332,566,0,102
3378,0.000000,330,670,0,330,552,1,117
3379,0.000000,300,700,0,300,573,0,127
3380,0.000000,311,689,9,302,504,21,164
3381,0.000000,305,695,72,233,292,119,284
3382,0.000000,325,675,276,49,44,582,49
3383,0.000000,316,684,10,306,529,13,142
3384,0.000000,310,690,57,253,292,114,284
3385,0.000000,326,674,260,66,57,550,67
3386,0.000000,337,663,8,329,495,12,156
3387,0.000000,317,683,66,251,291,100,292
3388,0.000000,314,686,250,64,83,525,78
3389,0.000000,340,660,0,340,554,1,105
3390,0.000000,321,679,0,321,572,0,107
3391,0.000000,323,677,0,323,565,0,112
3392,0.000000,312,688,0,312,570,0,118
3393,0.000000,314,686,0,314,570,0,116
3394,0.000000,323,677,0,323,557,0,120
3395,0.000000,325,675,0,325,565,0,110
3396,0.000000,285,715,0,285,593,1,121
3397,0.000000,311,689,0,311,566,0,123
3398,0.000000,305,695,1,304,589,0,106
3399,0.000000,330,670,0,330,561,0,109
3400,0.000000,311,689,19,292,474,41,174
3401,0.000000,307,693,0,307,579,0,114
3402,0.000000,337,663,0,337,539,0,124
3403,0.000000,313,687,0,313,573,0,114
3404,0.000000,311,689,0,311,578,0,111
3405,0.000000,315,685,0,315,574,0,111
3406,0.000000,301,699,0,301,589,0,110
3407,0.000000,309,691,41,268,430,58,203
3408,0.000000,312,688,0,312,551,0,137
3409,0.000000,306,694,0,306,575,0,119
3410,0.000000,322,678,0,322,564,0,114
3411,0.000000,319,681,41,278,381,56,244
3412,0.000000,318,682,137,181,184,300,198
3413,0.000000,320,680,0,320,543,1,136
3414,0.000000,274,726,0,274,595,0,131
3415,0.000000,322,678,0,322,561,0,117
3416,0.000000,321,679,0,321,580,0,99
3417,0.000000,304,696,69,235,306,116,274
3418,0.000000,317,683,203,114,115,436,132
3419,0.000000,314,686,4,310,572,1,113
3420,0.000000,290,710,0,290,590,0,120
3421,0.000000,316,684,0,316,564,0,120
3422,0.000000,289,711,0,289,593,0,118
3423,0.000000,321,679,0,321,562,0,117
3424,0.000000,309,691,0,309,575,0,116
3425,0.000000,329,671,0,329,562,0,109
3426,0.000000,300,700,0,300,575,0,125
3427,0.000000,302,698,0,302,596,0,102
3428,0.000000,321,679,0,321,547,0,132
3429,0.000000,326,674,0,326,563,0,111
3430,0.000000,320,680,26,294,422,55,203
3431,0.000000,309,691,42,267,431,57,203
3432,0.000000,307,693,29,278,449,57,187
3433,0.000000,320,680,50,270,347,77,256
3434,0.000000,319,681,172,147,165,349,167
3435,0.000000,296,704,0,296,583,1,120
3436,0.000000,322,678,35,287,341,83,254
3437,0.000000,302,698,30,272,411,65,222
3438,0.000000,324,676,136,188,190,306,180
3439,0.000000,300,700,0,300,568,1,131
3440,0.000000,324,676,0,324,560,0,116
3441,0.000000,335,665,54,281,362,62,241
3442,0.000000,289,711,171,118,180,376,155
3443,0.000000,322,678,2,320,564,1,113
3444,0.000000,296,704,0,296,589,0,115
3445,0.000000,311,689,0,311,590,0,99
3446,0.000000,336,664,0,336,543,0,121
3447,0.000000,327,673,0,327,548,0,125
3448,0.000000,314,686,0,314,566,0,120
3449,0.000000,346,654,0,346,542,0,112
3450,0.000000,305,695,0,305,565,0,130
3451,0.000000,340,660,45,295,369,54,237
3452,0.000000,310,690,140,170,192,289,209
3453,0.000000,307,693,2,305,571,1,121
3454,0.000000,317,683,17,300,490,42,151
3455,0.000000,325,675,68,257,256,151,268
3456,0.000000,308,692,0,308,571,1,120
3457,0.000000,294,706,19,275,482,43,181
3458,0.000000,285,715,0,285,597,0,118
3459,0.000000,308,692,58,250,321,117,254
3460,0.000000,296,704,197,99,132,445,127
3461,0.000000,326,674,0,326,546,1,127
3462,0.000000,281,719,7,274,558,19,142
3463,0.000000,302,698,0,302,564,1,133
3464,0.000000,322,678,0,322,571,0,107
3465,0.000000,288,712,0,288,599,0,113
3466,0.000000,316,684,0,316,579,0,105
3467,0.000000,294,706,0,294,586,0,120
3468,0.000000,306,694,0,306,587,0,107
3469,0.000000,308,692,0,308,567,0,125
3470,0.000000,310,690,0,310,574,0,116
3471,0.000000,293,707,38,255,460,56,191
3472,0.000000,323,677,121,202,225,229,223
3473,0.000000,328,672,17,311,508,18,146
3474,0.000000,325,675,67,258,300,116,259
3475,0.000000,324,676,292,32,42,595,39
3476,0.000000,287,713,29,258,439,69,205
3477,0.000000,329,671,0,329,565,0,106
3478,0.000000,348,652,0,348,530,0,122
3479,0.000000,347,653,0,347,538,0,115
3480,0.000000,337,663,0,337,548,0,115
3481,0.000000,295,705,0,295,584,0,121
3482,0.000000,335,665,0,335,567,0,98
3483,0.000000,314,686,24,290,476,43,167
3484,0.000000,326,674,25,301,423,51,200
3485,0.000000,295,705,107,188,236,235,234
3486,0.000000,308,692,0,308,576,1,115
3487,0.000000,305,695,0,305,595,0,100
3488,0.000000,326,674,0,326,575,0,99
3489,0.000000,329,671,0,329,560,0,111
3490,0.000000,314,686,0,314,565,0,121
3491,0.000000,306,694,0,306,573,0,121
3492,0.000000,311,689,0,311,584,0,105
3493,0.000000,319,681,0,319,576,0,105
3494,0.000000,328,672,0,328,554,0,118
3495,0.000000,330,670,0,330,557,0,113
3496,0.000000,319,681,0,319,559,0,122
3497,0.000000,305,695,0,305,564,0,131
3498,0.000000,298,702,0,298,598,0,104
3499,0.000000,332,668,0,332,548,0,120
3500,0.000000,312,688,0,312,571,0,117
3501,0.000000,290,710,0,290,598,0,112
3502,0.000000,304,696,0,304,576,0,120
3503,0.000000,317,683,45,272,374,85,224
3504,0.000000,313,687,1,312,569,0,118
3505,0.000000,314,686,0,314,573,0,113
3506,0.000000,314,686,0,314,562,0,124
3507,0.000000,295,705,6,289,540,10,155
3508,0.000000,309,691,1,308,580,0,111
3509,0.000000,341,659,10,331,510,10,139
3510,0.000000,328,672,0,328,552,0,120
3511,0.000000,316,684,0,316,575,0,109
3512,0.000000,279,721,0,279,596,0,125
3513,0.000000,301,699,12,289,538,18,143
3514,0.000000,317,683,58,259,272,115,296
3515,0.000000,314,686,258,56,69,525,92
3516,0.000000,287,713,1,286,586,1,126
3517,0.000000,278,722,52,226,346,90,286
3518,0.000000,277,723,172,105,161,390,172
3519,0.000000,289,711,0,289,589,1,121
3520,0.000000,310,690,29,281,405,61,224
3521,0.000000,299,701,123,176,213,277,211
3522,0.000000,279,721,0,279,595,1,125
3523,0.000000,295,705,0,295,588,0,117
3524,0.000000,299,701,0,299,578,0,123
3525,0.000000,325,675,0,325,578,0,97
3526,0.000000,313,687,0,313,563,0,124
3527,0.000000,318,682,0,318,564,0,118
3528,0.000000,294,706,6,288,545,19,142
3529,0.000000,327,673,70,257,271,119,283
3530,0.000000,316,684,270,46,64,569,51
3531,0.000000,320,680,0,320,568,1,111
3532,0.000000,298,702,0,298,579,0,123
3533,0.000000,297,703,0,297,578,0,125
3534,0.000000,308,692,5,303,495,30,167
3535,0.000000,308,692,58,250,283,129,280
3536,0.000000,334,666,309,25,43,593,30
3537,0.000000,333,667,1,332,530,1,136
3538,0.000000,321,679,0,321,571,0,108
3539,0.000000,313,687,0,313,572,0,115
3540,0.000000,321,679,0,321,563,0,116
3541,0.000000,303,697,0,303,586,0,111
3542,0.000000,281,719,35,246,411,64,244
3543,0.000000,309,691,0,309,568,1,122
3544,0.000000,284,716,13,271,508,27,181
3545,0.000000,323,677,76,247,266,135,276
3546,0.000000,300,700,0,300,569,1,130
3547,0.000000,298,702,0,298,585,0,117
3548,0.000000,284,716,0,284,609,0,107
3549,0.000000,310,690,0,310,561,0,129
3550,0.000000,287,713,0,287,594,0,119
3551,0.000000,299,701,0,299,590,0,111
3552,0.000000,307,693,0,307,578,0,115
3553,0.000000,321,679,0,321,577,0,102
3554,0.000000,331,669,0,331,564,0,105
3555,0.000000,307,693,0,307,576,0,117
3556,0.000000,299,701,19,280,472,40,189
3557,0.000000,319,681,104,215,249,176,256
3558,0.000000,320,680,0,320,571,1,108
3559,0.000000,317,683,0,317,558,0,125
3560,0.000000,311,689,0,311,570,0,119
3561,0.000000,293,707,0,293,593,0,114
3562,0.000000,330,670,39,291,392,68,210
3563,0.000000,317,683,7,310,524,15,144
3564,0.000000,307,693,63,244,297,125,271
3565,0.000000,311,689,264,47,93,527,69
3566,0.000000,315,685,0,315,562,1,122
3567,0.000000,288,712,0,288,598,0,114
3568,0.000000,306,694,0,306,575,0,119
3569,0.000000,305,695,2,303,561,6,128
3570,0.000000,309,691,78,231,287,124,280
3571,0.000000,334,666,246,88,106,474,86
3572,0.000000,282,718,1,281,608,1,109
3573,0.000000,326,674,47,279,343,71,260
3574,0.000000,317,683,176,141,158,360,165
3575,0.000000,338,662,0,338,537,1,124
3576,0.000000,341,659,0,341,524,1,134
3577,0.000000,313,687,1,312,579,1,107
3578,0.000000,298,702,22,276,461,39,202
3579,0.000000,337,663,115,222,223,214,226
3580,0.000000,308,692,62,246,352,81,259
3581,0.000000,307,693,173,134,159,379,155
3582,0.000000,305,695,1,304,576,1,118
3583,0.000000,296,704,0,296,596,0,108
3584,0.000000,322,678,0,322,537,0,141
3585,0.000000,310,690,0,310,577,0,113
3586,0.000000,318,682,0,318,570,0,112
3587,0.000000,329,671,1,328,548,0,123
3588,0.000000,305,695,2,303,572,3,120
3589,0.000000,321,679,22,299,472,38,169
3590,0.000000,310,690,83,227,288,142,260
3591,0.000000,291,709,0,291,606,1,102
3592,0.000000,329,671,0,329,559,0,112
3593,0.000000,328,672,0,328,563,0,109
3594,0.000000,346,654,0,346,549,0,105
3595,0.000000,336,664,0,336,542,0,122
3596,0.000000,310,690,54,256,342,83,265
3597,0.000000,309,691,0,309,556,1,134
3598,0.000000,324,676,7,317,517,19,140
3599,0.000000,310,690,55,255,279,128,283
3600,0.000000,300,700,255,45,43,587,70
3601,0.000000,300,700,0,300,591,1,108
3602,0.000000,318,682,0,318,572,0,110
3603,0.000000,316,684,0,316,571,0,113
3604,0.000000,320,680,0,320,558,0,122
3605,0.000000,299,701,40,259,364,88,249
3606,0.000000,317,683,6,311,538,9,136
3607,0.000000,308,692,68,240,290,117,285
3608,0.000000,302,698,219,83,110,496,92
3609,0.000000,340,660,0,340,548,1,111
3610,0.000000,337,663,0,337,535,0,128
3611,0.000000,313,687,44,269,356,79,252
3612,0.000000,303,697,160,143,177,347,173
3613,0.000000,316,684,0,316,567,1,116
3614,0.000000,301,699,0,301,566,0,133
3615,0.000000,298,702,0,298,582,0,120
3616,0.000000,321,679,0,321,573,0,106
3617,0.000000,319,681,0,319,561,0,120
3618,0.000000,324,676,0,324,569,0,107
3619,0.000000,329,671,12,317,513,20,138
3620,0.000000,331,669,0,331,557,0,112
3621,0.000000,303,697,0,303,580,0,117
3622,0.000000,322,678,55,267,347,88,243
3623,0.000000,291,709,148,143,163,382,164
3624,0.000000,326,674,0,326,552,1,121
3625,0.000000,330,670,0,330,557,0,113
3626,0.000000,303,697,0,303,576,0,121
3627,0.000000,334,666,0,334,545,0,121
3628,0.000000,320,680,0,320,568,0,112
3629,0.000000,322,678,0,322,565,0,113
3630,0.000000,341,659,0,341,542,0,117
3631,0.000000,298,702,0,298,558,0,144
3632,0.000000,323,677,0,323,558,0,119
3633,0.000000,310,690,0,310,567,0,123
3634,0.000000,309,691,5,304,547,6,138
3635,0.000000,324,676,71,253,306,115,255
3636,0.000000,306,694,213,93,112,487,95
3637,0.000000,290,710,0,290,591,1,118
3638,0.000000,324,676,0,324,554,0,122
3639,0.000000,300,700,0,300,579,0,121
3640,0.000000,308,692,0,308,577,0,115
3641,0.000000,327,673,0,327,572,0,101
3642,0.000000,304,696,0,304,585,0,111
3643,0.000000,321,679,0,321,564,0,115
3644,0.000000,312,688,1,311,553,5,130
3645,0.000000,294,706,73,221,293,117,296
3646,0.000000,328,672,225,103,110,462,100
3647,0.000000,309,691,14,295,507,19,165
3648,0.000000,294,706,51,243,305,108,293
3649,0.000000,341,659,290,51,60,536,63
3650,0.000000,322,678,0,322,556,1,121
3651,0.000000,294,706,0,294,574,0,132
3652,0.000000,310,690,9,301,524,17,149
3653,0.000000,331,669,67,264,270,115,284
3654,0.000000,319,681,256,63,78,523,80
3655,0.000000,299,701,0,299,600,1,100
3656,0.000000,331,669,0,331,560,0,109
3657,0.000000,325,675,46,279,356,85,234
3658,0.000000,311,689,0,311,579,1,109
3659,0.000000,292,708,0,292,600,0,108
3660,0.000000,332,668,0,332,551,0,117
3661,0.000000,315,685,0,315,568,0,117
3662,0.000000,313,687,43,270,386,80,221
3663,0.000000,343,657,196,147,167,324,166
3664,0.000000,309,691,0,309,585,1,105
3665,0.000000,313,687,0,313,563,0,124
3666,0.000000,341,659,38,303,355,74,230
3667,0.000000,314,686,5,309,530,15,141
3668,0.000000,333,667,75,258,281,117,269
3669,0.000000,321,679,253,68,74,523,82
3670,0.000000,311,689,1,310,570,1,118
3671,0.000000,317,683,0,317,577,0,106
3672,0.000000,304,696,0,304,585,0,111
3673,0.000000,310,690,0,310,582,0,108
3674,0.000000,303,697,0,303,576,0,121
3675,0.000000,321,679,0,321,574,0,105
3676,0.000000,312,688,0,312,569,0,119
3677,0.000000,314,686,0,314,569,0,117
3678,0.000000,286,714,0,286,601,0,113
3679,0.000000,300,700,0,300,587,0,113
3680,0.000000,316,684,4,312,549,7,128
3681,0.000000,313,687,0,313,587,0,100
3682,0.000000,317,683,0,317,566,0,117
3683,0.000000,321,679,0,321,574,0,105
3684,0.000000,305,695,31,274,458,55,182
3685,0.000000,317,683,1,316,572,0,111
3686,0.000000,306,694,0,306,571,0,123
3687,0.000000,290,710,0,290,595,0,115
3688,0.000000,314,686,0,314,585,0,101
3689,0.000000,315,685,0,315,583,0,102
3690,0.000000,309,691,0,309,587,0,104
3691,0.000000,301,699,0,301,588,0,111
3692,0.000000,303,697,0,303,590,0,107
3693,0.000000,320,680,0,320,580,0,100
3694,0.000000,302,698,0,302,587,0,111
3695,0.000000,294,706,0,294,582,0,124
3696,0.000000,318,682,26,292,474,36,172
3697,0.000000,286,714,78,208,271,184,259
3698,0.000000,303,697,0,303,591,1,105
3699,0.000000,331,669,0,331,548,0,121
3700,0.000000,296,704,0,296,577,0,127
3701,0.000000,321,679,0,321,537,0,142
3702,0.000000,294,706,32,262,457,47,202
3703,0.000000,302,698,102,200,247,194,257
3704,0.000000,301,699,20,281,492,37,170
3705,0.000000,331,669,85,246,256,161,252
3706,0.000000,302,698,0,302,582,1,115
3707,0.000000,314,686,0,314,576,0,110
3708,0.000000,311,689,49,262,378,72,239
3709,0.000000,329,671,171,158,170,316,185
3710,0.000000,314,686,0,314,561,1,124
3711,0.000000,298,702,0,298,582,0,120
3712,0.000000,305,695,0,305,589,0,106
3713,0.000000,319,681,21,298,436,62,183
3714,0.000000,330,670,0,330,568,0,102
3715,0.000000,334,666,6,328,532,9,125
3716,0.000000,328,672,72,256,282,119,271
3717,0.000000,309,691,207,102,96,483,112
3718,0.000000,293,707,0,293,603,1,103
3719,0.000000,330,670,0,330,577,0,93
3720,0.000000,338,662,0,338,547,0,115
3721,0.000000,320,680,0,320,565,0,115
3722,0.000000,310,690,13,297,512,24,154
3723,0.000000,314,686,66,248,286,122,278
3724,0.000000,315,685,267,48,48,586,51
3725,0.000000,298,702,0,298,596,1,105
3726,0.000000,342,658,0,342,554,0,104
3727,0.000000,309,691,12,297,472,30,189
3728,0.000000,310,690,1,309,581,1,108
3729,0.000000,303,697,0,303,566,0,131
3730,0.000000,346,654,0,346,543,0,111
3731,0.000000,322,678,0,322,554,0,124
3732,0.000000,312,688,49,263,360,85,243
3733,0.000000,311,689,31,280,468,37,184
3734,0.000000,312,688,111,201,246,229,213
3735,0.000000,307,693,0,307,570,1,122
3736,0.000000,311,689,0,311,566,0,123
3737,0.000000,320,680,0,320,557,0,123
3738,0.000000,326,674,0,326,551,0,123
3739,0.000000,325,675,0,325,564,0,111
3740,0.000000,315,685,0,315,560,0,125
3741,0.000000,300,700,15,285,531,24,145
3742,0.000000,309,691,0,309,565,0,126
3743,0.000000,300,700,0,300,576,0,124
3744,0.000000,334,666,25,309,433,42,191
3745,0.000000,286,714,96,190,258,224,232
3746,0.000000,304,696,0,304,581,1,114
3747,0.000000,281,719,0,281,618,0,101
3748,0.000000,279,721,0,279,605,0,116
3749,0.000000,289,711,0,289,585,0,126
3750,0.000000,298,702,0,298,591,0,111
3751,0.000000,311,689,0,311,579,0,110
3752,0.000000,291,709,0,291,600,0,109
3753,0.000000,327,673,7,320,495,12,166
3754,0.000000,295,705,0,295,587,0,118
3755,0.000000,320,680,0,320,571,0,109
3756,0.000000,335,665,0,335,535,0,130
3757,0.000000,305,695,0,305,584,0,111
3758,0.000000,312,688,1,311,580,0,108
3759,0.000000,313,687,0,313,573,0,114
3760,0.000000,291,709,0,291,591,0,118
3761,0.000000,296,704,0,296,587,0,117
3762,0.000000,332,668,0,332,539,0,129
3763,0.000000,321,679,0,321,567,0,112
3764,0.000000,314,686,16,298,506,30,150
3765,0.000000,327,673,83,244,256,153,264
3766,0.000000,316,684,0,316,579,1,104
3767,0.000000,284,716,8,276,511,36,169
3768,0.000000,311,689,79,232,240,134,315
3769,0.000000,326,674,7,319,498,24,152
3770,0.000000,297,703,65,232,286,140,277
3771,0.000000,302,698,267,35,29,642,27
3772,0.000000,309,691,0,309,565,1,125
3773,0.000000,293,707,0,293,598,0,109
3774,0.000000,345,655,0,345,544,0,111
3775,0.000000,298,702,0,298,590,0,112
3776,0.000000,307,693,25,282,419,57,217
3777,0.000000,293,707,0,293,597,0,110
3778,0.000000,268,732,0,268,604,0,128
3779,0.000000,316,684,40,276,463,43,178
3780,0.000000,280,720,104,176,274,229,217
3781,0.000000,287,713,1,286,611,1,101
3782,0.000000,360,640,30,330,458,33,149
3783,0.000000,312,688,80,232,251,194,243
3784,0.000000,284,716,10,274,535,25,156
3785,0.000000,328,672,0,328,556,1,115
3786,0.000000,329,671,0,329,542,0,129
3787,0.000000,304,696,0,304,569,0,127
3788,0.000000,321,679,0,321,572,0,107
3789,0.000000,319,681,40,279,418,65,198
3790,0.000000,279,721,117,162,180,326,215
3791,0.000000,302,698,0,302,586,1,111
3792,0.000000,293,707,2,291,552,9,146
3793,0.000000,343,657,0,343,540,0,117
3794,0.000000,308,692,0,308,572,0,120
3795,0.000000,307,693,0,307,584,0,109
3796,0.000000,305,695,0,305,582,0,113
3797,0.000000,321,679,0,321,568,0,111
3798,0.000000,294,706,0,294,590,0,116
3799,0.000000,350,650,0,350,529,0,121
3800,0.000000,300,700,0,300,574,0,126
3801,0.000000,276,724,4,272,560,12,152
3802,0.000000,342,658,2,340,548,1,109
3803,0.000000,299,701,0,299,593,0,108
3804,0.000000,317,683,0,317,571,0,112
3805,0.000000,338,662,38,300,395,54,213
3806,0.000000,349,651,0,349,539,1,111
3807,0.000000,290,710,0,290,596,0,114
3808,0.000000,311,689,0,311,558,0,131
3809,0.000000,304,696,0,304,577,0,119
3810,0.000000,311,689,0,311,586,0,103
3811,0.000000,311,689,0,311,584,0,105
3812,0.000000,295,705,56,239,378,89,238
3813,0.000000,294,706,163,131,171,355,180
3814,0.000000,323,677,0,323,577,1,99
3815,0.000000,302,698,0,302,575,0,123
3816,0.000000,314,686,0,314,570,0,116
3817,0.000000,308,692,0,308,585,0,107
3818,0.000000,318,682,0,318,568,0,114
3819,0.000000,303,697,0,303,580,0,117
3820,0.000000,283,717,0,283,600,0,117
3821,0.000000,294,706,0,294,593,0,113
3822,0.000000,289,711,0,289,592,0,119
3823,0.000000,308,692,0,308,577,1,114
3824,0.000000,314,686,0,314,566,0,120
3825,0.000000,304,696,0,304,568,0,128
3826,0.000000,313,687,0,313,570,0,117
3827,0.000000,319,681,36,283,381,72,228
3828,0.000000,351,649,169,182,168,324,157
3829,0.000000,295,705,0,295,587,1,117
3830,0.000000,334,666,0,334,556,0,110
3831,0.000000,312,688,0,312,562,0,126
3832,0.000000,308,692,0,308,598,0,94
3833,0.000000,300,700,0,300,587,0,113
3834,0.000000,301,699,0,301,562,0,137
3835,0.000000,319,681,31,288,401,70,210
3836,0.000000,302,698,2,300,601,1,96
3837,0.000000,296,704,0,296,583,0,121
3838,0.000000,308,692,0,308,581,0,111
3839,0.000000,298,702,0,298,593,0,109
3840,0.000000,327,673,0,327,544,0,129
3841,0.000000,319,681,10,309,516,10,155
3842,0.000000,309,691,0,309,575,2,114
3843,0.000000,324,676,0,324,559,0,117
3844,0.000000,296,704,0,296,592,0,112
3845,0.000000,325,675,0,325,563,0,112
3846,0.000000,317,683,36,281,419,69,195
3847,0.000000,301,699,2,299,590,1,108
3848,0.000000,336,664,25,311,449,48,167
3849,0.000000,323,677,0,323,559,1,117
3850,0.000000,298,702,0,298,571,0,131
3851,0.000000,308,692,0,308,574,0,118
3852,0.000000,323,677,0,323,566,0,111
3853,0.000000,313,687,0,313,571,0,116
3854,0.000000,311,689,0,311,571,0,118
3855,0.000000,314,686,0,314,567,0,119
3856,0.000000,334,666,0,334,537,0,129
3857,0.000000,302,698,0,302,593,0,105
3858,0.000000,298,702,0,298,586,0,116
3859,0.000000,337,663,15,322,475,23,165
3860,0.000000,275,725,55,220,300,119,306
3861,0.000000,294,706,261,33,40,623,43
3862,0.000000,335,665,19,316,400,56,209
3863,0.000000,319,681,0,319,567,0,114
3864,0.000000,336,664,0,336,560,0,104
3865,0.000000,289,711,0,289,602,0,109
3866,0.000000,306,694,0,306,577,0,117
3867,0.000000,357,643,0,357,526,0,117
3868,0.000000,337,663,0,337,563,0,100
3869,0.000000,321,679,0,321,559,0,120
3870,0.000000,305,695,0,305,563,0,132
3871,0.000000,332,668,0,332,563,0,105
3872,0.000000,300,700,0,300,584,0,116
3873,0.000000,307,693,0,307,580,0,113
3874,0.000000,318,682,0,318,562,0,120
3875,0.000000,295,705,0,295,586,0,119
3876,0.000000,278,722,0,278,609,0,113
3877,0.000000,326,674,0,326,556,0,118
3878,0.000000,312,688,0,312,586,0,102
3879,0.000000,312,688,0,312,582,0,106
3880,0.000000,309,691,0,309,588,0,103
3881,0.000000,294,706,23,271,488,52,166
3882,0.000000,317,683,95,222,262,190,231
3883,0.000000,334,666,0,334,551,1,114
3884,0.000000,325,675,0,325,556,0,119
3885,0.000000,292,708,0,292,592,0,116
3886,0.000000,323,677,40,283,357,60,260
3887,0.000000,335,665,158,177,198,299,168
3888,0.000000,318,682,1,317,561,1,120
3889,0.000000,316,684,0,316,573,0,111
3890,0.000000,308,692,0,308,576,0,116
3891,0.000000,328,672,0,328,566,0,106
3892,0.000000,306,694,0,306,582,0,112
3893,0.000000,296,704,16,280,490,36,178
3894,0.000000,293,707,78,215,258,157,292
3895,0.000000,351,649,52,299,373,55,221
3896,0.000000,330,670,162,168,162,333,175
3897,0.000000,326,674,0,326,572,1,101
3898,0.000000,305,695,0,305,590,0,105
3899,0.000000,321,679,41,280,367,89,223
3900,0.000000,298,702,164,134,183,347,172
3901,0.000000,308,692,0,308,590,1,101
3902,0.000000,312,688,23,289,436,50,202
3903,0.000000,297,703,0,297,572,0,131
3904,0.000000,310,690,0,310,566,0,124
3905,0.000000,312,688,0,312,583,0,105
3906,0.000000,300,700,0,300,587,0,113
3907,0.000000,297,703,0,297,561,4,138
3908,0.000000,303,697,51,252,321,125,251
3909,0.000000,329,671,230,99,106,468,97
3910,0.000000,321,679,0,321,555,1,123
3911,0.000000,316,684,0,316,569,0,115
3912,0.000000,315,685,0,315,578,0,107
3913,0.000000,310,690,41,269,379,87,224
3914,0.000000,326,674,165,161,173,338,163
3915,0.000000,316,684,13,303,487,28,169
3916,0.000000,346,654,84,262,254,141,259
3917,0.000000,307,693,0,307,570,1,122
3918,0.000000,310,690,0,310,567,0,123
3919,0.000000,299,701,0,299,586,0,115
3920,0.000000,306,694,0,306,595,0,99
3921,0.000000,303,697,0,303,569,0,128
3922,0.000000,328,672,6,322,540,11,121
3923,0.000000,317,683,70,247,285,109,289
3924,0.000000,296,704,197,99,86,516,102
3925,0.000000,274,726,2,272,612,1,113
3926,0.000000,306,694,0,306,572,0,122
3927,0.000000,296,704,0,296,595,0,109
3928,0.000000,317,683,0,317,570,0,113
3929,0.000000,303,697,0,303,588,0,109
3930,0.000000,326,674,0,326,558,0,116
3931,0.000000,306,694,0,306,572,0,122
3932,0.000000,311,689,0,311,573,0,116
3933,0.000000,291,709,3,288,577,7,125
3934,0.000000,284,716,2,282,597,1,118
3935,0.000000,328,672,30,298,447,43,182
3936,0.000000,335,665,112,223,223,192,250
3937,0.000000,320,680,0,320,557,1,122
3938,0.000000,333,667,0,333,569,0,98
3939,0.000000,319,681,0,319,560,0,121
3940,0.000000,274,726,0,274,608,0,118
3941,0.000000,315,685,0,315,582,0,103
3942,0.000000,327,673,0,327,553,0,120
3943,0.000000,310,690,0,310,581,0,109
3944,0.000000,292,708,0,292,588,0,120
3945,0.000000,308,692,14,294,499,27,166
3946,0.000000,300,700,70,230,278,141,281
3947,0.000000,326,674,34,292,396,59,219
3948,0.000000,324,676,0,324,557,2,117
3949,0.000000,301,699,1,300,572,4,123
3950,0.000000,315,685,0,315,548,0,137
3951,0.000000,301,699,18,283,491,33,175
3952,0.000000,281,719,76,205,279,173,267
3953,0.000000,301,699,1,300,583,1,115
3954,0.000000,292,708,0,292,589,0,119
3955,0.000000,323,677,0,323,553,0,124
3956,0.000000,290,710,0,290,588,0,122
3957,0.000000,300,700,0,300,589,0,111
3958,0.000000,322,678,0,322,568,0,110
3959,0.000000,292,708,0,292,586,0,122
3960,0.000000,302,698,0,302,577,0,121
3961,0.000000,275,725,0,275,600,0,125
3962,0.000000,315,685,0,315,566,0,119
3963,0.000000,290,710,0,290,600,0,110
3964,0.000000,320,680,0,320,569,0,111
3965,0.000000,321,679,0,321,557,0,122
3966,0.000000,320,680,0,320,557,0,123
3967,0.000000,337,663,0,337,555,0,108
3968,0.000000,303,697,8,295,526,14,157
3969,0.000000,299,701,0,299,592,0,109
3970,0.000000,339,661,0,339,548,0,113
3971,0.000000,324,676,0,324,559,0,117
3972,0.000000,342,658,0,342,545,0,113
3973,0.000000,292,708,0,292,586,0,122
3974,0.000000,319,681,4,315,516,8,157
3975,0.000000,308,692,0,308,573,0,119
3976,0.000000,333,667,0,333,552,0,115
3977,0.000000,277,723,0,277,604,0,119
3978,0.000000,294,706,0,294,592,0,114
3979,0.000000,326,674,0,326,556,0,118
3980,0.000000,319,681,0,319,569,0,112
3981,0.000000,331,669,25,306,446,31,192
3982,0.000000,302,698,20,282,461,45,192
3983,0.000000,305,695,0,305,568,1,126
3984,0.000000,322,678,0,322,574,0,104
3985,0.000000,326,674,0,326,562,0,112
3986,0.000000,318,682,0,318,566,0,116
3987,0.000000,291,709,0,291,597,0,112
3988,0.000000,322,678,0,322,567,0,111
3989,0.000000,322,678,0,322,558,1,119
3990,0.000000,330,670,0,330,550,0,120
3991,0.000000,305,695,0,305,579,0,116
3992,0.000000,298,702,0,298,576,0,126
3993,0.000000,325,675,0,325,541,0,134
3994,0.000000,305,695,0,305,559,0,136
3995,0.000000,312,688,68,244,307,103,278
3996,0.000000,315,685,199,116,133,431,121
3997,0.000000,305,695,0,305,574,1,120
3998,0.000000,324,676,0,324,562,0,114
3999,0.000000,323,677,0,323,575,0,102
4000,0.000000,328,672,0,328,540,0,132
4001,0.000000,315,685,0,315,586,0,99
4002,0.000000,332,668,0,332,556,0,112
4003,0.000000,307,693,0,307,580,0,113
4004,0.000000,315,685,0,315,572,0,113
4005,0.000000,301,699,0,301,580,0,119
4006,0.000000,317,683,0,317,580,0,103
4007,0.000000,301,699,0,301,582,0,117
4008,0.000000,318,682,40,278,433,44,205
4009,0.000000,310,690,0,310,583,0,107
4010,0.000000,298,702,0,298,586,0,116
4011,0.000000,316,684,0,316,560,0,124
4012,0.000000,311,689,0,311,565,0,124
4013,0.000000,313,687,31,282,418,70,199
4014,0.000000,317,683,130,187,194,267,222
4015,0.000000,332,668,2,330,566,1,101
4016,0.000000,304,696,0,304,582,0,114
4017,0.000000,327,673,24,303,463,34,176
4018,0.000000,317,683,16,301,500,27,156
4019,0.000000,291,709,70,221,265,156,288
4020,0.000000,334,666,40,294,407,49,210
4021,0.000000,324,676,0,324,570,0,106
4022,0.000000,294,706,40,254,378,75,253
4023,0.000000,300,700,142,158,184,337,179
4024,0.000000,309,691,0,309,576,1,114
4025,0.000000,287,713,0,287,610,0,103
4026,0.000000,338,662,0,338,539,0,123
4027,0.000000,319,681,0,319,561,0,120
4028,0.000000,313,687,0,313,584,0,103
4029,0.000000,332,668,0,332,560,0,108
4030,0.000000,297,703,0,297,588,0,115
4031,0.000000,333,667,0,333,553,0,114
4032,0.000000,299,701,0,299,589,0,112
4033,0.000000,331,669,0,331,558,0,111
4034,0.000000,327,673,0,327,538,0,135
4035,0.000000,321,679,0,321,547,0,132
4036,0.000000,318,682,0,318,570,0,112
4037,0.000000,325,675,17,308,493,26,156
4038,0.000000,322,678,2,320,553,1,124
4039,0.000000,342,658,0,342,531,0,127
4040,0.000000,315,685,0,315,552,0,133
4041,0.000000,343,657,0,343,557,0,100
4042,0.000000,319,681,29,290,419,53,209
4043,0.000000,297,703,134,163,213,276,214
4044,0.000000,327,673,0,327,559,1,113
4045,0.000000,319,681,0,319,575,0,106
4046,0.000000,319,681,0,319,575,0,106
4047,0.000000,298,702,1,297,560,0,142
4048,0.000000,314,686,0,314,579,0,107
4049,0.000000,313,687,3,310,533,7,147
4050,0.000000,327,673,28,299,424,54,195
4051,0.000000,328,672,34,294,442,35,195
4052,0.000000,304,696,100,204,245,215,236
4053,0.000000,314,686,0,314,564,1,121
4054,0.000000,302,698,0,302,597,0,101
4055,0.000000,295,705,0,295,590,0,115
4056,0.000000,318,682,0,318,564,0,118
4057,0.000000,296,704,0,296,580,0,124
4058,0.000000,321,679,0,321,570,0,109
4059,0.000000,297,703,0,297,597,0,106
4060,0.000000,326,674,0,326,548,0,126
4061,0.000000,315,685,0,315,570,0,115
4062,0.000000,324,676,0,324,559,0,117
4063,0.000000,299,701,0,299,583,0,118
4064,0.000000,310,690,0,310,576,0,114
4065,0.000000,307,693,48,259,381,93,219
4066,0.000000,320,680,0,320,571,0,109
4067,0.000000,298,702,0,298,587,0,115
4068,0.000000,293,707,0,293,608,0,99
4069,0.000000,316,684,0,316,572,0,112
4070,0.000000,307,693,14,293,540,20,133
4071,0.000000,322,678,73,249,285,119,274
4072,0.000000,311,689,249,62,81,543,65
4073,0.000000,299,701,2,297,583,1,117
4074,0.000000,306,694,0,306,562,0,132
4075,0.000000,324,676,14,310,459,37,180
4076,0.000000,323,677,77,246,285,144,248
4077,0.000000,305,695,0,305,587,1,107
4078,0.000000,302,698,0,302,586,0,112
4079,0.000000,300,700,0,300,581,0,119
4080,0.000000,292,708,0,292,591,0,117
4081,0.000000,307,693,0,307,563,0,130
4082,0.000000,327,673,16,311,471,35,167
4083,0.000000,305,695,74,231,253,154,288
4084,0.000000,314,686,2,312,569,1,116
4085,0.000000,313,687,51,262,363,79,245
4086,0.000000,333,667,171,162,162,344,161
4087,0.000000,313,687,2,311,571,1,115
4088,0.000000,318,682,0,318,573,0,109
4089,0.000000,318,682,0,318,565,0,117
4090,0.000000,305,695,1,304,576,0,119
4091,0.000000,302,698,7,295,535,23,140
4092,0.000000,311,689,0,311,575,0,114
4093,0.000000,333,667,0,333,553,0,114
4094,0.000000,327,673,0,327,544,0,129
4095,0.000000,296,704,51,245,315,105,284
4096,0.000000,302,698,189,113,146,418,134
4097,0.000000,280,720,15,265,545,31,144
4098,0.000000,329,671,63,266,272,120,279
4099,0.000000,360,640,315,45,27,586,27
4100,0.000000,285,715,0,285,608,1,106
4101,0.000000,322,678,0,322,557,0,121
4102,0.000000,303,697,0,303,590,0,107
4103,0.000000,302,698,0,302,586,0,112
4104,0.000000,312,688,0,312,567,0,121
4105,0.000000,287,713,0,287,592,0,121
4106,0.000000,319,681,0,319,570,0,111
4107,0.000000,299,701,0,299,573,0,128
4108,0.000000,318,682,41,277,386,79,217
4109,0.000000,331,669,173,158,173,324,172
4110,0.000000,319,681,0,319,561,1,119
4111,0.000000,311,689,0,311,581,0,108
4112,0.000000,300,700,0,300,579,0,121
4113,0.000000,309,691,42,267,346,81,264
4114,0.000000,317,683,185,132,172,349,162
4115,0.000000,296,704,14,282,494,40,170
4116,0.000000,329,671,81,248,272,127,272
4117,0.000000,320,680,0,320,578,1,101
4118,0.000000,326,674,0,326,551,0,123
4119,0.000000,292,708,0,292,604,0,104
4120,0.000000,326,674,0,326,576,0,98
4121,0.000000,312,688,0,312,567,0,121
4122,0.000000,316,684,0,316,558,0,126
4123,0.000000,298,702,0,298,592,0,110
4124,0.000000,302,698,0,302,575,0,123
4125,0.000000,308,692,0,308,580,0,112
4126,0.000000,304,696,0,304,584,0,112
4127,0.000000,312,688,38,274,383,65,240
4128,0.000000,304,696,152,152,194,320,182
4129,0.000000,301,699,0,301,579,1,119
4130,0.000000,329,671,36,293,450,44,177
4131,0.000000,290,710,97,193,245,230,235
4132,0.000000,334,666,0,334,546,1,119
4133,0.000000,294,706,0,294,596,0,110
4134,0.000000,315,685,0,315,573,0,112
4135,0.000000,310,690,0,310,563,0,127
4136,0.000000,306,694,0,306,571,0,123
4137,0.000000,311,689,0,311,579,0,110
4138,0.000000,310,690,0,310,589,0,101
4139,0.000000,295,705,0,295,599,0,106
4140,0.000000,301,699,0,301,581,0,118
4141,0.000000,322,678,0,322,549,0,129
4142,0.000000,341,659,0,341,531,0,128
4143,0.000000,301,699,0,301,585,0,114
4144,0.000000,320,680,0,320,578,0,102
4145,0.000000,317,683,53,264,377,64,242
4146,0.000000,331,669,0,331,555,1,113
4147,0.000000,316,684,0,316,560,0,124
4148,0.000000,315,685,0,315,560,0,125
4149,0.000000,319,681,0,319,580,0,101
4150,0.000000,344,656,44,300,366,67,223
4151,0.000000,331,669,0,331,562,0,107
4152,0.000000,346,654,54,292,351,79,224
4153,0.000000,288,712,9,279,523,25,164
4154,0.000000,326,674,65,261,281,109,284
4155,0.000000,324,676,1,323,567,1,108
4156,0.000000,310,690,3,307,561,2,127
4157,0.000000,310,690,0,310,591,0,99
4158,0.000000,297,703,0,297,577,0,126
4159,0.000000,322,678,0,322,557,0,121
4160,0.000000,301,699,45,256,376,85,238
4161,0.000000,304,696,157,147,162,368,166
4162,0.000000,311,689,0,311,566,1,122
4163,0.000000,296,704,0,296,600,0,104
4164,0.000000,323,677,0,323,566,0,111
4165,0.000000,352,648,0,352,538,0,110
4166,0.000000,284,716,0,284,602,0,114
4167,0.000000,318,682,0,318,558,0,124
4168,0.000000,312,688,37,275,402,65,221
4169,0.000000,351,649,0,351,549,0,100
4170,0.000000,308,692,0,308,572,0,120
4171,0.000000,313,687,0,313,568,0,119
4172,0.000000,328,672,0,328,553,0,119
4173,0.000000,313,687,0,313,572,0,115
4174,0.000000,326,674,0,326,558,0,116
4175,0.000000,326,674,0,326,562,0,112
4176,0.000000,339,661,2,337,517,6,138
4177,0.000000,321,679,72,249,271,126,282
4178,0.000000,341,659,240,101,107,453,99
4179,0.000000,318,682,17,301,455,29,198
4180,0.000000,290,710,57,233,279,152,279
4181,0.000000,312,688,0,312,571,1,116
4182,0.000000,322,678,0,322,571,0,107
4183,0.000000,315,685,0,315,564,0,121
4184,0.000000,305,695,0,305,585,0,110
4185,0.000000,312,688,0,312,571,0,117
4186,0.000000,295,705,0,295,594,0,111
4187,0.000000,311,689,0,311,574,0,115
4188,0.000000,317,683,0,317,566,0,117
4189,0.000000,305,695,0,305,578,0,117
4190,0.000000,321,679,0,321,570,0,109
4191,0.000000,298,702,0,298,592,0,110
4192,0.000000,307,693,0,307,579,0,114
4193,0.000000,301,699,22,279,516,32,151
4194,0.000000,321,679,86,235,268,167,244
4195,0.000000,305,695,27,278,455,41,199
4196,0.000000,344,656,0,344,535,2,119
4197,0.000000,304,696,0,304,574,0,122
4198,0.000000,323,677,0,323,564,0,113
4199,0.000000,298,702,0,298,591,0,111
4200,0.000000,308,692,0,308,563,0,129
4201,0.000000,307,693,0,307,567,0,126
4202,0.000000,301,699,0,301,591,0,108
4203,0.000000,318,682,0,318,562,0,120
4204,0.000000,320,680,0,320,567,0,113
4205,0.000000,295,705,8,287,538,13,154
4206,0.000000,309,691,0,309,569,1,121
4207,0.000000,311,689,14,297,525,17,147
4208,0.000000,316,684,69,247,297,128,259
4209,0.000000,287,713,251,36,55,606,52
4210,0.000000,291,709,1,290,597,1,111
4211,0.000000,307,693,0,307,584,0,109
4212,0.000000,335,665,1,334,539,2,124
4213,0.000000,315,685,70,245,275,131,279
4214,0.000000,334,666,219,115,116,438,112
4215,0.000000,310,690,28,282,380,68,242
4216,0.000000,288,712,148,140,199,318,195
4217,0.000000,322,678,0,322,553,1,124
4218,0.000000,305,695,15,290,506,30,159
4219,0.000000,317,683,0,317,568,0,115
4220,0.000000,302,698,0,302,592,0,106
4221,0.000000,310,690,0,310,581,0,109
4222,0.000000,308,692,0,308,571,0,121
4223,0.000000,319,681,46,273,431,62,188
4224,0.000000,297,703,109,188,210,291,202
4225,0.000000,298,702,0,298,587,1,114
4226,0.000000,321,679,0,321,562,0,117
4227,0.000000,325,675,33,292,368,81,226
4228,0.000000,314,686,0,314,559,0,127
4229,0.000000,322,678,0,322,570,0,108
4230,0.000000,328,672,0,328,546,0,126
4231,0.000000,309,691,0,309,575,0,116
4232,0.000000,315,685,0,315,571,0,114
4233,0.000000,324,676,0,324,567,0,109
4234,0.000000,306,694,0,306,568,0,126
4235,0.000000,297,703,0,297,589,0,114
4236,0.000000,310,690,30,280,384,69,237
4237,0.000000,291,709,122,169,200,326,183
4238,0.000000,301,699,0,301,576,1,122
4239,0.000000,323,677,0,323,579,0,98
4240,0.000000,314,686,26,288,453,49,184
4241,0.000000,309,691,0,309,570,1,120
4242,0.000000,324,676,42,282,296,89,291
4243,0.000000,350,650,213,137,138,390,122
4244,0.000000,298,702,1,297,580,1,121
4245,0.000000,319,681,0,319,553,0,128
4246,0.000000,322,678,62,260,300,99,279
4247,0.000000,305,695,200,105,154,396,145
4248,0.000000,327,673,0,327,560,1,112
4249,0.000000,321,679,0,321,556,0,123
4250,0.000000,317,683,0,317,553,0,130
4251,0.000000,324,676,13,311,476,29,171
4252,0.000000,312,688,83,229,265,157,266
4253,0.000000,316,684,11,305,540,11,133
4254,0.000000,310,690,0,310,563,1,126
4255,0.000000,316,684,0,316,565,0,119
4256,0.000000,302,698,0,302,569,0,129
4257,0.000000,291,709,0,291,580,0,129
4258,0.000000,293,707,0,293,612,0,95
4259,0.000000,315,685,0,315,544,0,141
4260,0.000000,305,695,5,300,561,4,130
4261,0.000000,310,690,0,310,565,0,125
4262,0.000000,294,706,0,294,585,0,121
4263,0.000000,285,715,0,285,606,0,109
4264,0.000000,314,686,0,314,569,0,117
4265,0.000000,299,701,0,299,575,0,126
4266,0.000000,314,686,0,314,571,0,115
4267,0.000000,305,695,0,305,578,0,117
4268,0.000000,310,690,0,310,581,0,109
4269,0.000000,320,680,0,320,580,0,100
4270,0.000000,315,685,17,298,498,33,154
4271,0.000000,313,687,0,313,574,1,112
4272,0.000000,291,709,7,284,533,28,148
4273,0.000000,312,688,57,255,280,136,272
4274,0.000000,335,665,284,51,68,530,67
4275,0.000000,295,705,0,295,577,1,127
4276,0.000000,308,692,0,308,571,0,121
4277,0.000000,278,722,0,278,597,0,125
4278,0.000000,329,671,0,329,557,0,114
4279,0.000000,317,683,30,287,431,57,195
4280,0.000000,307,693,116,191,229,239,225
4281,0.000000,321,679,2,319,555,1,123
4282,0.000000,340,660,0,340,527,0,133
4283,0.000000,308,692,0,308,570,0,122
4284,0.000000,287,713,0,287,609,0,104
4285,0.000000,340,660,0,340,551,0,109
4286,0.000000,302,698,0,302,574,0,124
4287,0.000000,338,662,0,338,549,0,113
4288,0.000000,300,700,0,300,586,0,114
4289,0.000000,330,670,0,330,556,0,114
4290,0.000000,298,702,0,298,569,0,133
4291,0.000000,310,690,0,310,565,1,124
4292,0.000000,345,655,0,345,538,0,117
4293,0.000000,313,687,38,275,372,70,245
4294,0.000000,302,698,0,302,570,0,128
4295,0.000000,290,710,0,290,609,0,101
4296,0.000000,323,677,0,323,559,0,118
4297,0.000000,327,673,0,327,547,0,126
4298,0.000000,315,685,0,315,562,0,123
4299,0.000000,338,662,0,338,545,0,117
4300,0.000000,309,691,28,281,418,79,194
4301,0.000000,295,705,139,156,216,296,193
4302,0.000000,318,682,0,318,566,1,115
4303,0.000000,324,676,0,324,558,0,118
4304,0.000000,335,665,0,335,554,0,111
4305,0.000000,331,669,0,331,544,0,125
4306,0.000000,300,700,0,300,605,0,95
4307,0.000000,322,678,0,322,564,0,114
4308,0.000000,289,711,15,274,483,33,195
4309,0.000000,302,698,92,210,260,189,249
4310,0.000000,330,670,1,329,570,1,99
4311,0.000000,316,684,0,316,557,0,127
4312,0.000000,305,695,0,305,576,0,119
4313,0.000000,315,685,0,315,573,0,112
4314,0.000000,325,675,0,325,556,0,119
4315,0.000000,324,676,0,324,540,0,136
4316,0.000000,294,706,0,294,589,0,117
4317,0.000000,328,672,0,328,548,0,124
4318,0.000000,327,673,0,327,569,0,104
4319,0.000000,320,680,0,320,577,0,103
4320,0.000000,312,688,0,312,580,0,108
4321,0.000000,319,681,0,319,557,0,124
4322,0.000000,320,680,0,320,566,0,114
4323,0.000000,298,702,0,298,595,0,107
4324,0.000000,319,681,0,319,574,0,107
4325,0.000000,300,700,0,300,554,0,146
4326,0.000000,293,707,46,247,399,78,230
4327,0.000000,296,704,0,296,591,0,113
4328,0.000000,304,696,0,304,576,0,120
4329,0.000000,301,699,0,301,558,0,141
4330,0.000000,317,683,0,317,565,0,118
4331,0.000000,306,694,0,306,569,0,125
4332,0.000000,338,662,0,338,542,0,120
4333,0.000000,324,676,0,324,548,0,128
4334,0.000000,321,679,0,321,561,0,118
4335,0.000000,313,687,0,313,573,0,114
4336,0.000000,338,662,0,338,539,0,123
4337,0.000000,297,703,0,297,604,0,99
4338,0.000000,329,671,0,329,567,0,104
4339,0.000000,314,686,0,314,570,0,116
4340,0.000000,303,697,0,303,581,0,116
4341,0.000000,300,700,26,274,466,56,178
4342,0.000000,331,669,111,220,213,203,253
4343,0.000000,308,692,0,308,574,1,117
4344,0.000000,305,695,0,305,580,0,115
4345,0.000000,326,674,0,326,565,0,109
4346,0.000000,324,676,0,324,573,0,103
4347,0.000000,301,699,0,301,575,0,124
4348,0.000000,294,706,31,263,406,78,222
4349,0.000000,311,689,144,167,191,298,200
4350,0.000000,307,693,1,306,574,1,118
4351,0.000000,289,711,0,289,588,0,123
4352,0.000000,316,684,0,316,562,0,122
4353,0.000000,326,674,0,326,574,0,100
4354,0.000000,292,708,35,257,392,66,250
4355,0.000000,326,674,152,174,201,299,174
4356,0.000000,312,688,0,312,593,1,94
4357,0.000000,326,674,3,323,552,5,117
4358,0.000000,302,698,65,237,295,112,291
4359,0.000000,349,651,229,120,114,439,98
4360,0.000000,293,707,1,292,591,1,115
4361,0.000000,304,696,0,304,573,0,123
4362,0.000000,293,707,0,293,579,0,128
4363,0.000000,334,666,0,334,541,0,125
4364,0.000000,325,675,0,325,559,0,116
4365,0.000000,313,687,15,298,501,25,161
4366,0.000000,319,681,12,307,502,19,160
4367,0.000000,318,682,72,246,269,120,293
4368,0.000000,313,687,263,50,59,564,64
4369,0.000000,335,665,0,335,552,1,112
4370,0.000000,320,680,0,320,563,0,117
4371,0.000000,312,688,20,292,482,35,171
4372,0.000000,295,705,97,198,252,191,262
4373,0.000000,338,662,1,337,553,1,108
4374,0.000000,337,663,8,329,504,20,139
4375,0.000000,311,689,0,311,561,0,128
4376,0.000000,310,690,0,310,574,0,116
4377,0.000000,312,688,0,312,568,0,120
4378,0.000000,315,685,0,315,581,0,104
4379,0.000000,309,691,0,309,584,0,107
4380,0.000000,336,664,0,336,559,0,105
4381,0.000000,303,697,0,303,568,0,129
4382,0.000000,332,668,0,332,547,0,121
4383,0.000000,326,674,0,326,558,0,116
4384,0.000000,340,660,0,340,541,0,119
4385,0.000000,301,699,0,301,577,0,122
4386,0.000000,309,691,28,281,450,49,192
4387,0.000000,321,679,0,321,568,0,111
4388,0.000000,309,691,0,309,587,0,104
4389,0.000000,300,700,11,289,548,18,134
4390,0.000000,308,692,37,271,398,60,234
4391,0.000000,299,701,1,298,575,0,126
4392,0.000000,297,703,0,297,586,0,117
4393,0.000000,331,669,0,331,565,0,104
4394,0.000000,306,694,0,306,569,0,125
4395,0.000000,307,693,12,295,520,15,158
4396,0.000000,327,673,0,327,545,0,128
4397,0.000000,323,677,0,323,540,0,137
4398,0.000000,298,702,0,298,597,0,105
4399,0.000000,314,686,0,314,560,0,126
4400,0.000000,307,693,0,307,574,0,119
4401,0.000000,325,675,0,325,559,0,116
4402,0.000000,320,680,16,304,431,57,192
4403,0.000000,302,698,0,302,568,0,130
4404,0.000000,296,704,0,296,584,0,120
4405,0.000000,302,698,0,302,585,0,113
4406,0.000000,310,690,41,269,396,75,219
4407,0.000000,320,680,1,319,568,0,112
4408,0.000000,319,681,12,307,503,19,159
4409,0.000000,283,717,72,211,301,125,291
4410,0.000000,291,709,240,51,68,569,72
4411,0.000000,296,704,37,259,443,57,204
4412,0.000000,310,690,129,181,224,251,215
4413,0.000000,315,685,1,314,562,1,122
4414,0.000000,291,709,0,291,605,0,104
4415,0.000000,340,660,0,340,544,0,116
4416,0.000000,314,686,0,314,556,0,130
4417,0.000000,301,699,0,301,576,0,123
4418,0.000000,298,702,0,298,587,0,115
4419,0.000000,312,688,25,287,406,73,209
4420,0.000000,325,675,148,177,214,266,195
4421,0.000000,320,680,0,320,556,1,123
4422,0.000000,308,692,0,308,578,0,114
4423,0.000000,327,673,0,327,553,0,120
4424,0.000000,316,684,0,316,571,0,113
4425,0.000000,316,684,0,316,577,0,107
4426,0.000000,298,702,0,298,588,0,114
4427,0.000000,306,694,0,306,581,0,113
4428,0.000000,305,695,36,269,399,77,219
4429,0.000000,353,647,0,353,519,0,128
4430,0.000000,308,692,0,308,578,0,114
4431,0.000000,336,664,0,336,537,0,127
4432,0.000000,324,676,0,324,558,0,118
4433,0.000000,324,676,26,298,418,53,205
4434,0.000000,337,663,133,204,201,244,218
4435,0.000000,316,684,3,313,563,1,120
4436,0.000000,339,661,0,339,536,0,125
4437,0.000000,322,678,0,322,569,0,109
4438,0.000000,329,671,0,329,561,0,110
4439,0.000000,319,681,0,319,570,0,111
4440,0.000000,328,672,0,328,559,0,113
4441,0.000000,311,689,0,311,575,0,114
4442,0.000000,318,682,0,318,573,0,109
4443,0.000000,305,695,0,305,585,0,110
4444,0.000000,293,707,0,293,578,0,129
4445,0.000000,318,682,0,318,573,0,109
4446,0.000000,317,683,0,317,574,0,109
4447,0.000000,298,702,0,298,580,0,122
4448,0.000000,315,685,0,315,566,0,119
4449,0.000000,345,655,0,345,555,0,100
4450,0.000000,313,687,29,284,426,56,205
4451,0.000000,309,691,25,284,409,69,213
4452,0.000000,341,659,162,179,202,261,196
4453,0.000000,294,706,0,294,572,1,133
4454,0.000000,327,673,0,327,562,0,111
4455,0.000000,313,687,0,313,567,0,120
4456,0.000000,303,697,0,303,577,0,120
4457,0.000000,312,688,0,312,582,0,106
4458,0.000000,302,698,12,290,513,19,166
4459,0.000000,324,676,0,324,562,0,114
4460,0.000000,328,672,3,325,522,6,144
4461,0.000000,304,696,77,227,288,126,282
4462,0.000000,327,673,243,84,93,477,103
4463,0.000000,282,718,38,244,405,79,234
4464,0.000000,331,669,0,331,551,0,118
4465,0.000000,312,688,0,312,573,0,115
4466,0.000000,307,693,0,307,583,0,110
4467,0.000000,319,681,0,319,565,0,116
4468,0.000000,319,681,8,311,520,18,143
4469,0.000000,315,685,58,257,279,124,282
4470,0.000000,320,680,255,65,65,558,57
4471,0.000000,317,683,0,317,562,1,120
4472,0.000000,320,680,0,320,570,0,110
4473,0.000000,305,695,0,305,560,0,135
4474,0.000000,286,714,33,253,385,78,251
4475,0.000000,320,680,0,320,556,0,124
4476,0.000000,324,676,0,324,551,0,125
4477,0.000000,297,703,0,297,597,0,106
4478,0.000000,301,699,0,301,593,0,106
4479,0.000000,322,678,0,322,570,0,108
4480,0.000000,303,697,0,303,574,0,123
4481,0.000000,311,689,0,311,566,0,123
4482,0.000000,316,684,0,316,567,0,117
4483,0.000000,332,668,31,301,444,43,181
4484,0.000000,323,677,0,323,562,0,115
4485,0.000000,319,681,0,319,570,0,111
4486,0.000000,333,667,0,333,545,0,122
4487,0.000000,328,672,0,328,562,0,110
4488,0.000000,315,685,0,315,577,0,108
4489,0.000000,306,694,0,306,582,0,112
4490,0.000000,320,680,0,320,561,0,119
4491,0.000000,314,686,0,314,584,0,102
4492,0.000000,330,670,0,330,553,0,117
4493,0.000000,338,662,1,337,533,0,129
4494,0.000000,331,669,36,295,374,60,235
4495,0.000000,290,710,33,257,418,75,217
4496,0.000000,313,687,0,313,581,0,106
4497,0.000000,306,694,0,306,591,0,103
4498,0.000000,318,682,0,318,567,0,115
4499,0.000000,308,692,0,308,561,0,131
4500,0.000000,315,685,0,315,571,0,114
4501,0.000000,336,664,0,336,551,0,113
4502,0.000000,287,713,1,286,595,1,117
4503,0.000000,302,698,43,259,423,64,211
4504,0.000000,305,695,136,169,211,276,208
4505,0.000000,318,682,0,318,559,1,122
4506,0.000000,320,680,0,320,548,0,132
4507,0.000000,288,712,0,288,610,0,102
4508,0.000000,326,674,11,315,459,39,176
4509,0.000000,325,675,79,246,280,128,267
4510,0.000000,332,668,0,332,550,1,117
4511,0.000000,294,706,0,294,587,0,119
4512,0.000000,316,684,1,315,555,0,129
4513,0.000000,311,689,0,311,580,0,109
4514,0.000000,319,681,0,319,559,0,122
4515,0.000000,294,706,7,287,553,16,137
4516,0.000000,305,695,54,251,291,115,289
4517,0.000000,300,700,223,77,91,524,85
4518,0.000000,305,695,0,305,590,1,104
4519,0.000000,284,716,0,284,612,0,104
4520,0.000000,306,694,0,306,581,0,113
4521,0.000000,328,672,40,288,388,69,215
4522,0.000000,317,683,155,162,174,313,196
4523,0.000000,320,680,0,320,580,1,99
4524,0.000000,312,688,0,312,563,0,125
4525,0.000000,298,702,0,298,579,0,123
4526,0.000000,350,650,6,344,472,24,154
4527,0.000000,324,676,78,246,296,112,268
4528,0.000000,298,702,253,45,65,566,71
4529,0.000000,303,697,0,303,584,1,112
4530,0.000000,313,687,0,313,574,0,113
4531,0.000000,319,681,0,319,571,0,110
4532,0.000000,286,714,0,286,603,0,111
4533,0.000000,302,698,0,302,579,0,119
4534,0.000000,314,686,0,314,580,0,106
4535,0.000000,331,669,0,331,543,0,126
4536,0.000000,311,689,19,292,467,39,183
4537,0.000000,330,670,101,229,245,181,244
4538,0.000000,281,719,0,281,616,1,102
4539,0.000000,326,674,0,326,556,0,118
4540,0.000000,310,690,17,293,483,32,175
4541,0.000000,311,689,0,311,559,1,129
4542,0.000000,315,685,0,315,580,0,105
4543,0.000000,330,670,0,330,555,0,115
4544,0.000000,310,690,0,310,565,0,125
4545,0.000000,303,697,36,267,384,71,242
4546,0.000000,323,677,0,323,555,0,122
4547,0.000000,337,663,0,337,543,0,120
4548,0.000000,307,693,0,307,563,0,130
4549,0.000000,314,686,0,314,577,0,109
4550,0.000000,318,682,0,318,561,0,121
4551,0.000000,298,702,0,298,579,0,123
4552,0.000000,285,715,0,285,615,0,100
4553,0.000000,273,727,0,273,600,0,127
4554,0.000000,321,679,0,321,551,0,128
4555,0.000000,313,687,0,313,556,0,131
4556,0.000000,309,691,0,309,583,0,108
4557,0.000000,325,675,42,283,355,80,240
4558,0.000000,320,680,147,173,176,313,191
4559,0.000000,324,676,17,307,441,40,195
4560,0.000000,325,675,92,233,234,170,271
4561,0.000000,300,700,0,300,591,1,108
4562,0.000000,324,676,1,323,553,0,123
4563,0.000000,335,665,0,335,553,0,112
4564,0.000000,321,679,0,321,575,0,104
4565,0.000000,332,668,48,284,358,79,231
4566,0.000000,333,667,0,333,551,1,115
4567,0.000000,334,666,0,334,548,0,118
4568,0.000000,311,689,0,311,567,0,122
4569,0.000000,325,675,0,325,557,0,118
4570,0.000000,333,667,0,333,540,0,127
4571,0.000000,304,696,2,302,560,2,134
4572,0.000000,312,688,73,239,304,121,263
4573,0.000000,322,678,235,87,109,431,138
4574,0.000000,329,671,0,329,566,1,104
4575,0.000000,303,697,0,303,580,0,117
4576,0.000000,325,675,0,325,551,0,124
4577,0.000000,301,699,0,301,574,0,125
4578,0.000000,326,674,0,326,558,0,116
4579,0.000000,299,701,0,299,597,0,104
4580,0.000000,305,695,0,305,588,0,107
4581,0.000000,321,679,25,296,441,48,190
4582,0.000000,312,688,35,277,414,67,207
4583,0.000000,327,673,144,183,186,300,187
4584,0.000000,324,676,0,324,579,1,96
4585,0.000000,308,692,0,308,580,0,112
4586,0.000000,312,688,13,299,481,37,170
4587,0.000000,316,684,75,241,251,165,268
4588,0.000000,301,699,0,301,568,1,130
4589,0.000000,309,691,0,309,579,0,112
4590,0.000000,318,682,0,318,580,0,102
4591,0.000000,319,681,0,319,568,0,113
4592,0.000000,329,671,0,329,551,0,120
4593,0.000000,293,707,0,293,580,0,127
4594,0.000000,300,700,0,300,588,0,112
4595,0.000000,278,722,0,278,605,0,117
4596,0.000000,313,687,0,313,574,0,113
4597,0.000000,298,702,0,298,582,0,120
4598,0.000000,320,680,35,285,391,71,218
4599,0.000000,305,695,153,152,201,289,205
4600,0.000000,314,686,55,259,351,84,251
4601,0.000000,306,694,0,306,588,0,106
4602,0.000000,317,683,0,317,568,0,115
4603,0.000000,294,706,17,277,499,32,175
4604,0.000000,311,689,0,311,573,1,115
4605,0.000000,275,725,0,275,616,0,109
4606,0.000000,292,708,0,292,579,0,129
4607,0.000000,338,662,8,330,511,11,140
4608,0.000000,301,699,0,301,579,0,120
4609,0.000000,347,653,39,308,408,46,199
4610,0.000000,306,694,104,202,249,204,241
4611,0.000000,323,677,0,323,557,1,119
4612,0.000000,310,690,0,310,578,0,112
4613,0.000000,333,667,0,333,555,0,112
4614,0.000000,301,699,0,301,562,0,137
4615,0.000000,312,688,0,312,576,0,112
4616,0.000000,301,699,11,290,545,20,134
4617,0.000000,331,669,72,259,285,124,260
4618,0.000000,299,701,253,46,63,577,61
4619,0.000000,303,697,0,303,583,1,113
4620,0.000000,318,682,0,318,580,0,102
4621,0.000000,303,697,0,303,565,0,132
4622,0.000000,323,677,0,323,575,0,102
4623,0.000000,337,663,0,337,556,0,107
4624,0.000000,311,689,4,307,538,11,140
4625,0.000000,303,697,66,237,284,142,271
4626,0.000000,324,676,241,83,91,498,87
4627,0.000000,316,684,0,316,588,1,95
4628,0.000000,316,684,0,316,574,0,110
4629,0.000000,304,696,25,279,446,60,190
4630,0.000000,314,686,0,314,570,0,116
4631,0.000000,329,671,0,329,555,0,116
4632,0.000000,310,690,36,274,430,53,207
4633,0.000000,329,671,138,191,198,266,207
4634,0.000000,303,697,0,303,583,1,113
4635,0.000000,315,685,0,315,564,0,121
4636,0.000000,316,684,0,316,567,0,117
4637,0.000000,319,681,0,319,560,0,121
4638,0.000000,287,713,0,287,586,0,127
4639,0.000000,287,713,6,281,529,29,155
4640,0.000000,306,694,0,306,574,1,119
4641,0.000000,329,671,0,329,561,0,110
4642,0.000000,298,702,0,298,587,0,115
4643,0.000000,300,700,0,300,594,0,106
4644,0.000000,305,695,0,305,584,0,111
4645,0.000000,335,665,1,334,521,7,137
4646,0.000000,310,690,76,234,286,131,273
4647,0.000000,300,700,204,96,130,450,120
4648,0.000000,282,718,2,280,598,1,119
4649,0.000000,308,692,0,308,569,0,123
4650,0.000000,294,706,0,294,589,0,117
4651,0.000000,305,695,0,305,585,0,110
4652,0.000000,297,703,0,297,584,0,119
4653,0.000000,290,710,0,290,583,0,127
4654,0.000000,294,706,20,274,481,48,177
4655,0.000000,304,696,79,225,260,180,256
4656,0.000000,300,700,0,300,575,1,124
4657,0.000000,316,684,0,316,569,0,115
4658,0.000000,330,670,0,330,558,0,112
4659,0.000000,295,705,0,295,593,0,112
4660,0.000000,300,700,0,300,585,0,115
4661,0.000000,316,684,0,316,568,0,116
4662,0.000000,317,683,0,317,563,0,120
4663,0.000000,355,645,0,355,532,0,113
4664,0.000000,301,699,0,301,592,0,107
4665,0.000000,313,687,22,291,447,56,184
4666,0.000000,304,696,115,189,245,223,228
4667,0.000000,311,689,2,309,574,1,114
4668,0.000000,299,701,0,299,583,0,118
4669,0.000000,313,687,0,313,562,0,125
4670,0.000000,305,695,0,305,578,0,117
4671,0.000000,323,677,0,323,548,0,129
4672,0.000000,305,695,0,305,570,0,125
4673,0.000000,291,709,0,291,603,0,106
4674,0.000000,313,687,0,313,571,0,116
4675,0.000000,321,679,25,296,456,50,173
4676,0.000000,313,687,0,313,577,0,110
4677,0.000000,310,690,0,310,579,0,111
4678,0.000000,332,668,20,312,419,52,197
4679,0.000000,283,717,1,282,585,1,131
4680,0.000000,303,697,0,303,566,0,131
4681,0.000000,316,684,0,316,562,0,122
4682,0.000000,322,678,0,322,559,0,119
4683,0.000000,309,691,0,309,576,0,115
4684,0.000000,313,687,29,284,490,36,161
4685,0.000000,315,685,0,315,573,0,112
4686,0.000000,326,674,0,326,575,0,99
4687,0.000000,312,688,0,312,559,0,129
4688,0.000000,281,719,0,281,592,0,127
4689,0.000000,314,686,3,311,538,9,139
4690,0.000000,309,691,70,239,283,132,276
4691,0.000000,276,724,190,86,101,520,103
4692,0.000000,345,655,0,345,534,1,120
4693,0.000000,289,711,2,287,559,6,146
4694,0.000000,318,682,82,236,275,124,283
4695,0.000000,327,673,223,104,100,461,112
4696,0.000000,309,691,0,309,583,1,107
4697,0.000000,313,687,31,282,422,52,213
4698,0.000000,321,679,108,213,203,274,202
4699,0.000000,324,676,1,323,567,1,108
4700,0.000000,304,696,51,253,308,99,289
4701,0.000000,297,703,181,116,131,449,123
4702,0.000000,317,683,4,313,559,7,117
4703,0.000000,318,682,18,300,465,43,174
4704,0.000000,321,679,85,236,263,192,224
4705,0.000000,296,704,0,296,569,1,134
4706,0.000000,324,676,0,324,546,0,130
4707,0.000000,325,675,4,321,503,17,155
4708,0.000000,295,705,53,242,302,117,286
4709,0.000000,320,680,254,66,86,517,77
4710,0.000000,330,670,0,330,569,1,100
4711,0.000000,340,660,0,340,549,0,111
4712,0.000000,311,689,27,284,418,63,208
4713,0.000000,296,704,32,264,398,60,246
4714,0.000000,334,666,2,332,545,1,120
4715,0.000000,325,675,0,325,564,0,111
4716,0.000000,309,691,0,309,571,0,120
4717,0.000000,324,676,36,288,364,64,248
4718,0.000000,313,687,148,165,182,335,170
4719,0.000000,309,691,2,307,582,1,108
4720,0.000000,312,688,0,312,577,0,111
4721,0.000000,314,686,0,314,564,0,122
4722,0.000000,307,693,26,281,467,37,189
4723,0.000000,353,647,105,248,238,177,232
4724,0.000000,309,691,0,309,568,1,122
4725,0.000000,310,690,0,310,578,0,112
4726,0.000000,315,685,0,315,576,0,109
4727,0.000000,309,691,2,307,556,5,130
4728,0.000000,302,698,0,302,591,0,107
4729,0.000000,294,706,27,267,421,62,223
4730,0.000000,319,681,0,319,574,0,107
4731,0.000000,327,673,0,327,548,0,125
4732,0.000000,310,690,56,254,301,109,280
4733,0.000000,300,700,189,111,146,433,121
4734,0.000000,298,702,34,264,403,63,236
4735,0.000000,305,695,132,173,212,314,169
4736,0.000000,324,676,1,323,576,1,99
4737,0.000000,320,680,0,320,575,0,105
4738,0.000000,310,690,0,310,567,0,123
4739,0.000000,316,684,0,316,575,0,109
4740,0.000000,299,701,0,299,578,0,123
4741,0.000000,317,683,0,317,555,0,128
4742,0.000000,342,658,0,342,554,0,104
4743,0.000000,282,718,25,257,445,57,216
4744,0.000000,318,682,122,196,208,234,240
4745,0.000000,313,687,15,298,480,28,179
4746,0.000000,305,695,0,305,577,1,117
4747,0.000000,280,720,3,277,568,8,144
4748,0.000000,311,689,0,311,564,0,125
4749,0.000000,311,689,0,311,566,0,123
4750,0.000000,282,718,0,282,608,0,110
4751,0.000000,313,687,0,313,573,0,114
4752,0.000000,327,673,0,327,556,0,117
4753,0.000000,319,681,0,319,562,0,119
4754,0.000000,318,682,9,309,523,16,143
4755,0.000000,304,696,39,265,357,77,262
4756,0.000000,306,694,1,305,576,0,118
4757,0.000000,288,712,0,288,586,0,126
4758,0.000000,277,723,0,277,598,0,125
4759,0.000000,312,688,0,312,568,0,120
4760,0.000000,323,677,0,323,565,0,112
4761,0.000000,284,716,0,284,613,0,103
4762,0.000000,301,699,0,301,588,0,111
4763,0.000000,298,702,0,298,591,0,111
4764,0.000000,305,695,31,274,450,39,206
4765,0.000000,306,694,17,289,505,28,161
4766,0.000000,293,707,0,293,606,1,100
4767,0.000000,301,699,46,255,397,73,229
4768,0.000000,325,675,0,325,558,0,117
4769,0.000000,294,706,0,294,577,0,129
4770,0.000000,322,678,0,322,551,0,127
4771,0.000000,291,709,0,291,583,0,126
4772,0.000000,297,703,0,297,587,0,116
4773,0.000000,313,687,0,313,576,0,111
4774,0.000000,322,678,0,322,569,0,109
4775,0.000000,287,713,32,255,432,56,225
4776,0.000000,310,690,20,290,488,32,170
4777,0.000000,287,713,0,287,586,0,127
4778,0.000000,306,694,0,306,578,0,116
4779,0.000000,310,690,0,310,575,1,114
4780,0.000000,284,716,0,284,593,0,123
4781,0.000000,307,693,0,307,558,0,135
4782,0.000000,314,686,64,250,286,102,298
4783,0.000000,326,674,205,121,127,412,135
4784,0.000000,327,673,48,279,327,87,259
4785,0.000000,326,674,0,326,569,0,105
4786,0.000000,317,683,0,317,564,0,119
4787,0.000000,322,678,0,322,532,0,146
4788,0.000000,332,668,0,332,547,0,121
4789,0.000000,310,690,0,310,576,0,114
4790,0.000000,314,686,0,314,582,0,104
4791,0.000000,343,657,0,343,528,0,129
4792,0.000000,338,662,0,338,550,0,112
4793,0.000000,349,651,0,349,525,0,126
4794,0.000000,305,695,0,305,580,0,115
4795,0.000000,309,691,0,309,580,0,111
4796,0.000000,331,669,0,331,550,0,119
4797,0.000000,325,675,0,325,557,0,118
4798,0.000000,308,692,0,308,583,0,109
4799,0.000000,304,696,0,304,583,0,113
4800,0.000000,299,701,0,299,584,0,117
4801,0.000000,306,694,0,306,582,0,112
4802,0.000000,319,681,0,319,575,0,106
4803,0.000000,323,677,44,279,380,63,234
4804,0.000000,314,686,29,285,386,63,237
4805,0.000000,304,696,143,161,227,262,207
4806,0.000000,329,671,0,329,555,1,115
4807,0.000000,312,688,12,300,498,26,164
4808,0.000000,282,718,0,282,597,0,121
4809,0.000000,303,697,0,303,598,0,99
4810,0.000000,304,696,0,304,573,0,123
4811,0.000000,338,662,0,338,562,0,100
4812,0.000000,315,685,0,315,562,0,123
4813,0.000000,317,683,0,317,549,0,134
4814,0.000000,328,672,0,328,555,0,117
4815,0.000000,312,688,0,312,577,0,111
4816,0.000000,317,683,0,317,562,0,121
4817,0.000000,338,662,0,338,551,0,111
4818,0.000000,297,703,0,297,595,0,108
4819,0.000000,320,680,0,320,568,0,112
4820,0.000000,302,698,0,302,595,0,103
4821,0.000000,330,670,0,330,546,0,124
4822,0.000000,297,703,0,297,592,0,111
4823,0.000000,329,671,45,284,375,83,213
4824,0.000000,328,672,165,163,185,313,174
4825,0.000000,299,701,0,299,598,1,102
4826,0.000000,329,671,21,308,431,42,198
4827,0.000000,326,674,2,324,525,4,145
4828,0.000000,308,692,0,308,569,0,123
4829,0.000000,321,679,0,321,566,0,113
4830,0.000000,282,718,0,282,591,0,127
4831,0.000000,331,669,0,331,555,0,114
4832,0.000000,292,708,0,292,587,0,121
4833,0.000000,315,685,0,315,579,0,106
4834,0.000000,324,676,0,324,576,0,100
4835,0.000000,308,692,0,308,576,0,116
4836,0.000000,301,699,2,299,584,7,108
4837,0.000000,295,705,67,228,280,133,292
4838,0.000000,321,679,224,97,122,465,92
4839,0.000000,315,685,0,315,556,1,128
4840,0.000000,315,685,0,315,571,0,114
4841,0.000000,321,679,0,321,564,0,115
4842,0.000000,299,701,9,290,532,18,151
4843,0.000000,297,703,65,232,285,134,284
4844,0.000000,290,710,242,48,56,607,47
4845,0.000000,304,696,49,255,336,107,253
4846,0.000000,338,662,192,146,149,368,145
4847,0.000000,331,669,1,330,551,1,117
4848,0.000000,300,700,0,300,592,0,108
4849,0.000000,323,677,0,323,552,0,125
4850,0.000000,320,680,0,320,557,0,123
4851,0.000000,316,684,0,316,579,0,105
4852,0.000000,315,685,0,315,564,0,121
4853,0.000000,299,701,0,299,597,0,104
4854,0.000000,321,679,32,289,430,57,192
4855,0.000000,318,682,129,189,209,244,229
4856,0.000000,302,698,1,301,587,1,110
4857,0.000000,311,689,0,311,564,0,125
4858,0.000000,330,670,4,326,541,2,127
4859,0.000000,306,694,64,242,282,118,294
4860,0.000000,310,690,207,103,115,467,108
4861,0.000000,320,680,40,280,387,62,231
4862,0.000000,316,684,176,140,216,287,181
4863,0.000000,309,691,0,309,582,1,108
4864,0.000000,290,710,0,290,595,0,115
4865,0.000000,327,673,0,327,561,0,112
4866,0.000000,317,683,0,317,579,0,104
4867,0.000000,316,684,35,281,386,66,232
4868,0.000000,323,677,168,155,182,324,171
4869,0.000000,321,679,0,321,552,1,126
4870,0.000000,305,695,0,305,589,0,106
4871,0.000000,312,688,0,312,578,0,110
4872,0.000000,322,678,0,322,557,0,121
4873,0.000000,325,675,0,325,548,0,127
4874,0.000000,321,679,0,321,568,1,110
4875,0.000000,298,702,0,298,563,1,138
4876,0.000000,307,693,0,307,585,0,108
4877,0.000000,297,703,0,297,589,0,114
4878,0.000000,323,677,0,323,559,0,118
4879,0.000000,323,677,0,323,566,0,111
4880,0.000000,314,686,0,314,575,0,111
4881,0.000000,323,677,0,323,554,0,123
4882,0.000000,308,692,0,308,585,0,107
4883,0.000000,332,668,0,332,562,0,106
4884,0.000000,333,667,0,333,559,0,108
4885,0.000000,332,668,0,332,545,1,122
4886,0.000000,329,671,0,329,554,0,117
4887,0.000000,314,686,26,288,458,32,196
4888,0.000000,285,715,94,191,281,176,258
4889,0.000000,309,691,0,309,565,1,125
4890,0.000000,285,715,0,285,596,0,119
4891,0.000000,319,681,55,264,374,84,223
4892,0.000000,307,693,0,307,582,1,110
4893,0.000000,299,701,0,299,577,0,124
4894,0.000000,313,687,0,313,574,0,113
4895,0.000000,320,680,0,320,563,0,117
4896,0.000000,294,706,0,294,598,0,108
4897,0.000000,328,672,0,328,567,0,105
4898,0.000000,310,690,0,310,564,0,126
4899,0.000000,334,666,18,316,483,30,153
4900,0.000000,330,670,94,236,268,160,242
4901,0.000000,299,701,6,293,532,21,148
4902,0.000000,304,696,0,304,584,0,112
4903,0.000000,303,697,32,271,417,61,219
4904,0.000000,311,689,130,181,206,285,198
4905,0.000000,313,687,0,313,563,1,123
4906,0.000000,332,668,0,332,553,0,115
4907,0.000000,305,695,0,305,589,0,106
4908,0.000000,299,701,0,299,592,0,109
4909,0.000000,308,692,0,308,581,0,111
4910,0.000000,319,681,17,302,460,45,176
4911,0.000000,341,659,29,312,427,48,184
4912,0.000000,309,691,0,309,582,0,109
4913,0.000000,293,707,0,293,595,0,112
4914,0.000000,326,674,0,326,555,0,119
4915,0.000000,335,665,0,335,548,0,117
4916,0.000000,327,673,0,327,550,0,123
4917,0.000000,299,701,0,299,581,0,120
4918,0.000000,310,690,0,310,552,0,138
4919,0.000000,316,684,0,316,573,0,111
4920,0.000000,307,693,22,285,437,47,209
4921,0.000000,298,702,100,198,245,222,235
4922,0.000000,312,688,0,312,589,1,98
4923,0.000000,312,688,0,312,572,0,116
4924,0.000000,325,675,0,325,572,0,103
4925,0.000000,313,687,0,313,597,0,90
4926,0.000000,333,667,0,333,541,0,126
4927,0.000000,310,690,5,305,493,32,165
4928,0.000000,291,709,63,228,306,130,273
4929,0.000000,312,688,0,312,563,1,124
4930,0.000000,296,704,26,270,443,63,198
4931,0.000000,292,708,106,186,256,238,214
4932,0.000000,305,695,0,305,576,1,118
4933,0.000000,304,696,0,304,584,0,112
4934,0.000000,310,690,0,310,569,0,121
4935,0.000000,347,653,0,347,526,0,127
4936,0.000000,341,659,33,308,424,41,194
4937,0.000000,292,708,0,292,597,0,111
4938,0.000000,304,696,0,304,586,0,110
4939,0.000000,339,661,0,339,563,0,98
4940,0.000000,317,683,5,312,550,6,127
4941,0.000000,326,674,58,268,279,122,273
4942,0.000000,286,714,203,83,113,493,108
4943,0.000000,304,696,1,303,581,1,114
4944,0.000000,313,687,0,313,563,0,124
4945,0.000000,323,677,0,323,575,0,102
4946,0.000000,310,690,0,310,557,0,133
4947,0.000000,325,675,25,300,400,64,211
4948,0.000000,310,690,132,178,225,247,218
4949,0.000000,298,702,0,298,582,1,119
4950,0.000000,302,698,6,296,528,17,153
4951,0.000000,313,687,67,246,284,133,270
4952,0.000000,294,706,233,61,70,553,83
4953,0.000000,329,671,9,320,504,22,145
4954,0.000000,293,707,65,228,281,124,302
4955,0.000000,314,686,278,36,37,614,35
4956,0.000000,309,691,0,309,570,1,120
4957,0.000000,327,673,0,327,548,0,125
4958,0.000000,324,676,0,324,558,0,118
4959,0.000000,321,679,0,321,569,0,110
4960,0.000000,330,670,0,330,547,0,123
4961,0.000000,301,699,0,301,573,0,126
4962,0.000000,289,711,42,247,419,72,220
4963,0.000000,305,695,4,301,576,1,118
4964,0.000000,315,685,0,315,566,0,119
4965,0.000000,298,702,51,247,382,71,249
4966,0.000000,335,665,183,152,159,325,181
4967,0.000000,301,699,0,301,582,1,116
4968,0.000000,310,690,0,310,588,0,102
4969,0.000000,330,670,0,330,568,0,102
4970,0.000000,321,679,0,321,563,0,116
4971,0.000000,296,704,0,296,596,0,108
4972,0.000000,298,702,23,275,445,51,206
4973,0.000000,308,692,111,197,215,256,221
4974,0.000000,309,691,1,308,578,1,112
4975,0.000000,283,717,0,283,612,0,105
4976,0.000000,302,698,0,302,570,0,128
4977,0.000000,319,681,0,319,569,0,112
4978,0.000000,325,675,0,325,562,0,113
4979,0.000000,320,680,0,320,545,0,135
4980,0.000000,328,672,0,328,557,0,115
4981,0.000000,316,684,0,316,561,0,123
4982,0.000000,311,689,0,311,561,0,128
4983,0.000000,301,699,0,301,578,0,121
4984,0.000000,297,703,0,297,579,0,124
4985,0.000000,305,695,0,305,566,0,129
4986,0.000000,297,703,0,297,580,0,123
4987,0.000000,344,656,0,344,533,0,123
4988,0.000000,323,677,0,323,555,0,122
4989,0.000000,340,660,47,293,350,73,237
4990,0.000000,315,685,1,314,574,1,110
4991,0.000000,328,672,0,328,550,0,122
4992,0.000000,296,704,29,267,447,44,213
4993,0.000000,329,671,113,216,231,201,239
4994,0.000000,308,692,3,305,598,1,93
4995,0.000000,323,677,22,301,439,54,184
4996,0.000000,316,684,1,315,571,0,113
4997,0.000000,309,691,0,309,575,0,116
4998,0.000000,355,645,0,355,535,0,110
4999,0.000000,307,693,0,307,593,0,100
