iteration,erreur_moy,nombre_egalite,nombre_preference,pred_vrai_egalite,pred_fausse_egalite,pred_vrai_preference,pred_fausse_preference,pred_fausse_inversion
0,0.207851,325,675,0,325,318,0,357
1,0.196007,298,702,0,298,321,0,381
2,0.196007,333,667,0,333,328,0,339
3,0.164025,327,673,0,327,315,1,357
4,0.164025,332,668,0,332,330,6,332
5,0.164025,316,684,0,316,318,2,364
6,0.164025,289,711,0,289,356,1,354
7,0.164025,281,719,0,281,319,0,400
8,0.164025,305,695,0,305,331,0,364
9,0.164025,314,686,0,314,338,3,345
10,0.164025,329,671,0,329,334,2,335
11,0.164025,319,681,1,318,325,0,356
12,0.164025,319,681,4,315,327,0,354
13,0.155967,320,680,0,320,313,0,367
14,0.151119,296,704,0,296,324,0,380
15,0.151119,300,700,0,300,341,0,359
16,0.151119,324,676,0,324,331,0,345
17,0.147590,323,677,0,323,331,0,346
18,0.147590,330,670,0,330,312,3,355
19,0.147590,314,686,0,314,336,11,339
20,0.147590,311,689,0,311,340,0,349
21,0.147590,297,703,0,297,390,0,313
22,0.147590,310,690,0,310,334,0,356
23,0.147590,322,678,0,322,331,0,347
24,0.147590,326,674,0,326,332,0,342
25,0.147590,318,682,0,318,325,0,357
26,0.147590,275,725,0,275,362,0,363
27,0.147590,315,685,3,312,357,2,326
28,0.147590,299,701,1,298,352,11,338
29,0.133971,316,684,0,316,350,10,324
30,0.133971,313,687,0,313,349,6,332
31,0.133971,304,696,0,304,357,6,333
32,0.133971,292,708,0,292,343,1,364
33,0.133971,322,678,0,322,345,0,333
34,0.133971,325,675,0,325,365,0,310
35,0.133971,323,677,0,323,343,0,334
36,0.133971,345,655,0,345,348,1,306
37,0.133971,325,675,0,325,361,3,311
38,0.133971,302,698,0,302,348,1,349
39,0.133105,295,705,0,295,361,0,344
40,0.133105,288,712,0,288,369,0,343
41,0.133105,286,714,0,286,357,0,357
42,0.128006,294,706,0,294,375,0,331
43,0.128006,299,701,0,299,369,0,332
44,0.128006,330,670,0,330,337,6,327
45,0.128006,322,678,0,322,354,2,322
46,0.128006,324,676,0,324,352,0,324
47,0.119414,324,676,0,324,352,0,324
48,0.119414,319,681,0,319,365,0,316
49,0.119414,290,710,0,290,370,0,340
50,0.119414,329,671,0,329,351,0,320
51,0.119414,317,683,0,317,359,0,324
52,0.119414,313,687,0,313,356,0,331
53,0.119414,343,657,0,343,348,0,309
54,0.119414,309,691,0,309,373,0,318
55,0.119414,330,670,0,330,370,0,300
56,0.119414,332,668,0,332,370,0,298
57,0.119414,305,695,0,305,347,0,348
58,0.119414,293,707,0,293,354,0,353
59,0.119414,282,718,0,282,371,0,347
60,0.119414,327,673,0,327,357,0,316
61,0.119414,353,647,0,353,368,0,279
62,0.117239,327,673,0,327,364,0,309
63,0.117239,293,707,0,293,356,0,351
64,0.117239,316,684,0,316,372,0,312
65,0.117239,301,699,0,301,357,0,342
66,0.117239,295,705,0,295,363,0,342
67,0.116261,299,701,0,299,382,0,319
68,0.116261,338,662,0,338,341,0,321
69,0.116261,286,714,1,285,366,0,348
70,0.116261,305,695,0,305,388,0,307
71,0.116261,306,694,0,306,376,0,318
72,0.099018,307,693,0,307,368,0,325
73,0.099018,330,670,0,330,368,0,302
74,0.099018,311,689,0,311,353,0,336
75,0.099018,320,680,0,320,348,0,332
76,0.099018,352,648,0,352,330,0,318
77,0.099018,334,666,3,331,353,0,313
78,0.099018,321,679,0,321,350,5,324
79,0.099018,330,670,0,330,355,4,311
80,0.099018,319,681,0,319,363,4,314
81,0.099018,300,700,0,300,366,0,334
82,0.099018,315,685,0,315,377,0,308
83,0.095768,309,691,0,309,358,0,333
84,0.095768,329,671,0,329,354,4,313
85,0.095768,308,692,0,308,365,0,327
86,0.095768,300,700,0,300,350,7,343
87,0.095768,334,666,0,334,360,1,305
88,0.095768,299,701,0,299,378,1,322
89,0.095768,310,690,0,310,367,0,323
90,0.095768,320,680,0,320,369,0,311
91,0.095768,311,689,0,311,376,0,313
92,0.095768,334,666,0,334,330,0,336
93,0.095768,311,689,0,311,389,0,300
94,0.095768,287,713,0,287,384,0,329
95,0.095768,293,707,0,293,387,0,320
96,0.095768,318,682,0,318,368,0,314
97,0.095768,307,693,0,307,380,0,313
98,0.093395,304,696,0,304,383,2,311
99,0.093395,314,686,0,314,383,3,300
100,0.093395,303,697,0,303,397,7,293
101,0.093395,310,690,0,310,390,2,298
102,0.093395,300,700,0,300,380,4,316
103,0.093395,309,691,0,309,396,5,290
104,0.093395,319,681,0,319,388,3,290
105,0.093395,328,672,0,328,388,0,284
106,0.093395,294,706,0,294,402,0,304
107,0.093395,320,680,0,320,395,0,285
108,0.093395,317,683,0,317,407,0,276
109,0.093395,309,691,0,309,391,0,300
110,0.090566,324,676,0,324,382,0,294
111,0.090566,299,701,0,299,394,0,307
112,0.090566,327,673,0,327,381,0,292
113,0.090566,336,664,0,336,392,0,272
114,0.090566,306,694,0,306,427,0,267
115,0.090566,299,701,0,299,387,0,314
116,0.087162,303,697,0,303,381,0,316
117,0.084296,325,675,0,325,392,0,283
118,0.082397,320,680,0,320,378,0,302
119,0.082397,311,689,0,311,405,0,284
120,0.082397,297,703,0,297,378,1,324
121,0.082397,331,669,0,331,385,11,273
122,0.082397,305,695,0,305,397,1,297
123,0.082397,310,690,0,310,369,5,316
124,0.082397,324,676,0,324,395,6,275
125,0.082397,324,676,0,324,399,0,277
126,0.082397,309,691,0,309,437,0,254
127,0.082397,281,719,0,281,427,0,292
128,0.082397,318,682,0,318,405,0,277
129,0.082397,302,698,0,302,415,4,279
130,0.082397,316,684,0,316,414,8,262
131,0.082397,291,709,0,291,420,2,287
132,0.082397,304,696,0,304,399,0,297
133,0.082397,313,687,0,313,413,0,274
134,0.082397,311,689,0,311,410,0,279
135,0.082397,305,695,0,305,421,0,274
136,0.082397,316,684,0,316,402,0,282
137,0.082397,320,680,4,316,406,0,274
138,0.082397,315,685,5,310,398,0,287
139,0.082397,331,669,5,326,414,0,255
140,0.082397,308,692,8,300,410,0,282
141,0.082397,326,674,1,325,409,0,265
142,0.082397,305,695,0,305,399,0,296
143,0.082397,357,643,0,357,366,0,277
144,0.082397,293,707,0,293,414,0,293
145,0.081980,289,711,0,289,419,0,292
146,0.081980,312,688,0,312,417,0,271
147,0.080215,317,683,5,312,400,0,283
148,0.080037,312,688,9,303,412,0,276
149,0.080037,315,685,8,307,415,0,270
150,0.080037,296,704,5,291,436,0,268
151,0.077815,309,691,0,309,398,0,293
152,0.077815,318,682,0,318,416,0,266
153,0.077815,287,713,0,287,424,0,289
154,0.077815,300,700,0,300,421,0,279
155,0.077815,328,672,0,328,389,0,283
156,0.077815,303,697,0,303,415,0,282
157,0.077815,330,670,0,330,385,0,285
158,0.077815,310,690,0,310,427,0,263
159,0.077815,296,704,0,296,412,0,292
160,0.077815,327,673,0,327,402,0,271
161,0.077815,327,673,0,327,418,0,255
162,0.073740,298,702,0,298,412,0,290
163,0.073740,319,681,0,319,396,0,285
164,0.073740,315,685,0,315,423,0,262
165,0.073740,312,688,0,312,442,0,246
166,0.073740,327,673,0,327,408,0,265
167,0.073740,311,689,0,311,402,2,285
168,0.073740,307,693,0,307,397,8,288
169,0.073740,310,690,0,310,418,6,266
170,0.073740,300,700,0,300,398,7,295
171,0.073740,312,688,0,312,396,7,285
172,0.073740,317,683,0,317,430,0,253
173,0.068056,325,675,0,325,399,0,276
174,0.068056,324,676,0,324,423,0,253
175,0.068056,320,680,0,320,401,0,279
176,0.068056,305,695,0,305,427,0,268
177,0.068056,319,681,0,319,419,0,262
178,0.068056,302,698,0,302,433,0,265
179,0.068056,306,694,0,306,413,0,281
180,0.068056,314,686,0,314,413,0,273
181,0.068056,307,693,0,307,407,0,286
182,0.068056,348,652,0,348,375,0,277
183,0.068056,297,703,0,297,419,0,284
184,0.064601,305,695,0,305,424,0,271
185,0.064601,293,707,0,293,423,0,284
186,0.064601,320,680,0,320,422,0,258
187,0.064601,316,684,0,316,428,0,256
188,0.064601,318,682,0,318,422,0,260
189,0.064601,313,687,0,313,412,0,275
190,0.064601,292,708,0,292,431,0,277
191,0.064601,316,684,0,316,423,0,261
192,0.064601,321,679,0,321,417,0,262
193,0.064601,308,692,0,308,444,0,248
194,0.064601,321,679,0,321,421,0,258
195,0.064601,323,677,0,323,414,0,263
196,0.064601,337,663,0,337,379,0,284
197,0.064601,298,702,0,298,433,0,269
198,0.064601,304,696,0,304,420,2,274
199,0.064601,298,702,0,298,426,7,269
200,0.064601,298,702,0,298,439,5,258
201,0.064601,322,678,0,322,416,3,259
202,0.064601,317,683,0,317,398,3,282
203,0.064601,312,688,0,312,417,10,261
204,0.064601,294,706,0,294,451,11,244
205,0.064601,327,673,0,327,412,10,251
206,0.064601,315,685,0,315,406,14,265
207,0.059662,317,683,0,317,420,8,255
208,0.059662,309,691,0,309,446,6,239
209,0.059662,296,704,0,296,447,3,254
210,0.059662,316,684,0,316,454,1,229
211,0.059662,312,688,0,312,443,7,238
212,0.059662,323,677,0,323,431,7,239
213,0.059662,305,695,0,305,453,6,236
214,0.059662,302,698,0,302,434,4,260
215,0.059662,318,682,0,318,436,0,246
216,0.059662,289,711,0,289,451,0,260
217,0.059662,329,671,0,329,439,0,232
218,0.059662,323,677,0,323,445,0,232
219,0.059662,312,688,0,312,447,0,241
220,0.059662,341,659,0,341,419,8,232
221,0.059662,288,712,0,288,441,1,270
222,0.059662,316,684,0,316,435,0,249
223,0.059662,311,689,0,311,444,0,245
224,0.059662,306,694,0,306,439,0,255
225,0.059662,329,671,0,329,431,0,240
226,0.059662,320,680,0,320,430,0,250
227,0.059662,315,685,0,315,418,0,267
228,0.059662,320,680,0,320,418,0,262
229,0.059662,306,694,0,306,432,0,262
230,0.059662,341,659,0,341,425,0,234
231,0.059662,303,697,0,303,439,0,258
232,0.059662,290,710,0,290,444,0,266
233,0.059662,313,687,0,313,432,0,255
234,0.059662,297,703,0,297,457,0,246
235,0.059662,296,704,0,296,461,0,243
236,0.059662,324,676,0,324,438,0,238
237,0.059662,301,699,0,301,441,0,258
238,0.059662,304,696,0,304,435,0,261
239,0.059662,327,673,0,327,434,0,239
240,0.059662,319,681,0,319,434,0,247
241,0.053903,315,685,0,315,439,0,246
242,0.053903,330,670,0,330,432,0,238
243,0.053903,312,688,0,312,433,0,255
244,0.053903,312,688,0,312,427,0,261
245,0.053903,319,681,0,319,437,0,244
246,0.053903,296,704,0,296,443,0,261
247,0.053903,323,677,0,323,438,0,239
248,0.053903,277,723,0,277,451,0,272
249,0.053903,311,689,0,311,408,0,281
250,0.053903,300,700,0,300,435,0,265
251,0.052526,301,699,0,301,440,0,259
252,0.052526,322,678,1,321,444,0,234
253,0.052526,309,691,2,307,433,0,258
254,0.052526,333,667,2,331,433,0,234
255,0.052526,318,682,8,310,431,0,251
256,0.052526,341,659,0,341,422,0,237
257,0.052526,326,674,4,322,428,0,246
258,0.052526,348,652,3,345,419,0,233
259,0.052526,324,676,7,317,438,0,238
260,0.052526,318,682,7,311,434,0,248
261,0.052526,296,704,9,287,456,0,248
262,0.052526,277,723,7,270,444,0,279
263,0.052526,309,691,6,303,438,0,253
264,0.052526,300,700,5,295,436,0,264
265,0.052526,303,697,6,297,465,0,232
266,0.052526,331,669,7,324,416,0,253
267,0.052526,326,674,2,324,433,0,241
268,0.052526,310,690,7,303,444,0,246
269,0.052526,285,715,4,281,470,0,245
270,0.052526,306,694,4,302,437,0,257
271,0.052526,307,693,2,305,434,0,259
272,0.052526,297,703,4,293,444,0,259
273,0.052526,327,673,3,324,441,0,232
274,0.052526,310,690,9,301,462,0,228
275,0.052526,312,688,0,312,421,0,267
276,0.052526,313,687,0,313,452,0,235
277,0.052526,325,675,4,321,427,0,248
278,0.052526,302,698,0,302,464,0,234
279,0.052526,327,673,0,327,423,0,250
280,0.052526,310,690,0,310,439,0,251
281,0.052526,310,690,0,310,458,0,232
282,0.052526,301,699,0,301,434,0,265
283,0.052526,313,687,1,312,439,0,248
284,0.052526,326,674,0,326,421,0,253
285,0.052526,273,727,0,273,456,0,271
286,0.052526,296,704,0,296,450,3,251
287,0.052526,311,689,0,311,446,5,238
288,0.052526,329,671,0,329,425,2,244
289,0.052526,317,683,0,317,456,8,219
290,0.049006,316,684,0,316,474,3,207
291,0.049006,303,697,0,303,435,8,254
292,0.049006,315,685,0,315,447,4,234
293,0.049006,307,693,0,307,469,2,222
294,0.049006,303,697,0,303,449,0,248
295,0.049006,315,685,0,315,434,0,251
296,0.049006,334,666,0,334,454,0,212
297,0.049006,302,698,0,302,471,0,227
298,0.049006,318,682,0,318,449,0,233
299,0.049006,302,698,0,302,473,0,225
300,0.049006,313,687,0,313,433,0,254
301,0.049006,312,688,0,312,433,0,255
302,0.049006,288,712,0,288,466,0,246
303,0.048547,291,709,0,291,454,0,255
304,0.048547,302,698,0,302,476,0,222
305,0.047296,335,665,0,335,433,0,232
306,0.047296,307,693,0,307,453,1,239
307,0.047296,315,685,0,315,443,3,239
308,0.047296,314,686,0,314,451,2,233
309,0.047296,332,668,0,332,441,5,222
310,0.047296,339,661,0,339,435,3,223
311,0.047296,333,667,0,333,423,0,244
312,0.047296,319,681,0,319,425,0,256
313,0.047296,335,665,0,335,416,5,244
314,0.047296,340,660,0,340,424,3,233
315,0.047296,333,667,0,333,440,0,227
316,0.047296,304,696,0,304,453,2,241
317,0.047296,295,705,0,295,460,6,239
318,0.047296,311,689,0,311,435,5,249
319,0.047296,314,686,0,314,461,4,221
320,0.043230,317,683,0,317,436,5,242
321,0.043230,337,663,0,337,427,1,235
322,0.043230,324,676,0,324,447,1,228
323,0.043230,310,690,0,310,450,0,240
324,0.043230,308,692,0,308,458,0,234
325,0.043230,322,678,0,322,432,0,246
326,0.043230,321,679,0,321,439,0,240
327,0.043230,314,686,0,314,459,0,227
328,0.043230,291,709,0,291,459,0,250
329,0.043230,311,689,0,311,429,0,260
330,0.043230,335,665,0,335,445,0,220
331,0.043230,317,683,0,317,444,0,239
332,0.043230,322,678,0,322,471,0,207
333,0.043230,320,680,0,320,432,0,248
334,0.043230,297,703,0,297,441,0,262
335,0.043230,334,666,0,334,429,0,237
336,0.043230,334,666,0,334,410,0,256
337,0.043230,334,666,0,334,434,0,232
338,0.042830,317,683,0,317,438,0,245
339,0.042830,326,674,0,326,447,0,227
340,0.042830,325,675,0,325,444,0,231
341,0.042830,313,687,0,313,455,0,232
342,0.042830,319,681,0,319,444,0,237
343,0.042830,304,696,0,304,465,0,231
344,0.042830,345,655,0,345,443,0,212
345,0.041859,308,692,0,308,480,0,212
346,0.041859,289,711,0,289,472,0,239
347,0.040347,315,685,0,315,460,0,225
348,0.040347,310,690,0,310,440,0,250
349,0.040347,294,706,0,294,463,0,243
350,0.040347,301,699,0,301,455,0,244
351,0.039671,286,714,0,286,442,0,272
352,0.039671,321,679,0,321,457,0,222
353,0.039671,312,688,0,312,445,0,243
354,0.039671,337,663,0,337,432,0,231
355,0.039671,308,692,0,308,467,0,225
356,0.039671,309,691,0,309,439,0,252
357,0.039671,302,698,0,302,476,0,222
358,0.039671,333,667,0,333,426,0,241
359,0.039671,294,706,0,294,464,0,242
360,0.039671,323,677,0,323,421,0,256
361,0.039671,318,682,0,318,451,0,231
362,0.039671,292,708,0,292,444,0,264
363,0.039671,332,668,0,332,433,0,235
364,0.039671,308,692,0,308,464,0,228
365,0.035419,307,693,0,307,471,0,222
366,0.035419,314,686,0,314,431,0,255
367,0.035419,312,688,0,312,468,0,220
368,0.035419,322,678,0,322,436,0,242
369,0.035419,297,703,0,297,463,0,240
370,0.035419,308,692,0,308,442,0,250
371,0.035419,328,672,0,328,455,0,217
372,0.035419,313,687,0,313,454,0,233
373,0.035419,331,669,0,331,428,0,241
374,0.035419,301,699,0,301,461,0,238
375,0.035419,297,703,0,297,463,0,240
376,0.035419,308,692,0,308,458,0,234
377,0.035419,292,708,0,292,459,0,249
378,0.035419,298,702,0,298,458,0,244
379,0.035419,306,694,0,306,462,0,232
380,0.035419,350,650,0,350,443,0,207
381,0.033817,291,709,0,291,459,0,250
382,0.033817,295,705,0,295,456,0,249
383,0.033817,307,693,0,307,460,0,233
384,0.033817,332,668,0,332,429,0,239
385,0.033817,306,694,0,306,457,0,237
386,0.033817,313,687,0,313,462,0,225
387,0.033817,309,691,0,309,463,0,228
388,0.033817,281,719,0,281,456,0,263
389,0.033817,294,706,0,294,460,0,246
390,0.033817,324,676,0,324,435,0,241
391,0.033817,329,671,0,329,448,0,223
392,0.033817,305,695,0,305,452,0,243
393,0.033817,304,696,0,304,457,0,239
394,0.033817,318,682,0,318,447,0,235
395,0.033817,328,672,0,328,438,0,234
396,0.033817,311,689,0,311,457,0,232
397,0.033817,312,688,0,312,460,0,228
398,0.033817,280,720,0,280,475,0,245
399,0.033817,311,689,0,311,437,0,252
400,0.033817,305,695,0,305,446,0,249
401,0.033817,322,678,0,322,454,0,224
402,0.033817,307,693,0,307,439,0,254
403,0.033817,317,683,0,317,452,0,231
404,0.033817,335,665,0,335,456,0,209
405,0.033817,323,677,0,323,447,0,230
406,0.033817,315,685,0,315,437,0,248
407,0.033591,295,705,0,295,450,0,255
408,0.033591,310,690,0,310,455,0,235
409,0.033591,322,678,0,322,452,0,226
410,0.033591,313,687,0,313,444,0,243
411,0.033591,284,716,0,284,475,0,241
412,0.033591,319,681,0,319,466,0,215
413,0.033591,307,693,0,307,454,0,239
414,0.033591,323,677,0,323,425,0,252
415,0.033591,336,664,0,336,446,0,218
416,0.033591,299,701,0,299,442,0,259
417,0.033591,320,680,0,320,426,0,254
418,0.033591,306,694,0,306,469,0,225
419,0.033591,313,687,0,313,461,0,226
420,0.033591,321,679,0,321,441,0,238
421,0.033591,316,684,0,316,452,0,232
422,0.033591,305,695,0,305,450,0,245
423,0.033591,319,681,0,319,444,0,237
424,0.033591,318,682,0,318,440,0,242
425,0.033591,295,705,0,295,470,0,235
426,0.033591,328,672,0,328,430,0,242
427,0.033591,318,682,0,318,439,0,243
428,0.030732,343,657,0,343,428,0,229
429,0.030732,328,672,0,328,461,0,211
430,0.030732,322,678,0,322,445,0,233
431,0.030732,323,677,0,323,448,0,229
432,0.030732,316,684,0,316,435,0,249
433,0.030732,304,696,0,304,444,0,252
434,0.030732,321,679,0,321,442,0,237
435,0.030732,323,677,0,323,451,0,226
436,0.030732,352,648,0,352,420,0,228
437,0.030732,335,665,0,335,441,0,224
438,0.030732,312,688,0,312,445,0,243
439,0.030732,291,709,0,291,432,0,277
440,0.030732,308,692,0,308,476,3,213
441,0.030732,334,666,0,334,456,6,204
442,0.030732,309,691,0,309,455,3,233
443,0.030732,321,679,0,321,421,7,251
444,0.030732,338,662,0,338,422,2,238
445,0.030732,338,662,0,338,411,3,248
446,0.030732,304,696,0,304,451,3,242
447,0.030732,291,709,0,291,455,7,247
448,0.030732,298,702,0,298,457,4,241
449,0.030732,311,689,0,311,456,6,227
450,0.030732,293,707,0,293,452,10,245
451,0.030732,321,679,0,321,452,6,221
452,0.030465,323,677,0,323,433,4,240
453,0.030199,317,683,0,317,436,6,241
454,0.030199,315,685,0,315,435,4,246
455,0.030199,318,682,0,318,436,5,241
456,0.030199,321,679,0,321,436,6,237
457,0.029948,314,686,0,314,453,4,229
458,0.029948,326,674,0,326,424,6,244
459,0.029948,292,708,0,292,450,9,249
460,0.029948,323,677,0,323,455,6,216
461,0.029948,296,704,0,296,472,4,228
462,0.029948,310,690,0,310,461,3,226
463,0.029948,321,679,0,321,433,4,242
464,0.029948,315,685,0,315,449,1,235
465,0.029948,312,688,0,312,461,0,227
466,0.029948,287,713,0,287,454,0,259
467,0.029948,291,709,0,291,453,2,254
468,0.029948,273,727,0,273,459,8,260
469,0.029235,312,688,0,312,461,1,226
470,0.029235,304,696,0,304,487,0,209
471,0.029235,327,673,0,327,436,0,237
472,0.029235,329,671,0,329,444,0,227
473,0.029235,293,707,0,293,456,0,251
474,0.029235,310,690,0,310,443,0,247
475,0.029235,312,688,0,312,444,0,244
476,0.029235,299,701,0,299,447,0,254
477,0.029235,325,675,0,325,442,0,233
478,0.027002,311,689,0,311,432,0,257
479,0.027002,324,676,0,324,435,0,241
480,0.027002,346,654,0,346,442,0,212
481,0.027002,306,694,0,306,458,0,236
482,0.027002,301,699,0,301,458,0,241
483,0.027002,318,682,0,318,446,0,236
484,0.027002,298,702,0,298,480,0,222
485,0.027002,301,699,0,301,465,0,234
486,0.027002,296,704,0,296,460,0,244
487,0.027002,329,671,0,329,424,0,247
488,0.027002,307,693,0,307,452,0,241
489,0.027002,324,676,0,324,442,0,234
490,0.027002,337,663,0,337,435,0,228
491,0.027002,316,684,0,316,467,0,217
492,0.027002,308,692,0,308,463,0,229
493,0.027002,323,677,0,323,458,0,219
494,0.027002,333,667,0,333,477,0,190
495,0.027002,307,693,0,307,446,0,247
496,0.027002,323,677,0,323,443,0,234
497,0.027002,298,702,0,298,477,0,225
498,0.027002,342,658,0,342,423,0,235
499,0.027002,294,706,0,294,501,0,205
500,0.025570,331,669,0,331,458,0,211
501,0.025570,316,684,0,316,462,0,222
502,0.025570,321,679,0,321,433,0,246
503,0.025570,331,669,0,331,439,0,230
504,0.025570,301,699,6,295,455,0,244
505,0.025570,303,697,6,297,445,0,252
506,0.025570,299,701,2,297,480,0,221
507,0.025570,289,711,6,283,464,0,247
508,0.025570,314,686,8,306,449,0,237
509,0.025570,341,659,11,330,431,0,228
510,0.025554,316,684,2,314,448,0,236
511,0.025554,301,699,4,297,446,0,253
512,0.025554,341,659,3,338,430,0,229
513,0.025554,299,701,2,297,445,0,256
514,0.025554,306,694,3,303,456,0,238
515,0.025554,308,692,6,302,445,0,247
516,0.025554,313,687,0,313,443,0,244
517,0.024388,311,689,0,311,455,0,234
518,0.024388,306,694,0,306,472,0,222
519,0.024388,295,705,0,295,472,0,233
520,0.024388,341,659,0,341,442,0,217
521,0.024388,315,685,0,315,455,0,230
522,0.024388,311,689,0,311,432,0,257
523,0.024388,312,688,0,312,443,0,245
524,0.024388,297,703,0,297,459,0,244
525,0.024388,310,690,0,310,438,0,252
526,0.024388,307,693,0,307,475,0,218
527,0.024388,310,690,0,310,458,0,232
528,0.024388,336,664,0,336,426,0,238
529,0.024388,306,694,0,306,460,0,234
530,0.024388,307,693,0,307,472,0,221
531,0.024388,330,670,0,330,453,0,217
532,0.024388,344,656,0,344,428,0,228
533,0.023250,312,688,0,312,427,0,261
534,0.023250,349,651,0,349,436,0,215
535,0.023250,302,698,0,302,471,0,227
536,0.023250,328,672,0,328,443,0,229
537,0.023250,311,689,0,311,463,0,226
538,0.023250,315,685,0,315,428,0,257
539,0.023250,313,687,0,313,459,0,228
540,0.023250,331,669,0,331,427,0,242
541,0.023250,322,678,0,322,452,0,226
542,0.023250,319,681,0,319,453,0,228
543,0.023250,320,680,0,320,460,0,220
544,0.023250,275,725,0,275,476,0,249
545,0.023250,314,686,0,314,447,0,239
546,0.023250,336,664,0,336,441,0,223
547,0.023250,311,689,0,311,457,0,232
548,0.023250,332,668,0,332,451,0,217
549,0.023250,304,696,0,304,469,0,227
550,0.023250,310,690,0,310,444,0,246
551,0.023250,312,688,0,312,464,0,224
552,0.023250,281,719,0,281,486,0,233
553,0.023048,303,697,0,303,452,0,245
554,0.020435,298,702,0,298,497,0,205
555,0.020435,313,687,0,313,451,0,236
556,0.020435,341,659,0,341,425,0,234
557,0.020435,340,660,0,340,444,0,216
558,0.020435,332,668,0,332,450,0,218
559,0.020435,317,683,0,317,463,0,220
560,0.020435,298,702,0,298,466,0,236
561,0.020435,322,678,0,322,457,0,221
562,0.020435,318,682,0,318,454,0,228
563,0.020435,309,691,0,309,458,0,233
564,0.020435,301,699,0,301,470,0,229
565,0.020435,280,720,0,280,483,0,237
566,0.020435,324,676,0,324,431,0,245
567,0.020435,287,713,0,287,461,0,252
568,0.020435,318,682,0,318,452,0,230
569,0.020435,306,694,0,306,463,0,231
570,0.020435,303,697,0,303,456,0,241
571,0.020435,309,691,0,309,466,0,225
572,0.020435,324,676,0,324,456,0,220
573,0.020435,315,685,0,315,441,0,244
574,0.020435,322,678,0,322,444,0,234
575,0.020435,321,679,0,321,435,0,244
576,0.020231,293,707,0,293,482,0,225
577,0.020231,316,684,0,316,463,0,221
578,0.020231,322,678,0,322,446,0,232
579,0.020231,315,685,0,315,453,0,232
580,0.020231,285,715,0,285,465,0,250
581,0.020231,306,694,0,306,461,0,233
582,0.020231,302,698,0,302,450,0,248
583,0.020231,316,684,0,316,457,0,227
584,0.020231,325,675,0,325,439,0,236
585,0.020231,302,698,0,302,458,0,240
586,0.020231,295,705,0,295,458,0,247
587,0.020231,329,671,0,329,431,0,240
588,0.020231,284,716,0,284,473,0,243
589,0.020231,308,692,0,308,486,0,206
590,0.020231,318,682,0,318,454,0,228
591,0.020231,335,665,0,335,439,0,226
592,0.020231,324,676,0,324,441,0,235
593,0.020231,298,702,0,298,433,0,269
594,0.020231,322,678,0,322,457,0,221
595,0.020231,314,686,0,314,460,0,226
596,0.020231,303,697,0,303,446,0,251
597,0.020231,318,682,0,318,463,0,219
598,0.019608,304,696,0,304,448,0,248
599,0.019608,299,701,0,299,465,0,236
600,0.019608,333,667,0,333,452,0,215
601,0.019171,319,681,0,319,439,0,242
602,0.019171,292,708,0,292,460,0,248
603,0.019171,319,681,0,319,434,0,247
604,0.019171,322,678,0,322,444,0,234
605,0.019171,314,686,0,314,473,0,213
606,0.019171,289,711,0,289,433,0,278
607,0.019171,301,699,0,301,481,0,218
608,0.018693,319,681,0,319,446,0,235
609,0.018693,336,664,0,336,431,0,233
610,0.018693,301,699,0,301,471,0,228
611,0.018693,327,673,0,327,456,0,217
612,0.018693,305,695,0,305,475,0,220
613,0.018693,327,673,0,327,426,0,247
614,0.018693,330,670,0,330,435,0,235
615,0.018693,329,671,0,329,433,0,238
616,0.018693,317,683,0,317,439,0,244
617,0.018693,322,678,0,322,444,0,234
618,0.018693,299,701,0,299,454,0,247
619,0.018693,304,696,0,304,474,0,222
620,0.018693,304,696,0,304,449,0,247
621,0.018693,317,683,0,317,424,0,259
622,0.018693,311,689,0,311,450,0,239
623,0.018693,314,686,0,314,458,0,228
624,0.018693,298,702,0,298,446,0,256
625,0.018403,319,681,0,319,463,0,218
626,0.018403,313,687,0,313,436,0,251
627,0.018403,301,699,0,301,477,0,222
628,0.018403,306,694,0,306,461,0,233
629,0.018403,296,704,0,296,463,0,241
630,0.018403,306,694,0,306,450,0,244
631,0.018403,298,702,0,298,459,0,243
632,0.018403,306,694,0,306,468,0,226
633,0.018403,338,662,0,338,450,0,212
634,0.018403,297,703,0,297,455,0,248
635,0.018403,327,673,0,327,463,0,210
636,0.018403,298,702,0,298,475,0,227
637,0.018403,323,677,0,323,460,0,217
638,0.017967,339,661,0,339,418,0,243
639,0.017967,308,692,0,308,480,0,212
640,0.017967,332,668,0,332,440,0,228
641,0.017967,301,699,0,301,455,0,244
642,0.017967,337,663,0,337,467,0,196
643,0.017749,296,704,0,296,482,0,222
644,0.017749,321,679,0,321,449,0,230
645,0.017342,293,707,0,293,464,0,243
646,0.017342,282,718,0,282,475,0,243
647,0.017342,286,714,0,286,489,0,225
648,0.017342,324,676,0,324,466,0,210
649,0.017342,331,669,0,331,455,0,214
650,0.017342,329,671,0,329,453,0,218
651,0.017342,292,708,0,292,485,0,223
652,0.017342,308,692,0,308,475,0,217
653,0.017342,333,667,0,333,439,0,228
654,0.017342,295,705,0,295,442,0,263
655,0.017342,321,679,0,321,457,0,222
656,0.017342,317,683,0,317,445,0,238
657,0.017342,331,669,0,331,427,0,242
658,0.017342,318,682,0,318,436,1,245
659,0.017342,307,693,0,307,437,6,250
660,0.017342,322,678,0,322,449,10,219
661,0.017342,310,690,0,310,444,5,241
662,0.017342,285,715,0,285,445,9,261
663,0.017342,290,710,0,290,484,6,220
664,0.017342,307,693,0,307,462,7,224
665,0.017342,303,697,0,303,463,5,229
666,0.017342,311,689,0,311,450,10,229
667,0.017342,302,698,0,302,455,4,239
668,0.017342,307,693,0,307,448,4,241
669,0.017342,296,704,0,296,477,0,227
670,0.017342,305,695,0,305,456,0,239
671,0.017342,293,707,0,293,465,0,242
672,0.016940,296,704,0,296,481,0,223
673,0.016940,304,696,0,304,470,0,226
674,0.016940,280,720,0,280,482,0,238
675,0.016940,334,666,0,334,440,0,226
676,0.016369,314,686,0,314,442,0,244
677,0.016369,297,703,0,297,462,1,240
678,0.016369,341,659,0,341,428,3,228
679,0.016369,298,702,0,298,464,4,234
680,0.016369,295,705,0,295,476,4,225
681,0.016369,294,706,0,294,472,4,230
682,0.016369,289,711,0,289,471,6,234
683,0.016369,315,685,0,315,445,5,235
684,0.016369,300,700,0,300,469,7,224
685,0.016369,315,685,0,315,461,7,217
686,0.016369,281,719,0,281,465,5,249
687,0.016369,299,701,0,299,474,5,222
688,0.016369,333,667,0,333,421,2,244
689,0.016369,316,684,0,316,440,0,244
690,0.016369,305,695,0,305,464,0,231
691,0.016369,342,658,0,342,440,0,218
692,0.016369,293,707,0,293,445,0,262
693,0.016369,322,678,0,322,428,0,250
694,0.016369,317,683,0,317,462,0,221
695,0.016113,320,680,0,320,440,0,240
696,0.016113,320,680,0,320,466,0,214
697,0.015427,310,690,0,310,444,0,246
698,0.015427,332,668,0,332,426,0,242
699,0.015427,322,678,0,322,446,0,232
700,0.015427,307,693,0,307,464,0,229
701,0.015427,305,695,0,305,460,0,235
702,0.015037,314,686,7,307,459,0,227
703,0.015037,307,693,6,301,448,0,245
704,0.015037,304,696,3,301,456,0,240
705,0.015037,293,707,0,293,451,0,256
706,0.015037,333,667,4,329,437,0,230
707,0.013979,323,677,6,317,442,0,235
708,0.013979,326,674,6,320,448,0,226
709,0.013979,300,700,6,294,468,0,232
710,0.013979,328,672,3,325,442,0,230
711,0.013979,321,679,8,313,451,0,228
712,0.013979,307,693,7,300,472,0,221
713,0.013979,297,703,4,293,452,0,251
714,0.013979,310,690,2,308,455,0,235
715,0.013979,308,692,10,298,451,0,241
716,0.013979,308,692,4,304,436,0,256
717,0.013979,348,652,4,344,431,0,221
718,0.013979,320,680,1,319,471,0,209
719,0.013979,314,686,2,312,443,0,243
720,0.013979,302,698,3,299,459,2,237
721,0.013979,281,719,0,281,483,7,229
722,0.013979,303,697,1,302,445,6,246
723,0.013979,307,693,0,307,459,5,229
724,0.013979,318,682,0,318,421,5,256
725,0.013979,296,704,0,296,468,5,231
726,0.013979,321,679,3,318,447,6,226
727,0.013979,326,674,2,324,427,5,242
728,0.013979,304,696,1,303,440,5,251
729,0.013979,324,676,3,321,437,9,230
730,0.013979,315,685,5,310,440,5,240
731,0.013979,323,677,6,317,431,5,241
732,0.013979,321,679,5,316,453,7,219
733,0.013979,327,673,8,319,447,3,223
734,0.013979,311,689,10,301,441,5,243
735,0.013979,315,685,5,310,453,5,227
736,0.013979,313,687,6,307,455,13,219
737,0.013979,324,676,10,314,427,2,247
738,0.013979,316,684,6,310,458,0,226
739,0.013979,319,681,4,315,426,0,255
740,0.013979,340,660,3,337,435,0,225
741,0.013979,311,689,0,311,454,0,235
742,0.013979,305,695,0,305,478,0,217
743,0.013979,307,693,0,307,442,0,251
744,0.013979,288,712,0,288,456,0,256
745,0.013979,307,693,0,307,439,0,254
746,0.013979,294,706,0,294,456,0,250
747,0.013979,312,688,0,312,454,0,234
748,0.013979,320,680,0,320,441,0,239
749,0.013979,292,708,0,292,466,0,242
750,0.013236,320,680,0,320,417,0,263
751,0.013236,320,680,0,320,419,0,261
752,0.013236,317,683,0,317,446,0,237
753,0.013236,315,685,0,315,444,0,241
754,0.013236,300,700,0,300,468,0,232
755,0.013236,298,702,0,298,431,0,271
756,0.013236,327,673,0,327,434,0,239
757,0.013236,319,681,0,319,436,0,245
758,0.013236,307,693,0,307,428,0,265
759,0.013236,301,699,0,301,474,0,225
760,0.013221,302,698,0,302,457,0,241
761,0.013221,306,694,0,306,464,0,230
762,0.013221,322,678,0,322,436,0,242
763,0.013221,305,695,0,305,448,0,247
764,0.013221,341,659,0,341,413,0,246
765,0.012964,315,685,0,315,448,0,237
766,0.012964,331,669,0,331,411,0,258
767,0.012964,305,695,0,305,447,0,248
768,0.012964,305,695,2,303,457,0,238
769,0.012964,309,691,2,307,440,0,251
770,0.012964,320,680,1,319,461,0,219
771,0.012964,297,703,6,291,457,0,246
772,0.012964,305,695,1,304,436,0,259
773,0.012964,302,698,4,298,485,0,213
774,0.012964,308,692,4,304,447,0,245
775,0.012964,306,694,6,300,453,0,241
776,0.012964,324,676,5,319,425,0,251
777,0.012964,320,680,2,318,408,0,272
778,0.012964,324,676,9,315,433,0,243
779,0.012964,327,673,11,316,434,0,239
780,0.012964,309,691,8,301,448,0,243
781,0.012964,292,708,3,289,451,0,257
782,0.012964,315,685,8,307,434,0,251
783,0.012964,325,675,5,320,446,0,229
784,0.012964,330,670,9,321,448,0,222
785,0.012964,324,676,6,318,426,0,250
786,0.012964,285,715,0,285,474,0,241
787,0.012964,311,689,0,311,442,0,247
788,0.012964,294,706,0,294,461,0,245
789,0.012964,320,680,0,320,457,0,223
790,0.012964,294,706,0,294,456,0,250
791,0.012955,310,690,0,310,422,0,268
792,0.012955,317,683,0,317,443,0,240
793,0.012955,313,687,0,313,424,0,263
794,0.012955,316,684,0,316,429,0,255
795,0.012690,330,670,0,330,430,0,240
796,0.012690,312,688,0,312,454,0,234
797,0.012055,294,706,0,294,450,0,256
798,0.012055,325,675,0,325,433,0,242
799,0.012055,330,670,0,330,440,0,230
800,0.012055,316,684,0,316,424,0,260
801,0.012055,303,697,0,303,450,0,247
802,0.012055,308,692,0,308,446,0,246
803,0.012055,327,673,0,327,417,0,256
804,0.011919,289,711,0,289,449,0,262
805,0.011919,330,670,0,330,431,0,239
806,0.011919,317,683,0,317,448,0,235
807,0.011919,326,674,0,326,457,0,217
808,0.011919,313,687,0,313,420,0,267
809,0.011919,295,705,0,295,466,0,239
810,0.011919,329,671,0,329,451,0,220
811,0.011919,325,675,0,325,412,0,263
812,0.011919,320,680,0,320,439,0,241
813,0.011919,282,718,0,282,452,0,266
814,0.011919,304,696,0,304,434,0,262
815,0.011919,323,677,0,323,440,0,237
816,0.011919,305,695,0,305,445,0,250
817,0.011919,331,669,0,331,431,0,238
818,0.011919,326,674,0,326,417,0,257
819,0.011919,317,683,0,317,421,0,262
820,0.011919,298,702,0,298,457,0,245
821,0.011919,328,672,0,328,453,0,219
822,0.011919,332,668,0,332,404,0,264
823,0.011919,317,683,0,317,428,0,255
824,0.011919,330,670,0,330,422,0,248
825,0.011919,316,684,0,316,430,0,254
826,0.011919,333,667,0,333,440,0,227
827,0.011424,300,700,0,300,430,0,270
828,0.011424,337,663,0,337,415,0,248
829,0.011424,329,671,0,329,406,0,265
830,0.011424,315,685,0,315,445,0,240
831,0.011424,307,693,0,307,436,0,257
832,0.011424,306,694,0,306,457,0,237
833,0.011424,306,694,0,306,458,0,236
834,0.011424,310,690,0,310,439,0,251
835,0.011424,322,678,0,322,440,0,238
836,0.011424,313,687,0,313,464,0,223
837,0.011424,316,684,0,316,451,0,233
838,0.011424,284,716,0,284,464,0,252
839,0.011424,304,696,0,304,436,0,260
840,0.011424,304,696,0,304,455,0,241
841,0.011424,309,691,0,309,448,0,243
842,0.011424,310,690,0,310,471,0,219
843,0.011424,309,691,0,309,461,0,230
844,0.011424,314,686,0,314,447,0,239
845,0.011424,304,696,0,304,476,0,220
846,0.011424,303,697,0,303,442,0,255
847,0.011424,315,685,0,315,436,0,249
848,0.011424,308,692,0,308,443,0,249
849,0.011424,313,687,0,313,449,0,238
850,0.010696,340,660,0,340,403,0,257
851,0.010696,314,686,0,314,423,0,263
852,0.010696,310,690,0,310,447,0,243
853,0.010696,306,694,0,306,459,0,235
854,0.010696,340,660,0,340,423,0,237
855,0.010696,302,698,0,302,444,0,254
856,0.010696,313,687,0,313,445,0,242
857,0.010696,296,704,0,296,441,0,263
858,0.010696,316,684,0,316,433,0,251
859,0.010696,328,672,1,327,438,0,234
860,0.010696,308,692,9,299,452,0,240
861,0.010696,322,678,4,318,443,0,235
862,0.010696,301,699,6,295,438,0,261
863,0.010696,336,664,8,328,431,0,233
864,0.010696,312,688,8,304,476,0,212
865,0.010696,307,693,2,305,455,0,238
866,0.010696,318,682,5,313,439,0,243
867,0.009829,340,660,6,334,407,0,253
868,0.009829,299,701,4,295,451,0,250
869,0.009829,277,723,1,276,441,0,282
870,0.009829,332,668,5,327,429,0,239
871,0.009829,311,689,4,307,463,0,226
872,0.009829,297,703,8,289,470,0,233
873,0.009829,292,708,10,282,465,0,243
874,0.009829,312,688,12,300,434,0,254
875,0.009829,327,673,5,322,415,0,258
876,0.009829,314,686,6,308,456,0,230
877,0.009829,319,681,3,316,420,0,261
878,0.009829,346,654,8,338,442,0,212
879,0.009829,312,688,2,310,450,0,238
880,0.009829,300,700,6,294,469,0,231
881,0.009829,313,687,6,307,418,0,269
882,0.009829,309,691,9,300,450,0,241
883,0.009829,296,704,2,294,468,0,236
884,0.009829,316,684,10,306,438,0,246
885,0.009829,309,691,5,304,429,0,262
886,0.009829,317,683,2,315,464,0,219
887,0.009829,322,678,4,318,436,0,242
888,0.009829,316,684,11,305,444,0,240
889,0.009829,317,683,3,314,444,0,239
890,0.009829,302,698,4,298,432,0,266
891,0.009829,322,678,6,316,468,0,210
892,0.009829,320,680,6,314,439,0,241
893,0.009829,292,708,5,287,445,0,263
894,0.009829,313,687,6,307,440,0,247
895,0.009829,303,697,3,300,424,0,273
896,0.009829,290,710,4,286,442,0,268
897,0.009829,304,696,5,299,443,0,253
898,0.009829,317,683,9,308,438,0,245
899,0.009829,303,697,6,297,469,0,228
900,0.009829,298,702,5,293,462,0,240
901,0.009467,295,705,4,291,467,0,238
902,0.009467,304,696,4,300,462,0,234
903,0.009467,299,701,9,290,454,0,247
904,0.009467,308,692,4,304,448,0,244
905,0.009467,320,680,1,319,446,0,234
906,0.009467,335,665,7,328,418,0,247
907,0.009467,283,717,6,277,464,0,253
908,0.009467,321,679,6,315,436,0,243
909,0.009467,309,691,4,305,453,0,238
910,0.009467,317,683,8,309,449,0,234
911,0.009467,294,706,3,291,453,0,253
912,0.009467,289,711,3,286,482,0,229
913,0.009467,313,687,7,306,456,0,231
914,0.009467,317,683,3,314,454,0,229
915,0.009467,298,702,3,295,473,0,229
916,0.009467,330,670,4,326,416,0,254
917,0.009467,344,656,4,340,423,0,233
918,0.009467,301,699,6,295,441,0,258
919,0.009467,309,691,3,306,432,0,259
920,0.009467,311,689,5,306,440,0,249
921,0.009467,307,693,2,305,445,0,248
922,0.009467,302,698,8,294,448,0,250
923,0.009467,346,654,4,342,417,0,237
924,0.009467,324,676,4,320,437,0,239
925,0.009467,333,667,2,331,432,0,235
926,0.008993,296,704,8,288,467,0,237
927,0.008993,348,652,6,342,404,0,248
928,0.008993,307,693,2,305,442,0,251
929,0.008993,319,681,0,319,442,0,239
930,0.008993,296,704,0,296,446,0,258
931,0.008993,308,692,0,308,424,0,268
932,0.008993,287,713,0,287,486,0,227
933,0.008993,312,688,0,312,437,0,251
934,0.008993,297,703,0,297,440,0,263
935,0.008993,321,679,0,321,434,0,245
936,0.008993,324,676,0,324,427,0,249
937,0.008993,329,671,0,329,429,0,242
938,0.008993,290,710,0,290,476,0,234
939,0.008993,324,676,0,324,438,0,238
940,0.008993,322,678,0,322,426,0,252
941,0.008993,291,709,0,291,452,0,257
942,0.008993,308,692,0,308,455,0,237
943,0.008993,317,683,0,317,419,0,264
944,0.008993,315,685,0,315,436,0,249
945,0.008993,342,658,0,342,427,0,231
946,0.008993,304,696,0,304,465,0,231
947,0.008993,292,708,0,292,479,0,229
948,0.008993,345,655,0,345,423,0,232
949,0.008993,309,691,0,309,454,0,237
950,0.008993,329,671,0,329,434,0,237
951,0.008993,306,694,0,306,440,0,254
952,0.008993,312,688,0,312,443,0,245
953,0.008993,299,701,0,299,443,0,258
954,0.008993,306,694,0,306,436,0,258
955,0.008993,320,680,0,320,448,0,232
956,0.008993,287,713,0,287,452,0,261
957,0.008993,322,678,0,322,435,0,243
958,0.008674,320,680,0,320,442,0,238
959,0.008674,312,688,0,312,438,0,250
960,0.008674,323,677,0,323,441,0,236
961,0.008674,326,674,0,326,406,0,268
962,0.008674,317,683,0,317,448,0,235
963,0.008674,286,714,0,286,461,0,253
964,0.008674,297,703,0,297,443,0,260
965,0.008674,301,699,0,301,452,0,247
966,0.008674,311,689,0,311,418,0,271
967,0.008674,296,704,0,296,436,0,268
968,0.008674,314,686,0,314,441,0,245
969,0.008674,337,663,0,337,419,0,244
970,0.008674,316,684,0,316,426,0,258
971,0.008674,303,697,0,303,436,0,261
972,0.008674,303,697,0,303,449,0,248
973,0.008525,294,706,0,294,458,0,248
974,0.008367,300,700,0,300,459,0,241
975,0.008367,318,682,0,318,426,0,256
976,0.008367,317,683,0,317,446,0,237
977,0.008367,341,659,0,341,418,0,241
978,0.008367,323,677,0,323,443,0,234
979,0.008260,324,676,0,324,452,0,224
980,0.008260,304,696,0,304,460,0,236
981,0.008260,315,685,0,315,446,0,239
982,0.008260,341,659,0,341,409,0,250
983,0.008260,300,700,0,300,449,0,251
984,0.008213,321,679,0,321,436,0,243
985,0.008213,315,685,0,315,449,0,236
986,0.008213,328,672,0,328,416,0,256
987,0.008213,314,686,0,314,459,0,227
988,0.007949,288,712,0,288,464,0,248
989,0.007949,317,683,0,317,427,0,256
990,0.007949,300,700,0,300,429,0,271
991,0.007949,315,685,0,315,438,0,247
992,0.007949,330,670,0,330,432,0,238
993,0.007949,293,707,0,293,464,0,243
994,0.007949,329,671,0,329,443,0,228
995,0.007949,296,704,0,296,469,0,235
996,0.007949,327,673,0,327,403,0,270
997,0.007949,296,704,0,296,463,0,241
998,0.007949,316,684,0,316,459,0,225
999,0.007949,320,680,0,320,437,0,243
1000,0.007949,306,694,0,306,436,0,258
1001,0.007949,308,692,0,308,464,0,228
1002,0.007949,306,694,0,306,455,0,239
1003,0.007949,329,671,0,329,448,0,223
1004,0.007949,330,670,0,330,428,0,242
1005,0.007949,305,695,0,305,441,0,254
1006,0.007949,337,663,0,337,437,0,226
1007,0.007949,326,674,0,326,459,0,215
1008,0.007716,323,677,0,323,442,0,235
1009,0.007716,338,662,0,338,440,0,222
1010,0.007716,308,692,0,308,451,0,241
1011,0.007716,345,655,0,345,426,0,229
1012,0.007716,305,695,0,305,443,0,252
1013,0.007716,319,681,0,319,438,0,243
1014,0.007716,335,665,0,335,410,0,255
1015,0.007583,294,706,0,294,442,0,264
1016,0.007583,339,661,0,339,427,0,234
1017,0.007583,312,688,0,312,437,0,251
1018,0.007583,332,668,0,332,398,0,270
1019,0.007583,314,686,0,314,434,0,252
1020,0.007583,289,711,0,289,460,0,251
1021,0.007583,280,720,0,280,461,0,259
1022,0.007583,311,689,0,311,441,0,248
1023,0.007413,305,695,0,305,466,0,229
1024,0.007413,347,653,0,347,432,0,221
1025,0.007413,309,691,0,309,441,0,250
1026,0.007413,329,671,0,329,416,0,255
1027,0.007413,298,702,0,298,446,0,256
1028,0.007413,320,680,0,320,410,0,270
1029,0.007413,328,672,0,328,437,0,235
1030,0.007413,309,691,0,309,430,0,261
1031,0.007413,288,712,0,288,433,0,279
1032,0.007413,332,668,0,332,438,0,230
1033,0.007413,329,671,0,329,415,0,256
1034,0.007413,297,703,0,297,439,0,264
1035,0.007413,302,698,0,302,436,0,262
1036,0.007218,313,687,0,313,450,0,237
1037,0.007218,305,695,0,305,468,0,227
1038,0.007218,289,711,0,289,446,0,265
1039,0.007218,304,696,0,304,441,0,255
1040,0.007218,329,671,0,329,415,0,256
1041,0.007218,324,676,0,324,447,0,229
1042,0.007218,324,676,0,324,413,0,263
1043,0.007218,329,671,0,329,441,0,230
1044,0.007218,320,680,0,320,450,0,230
1045,0.006845,318,682,0,318,421,0,261
1046,0.006845,296,704,0,296,465,0,239
1047,0.006845,302,698,0,302,451,0,247
1048,0.006845,324,676,0,324,442,0,234
1049,0.006845,318,682,0,318,430,0,252
1050,0.006845,314,686,0,314,449,0,237
1051,0.006845,297,703,0,297,465,0,238
1052,0.006845,315,685,0,315,412,0,273
1053,0.006845,342,658,0,342,418,0,240
1054,0.006845,305,695,1,304,436,0,259
1055,0.006845,330,670,8,322,428,0,242
1056,0.006845,326,674,6,320,441,0,233
1057,0.006845,319,681,4,315,433,0,248
1058,0.006845,326,674,5,321,433,0,241
1059,0.006845,325,675,5,320,445,0,230
1060,0.006845,308,692,5,303,451,0,241
1061,0.006845,313,687,10,303,426,0,261
1062,0.006845,321,679,8,313,445,0,234
1063,0.006845,296,704,4,292,461,0,243
1064,0.006845,324,676,3,321,427,0,249
1065,0.006845,325,675,6,319,413,0,262
1066,0.006845,338,662,4,334,417,0,245
1067,0.006845,308,692,3,305,437,0,255
1068,0.006845,298,702,9,289,467,0,235
1069,0.006845,311,689,6,305,450,0,239
1070,0.006845,329,671,5,324,429,0,242
1071,0.006845,311,689,5,306,446,0,243
1072,0.006826,325,675,7,318,421,0,254
1073,0.006826,328,672,7,321,422,0,250
1074,0.006826,308,692,6,302,443,0,249
1075,0.006826,293,707,5,288,446,0,261
1076,0.006826,304,696,6,298,448,0,248
1077,0.006826,317,683,11,306,440,0,243
1078,0.006826,297,703,3,294,463,0,240
1079,0.006826,293,707,7,286,433,0,274
1080,0.006826,302,698,5,297,467,0,231
1081,0.006826,293,707,5,288,435,0,272
1082,0.006826,299,701,7,292,471,0,230
1083,0.006826,308,692,4,304,441,0,251
1084,0.006826,308,692,5,303,459,0,233
1085,0.006826,320,680,6,314,423,0,257
1086,0.006826,309,691,4,305,452,0,239
1087,0.006826,304,696,4,300,440,0,256
1088,0.006639,308,692,9,299,470,0,222
1089,0.006639,289,711,4,285,438,0,273
1090,0.006639,290,710,8,282,428,0,282
1091,0.006639,324,676,6,318,433,0,243
1092,0.006639,314,686,3,311,462,0,224
1093,0.006639,329,671,6,323,425,0,246
1094,0.006639,315,685,9,306,459,0,226
1095,0.006639,321,679,3,318,449,0,230
1096,0.006639,322,678,4,318,432,0,246
1097,0.006639,315,685,7,308,456,0,229
1098,0.006639,328,672,3,325,421,0,251
1099,0.006639,327,673,5,322,426,0,247
1100,0.006639,313,687,6,307,424,0,263
1101,0.006639,294,706,5,289,463,0,243
1102,0.006639,325,675,7,318,434,0,241
1103,0.006028,294,706,4,290,452,0,254
1104,0.006028,321,679,10,311,409,0,270
1105,0.006028,334,666,5,329,440,0,226
1106,0.006028,303,697,4,299,454,0,243
1107,0.006028,326,674,4,322,462,0,212
1108,0.006028,308,692,5,303,429,0,263
1109,0.006028,314,686,7,307,433,0,253
1110,0.006028,317,683,5,312,459,0,224
1111,0.006028,298,702,4,294,470,0,232
1112,0.006028,324,676,7,317,445,0,231
1113,0.005737,327,673,3,324,415,0,258
1114,0.005737,317,683,6,311,418,0,265
1115,0.005737,301,699,6,295,450,0,249
1116,0.005737,289,711,2,287,455,0,256
1117,0.005737,336,664,3,333,432,0,232
1118,0.005737,335,665,7,328,437,0,228
1119,0.005737,304,696,9,295,447,0,249
1120,0.005737,297,703,4,293,464,0,239
1121,0.005737,308,692,3,305,443,0,249
1122,0.005737,314,686,6,308,419,0,267
1123,0.005737,315,685,8,307,436,0,249
1124,0.005737,318,682,8,310,446,0,236
1125,0.005737,312,688,5,307,434,0,254
1126,0.005737,315,685,3,312,461,0,224
1127,0.005737,310,690,7,303,430,6,254
1128,0.005737,315,685,6,309,431,10,244
1129,0.005737,327,673,6,321,429,12,232
1130,0.005737,308,692,3,305,414,9,269
1131,0.005737,316,684,7,309,424,8,252
1132,0.005737,303,697,10,293,437,10,250
1133,0.005737,307,693,6,301,417,8,268
1134,0.005737,304,696,3,301,428,13,255
1135,0.005737,314,686,5,309,421,16,249
1136,0.005737,326,674,8,318,419,8,247
1137,0.005737,328,672,11,317,417,13,242
1138,0.005737,314,686,6,308,443,6,237
1139,0.005737,315,685,4,311,436,8,241
1140,0.005737,343,657,9,334,418,14,225
1141,0.005737,333,667,7,326,405,13,249
1142,0.005737,280,720,7,273,447,18,255
1143,0.005737,319,681,7,312,422,19,240
1144,0.005737,306,694,5,301,457,6,231
1145,0.005737,306,694,5,301,469,3,222
1146,0.005737,337,663,8,329,432,8,223
1147,0.005737,305,695,6,299,441,13,241
1148,0.005737,308,692,6,302,437,5,250
1149,0.005737,297,703,5,292,419,18,266
1150,0.005737,308,692,7,301,459,9,224
1151,0.005737,319,681,7,312,414,9,258
1152,0.005737,304,696,5,299,428,5,263
1153,0.005737,297,703,7,290,423,13,267
1154,0.005737,325,675,4,321,415,15,245
1155,0.005737,295,705,9,286,431,11,263
1156,0.005737,299,701,3,296,433,12,256
1157,0.005737,281,719,2,279,454,10,255
1158,0.005737,311,689,1,310,437,22,230
1159,0.005737,299,701,5,294,440,13,248
1160,0.005737,297,703,5,292,447,15,241
1161,0.005737,305,695,3,302,432,18,245
1162,0.005737,312,688,8,304,428,11,249
1163,0.005737,323,677,7,316,421,7,249
1164,0.005737,311,689,6,305,439,5,245
1165,0.005737,297,703,6,291,451,5,247
1166,0.005737,322,678,4,318,425,4,249
1167,0.005737,299,701,2,297,439,4,258
1168,0.005737,325,675,3,322,410,8,257
1169,0.005737,291,709,6,285,438,10,261
1170,0.005601,301,699,3,298,421,3,275
1171,0.005601,311,689,4,307,450,3,236
1172,0.005601,318,682,5,313,434,5,243
1173,0.005601,323,677,4,319,421,1,255
1174,0.005601,293,707,5,288,454,7,246
1175,0.005601,327,673,6,321,409,2,262
1176,0.005601,308,692,7,301,435,5,252
1177,0.005601,319,681,3,316,428,5,248
1178,0.005601,297,703,9,288,447,4,252
1179,0.005451,311,689,5,306,458,5,226
1180,0.005451,302,698,2,300,425,3,270
1181,0.005451,286,714,4,282,433,3,278
1182,0.005451,318,682,4,314,433,0,249
1183,0.005451,327,673,6,321,407,1,265
1184,0.005451,310,690,7,303,422,3,265
1185,0.005451,312,688,3,309,425,9,254
1186,0.005451,305,695,7,298,438,7,250
1187,0.005451,305,695,3,302,450,8,237
1188,0.005437,278,722,8,270,436,12,274
1189,0.005437,305,695,4,301,427,6,262
1190,0.005437,328,672,4,324,414,5,253
1191,0.005437,289,711,9,280,447,0,264
1192,0.005437,305,695,3,302,461,0,234
1193,0.005437,341,659,6,335,400,2,257
1194,0.005437,302,698,4,298,441,6,251
1195,0.005437,317,683,6,311,439,5,239
1196,0.005437,328,672,7,321,432,2,238
1197,0.005242,311,689,4,307,434,10,245
1198,0.005162,323,677,6,317,420,2,255
1199,0.005162,323,677,7,316,418,5,254
1200,0.005162,318,682,1,317,424,3,255
1201,0.005162,313,687,2,311,442,7,238
1202,0.005162,301,699,3,298,441,0,258
1203,0.005162,305,695,7,298,424,4,267
1204,0.005030,295,705,5,290,456,9,240
1205,0.005030,313,687,5,308,428,4,255
1206,0.005030,371,629,9,362,382,2,245
1207,0.005030,331,669,6,325,434,5,230
1208,0.005030,302,698,7,295,441,6,251
1209,0.005030,326,674,5,321,428,6,240
1210,0.005030,309,691,6,303,451,10,230
1211,0.005030,293,707,4,289,435,6,266
1212,0.005030,326,674,5,321,415,12,247
1213,0.005030,338,662,4,334,423,8,231
1214,0.005030,336,664,6,330,404,5,255
1215,0.005030,311,689,3,308,417,4,268
1216,0.005030,340,660,1,339,398,3,259
1217,0.005030,300,700,4,296,439,5,256
1218,0.005030,296,704,8,288,454,12,238
1219,0.005030,288,712,5,283,426,13,273
1220,0.005030,297,703,7,290,436,10,257
1221,0.004923,318,682,9,309,421,16,245
1222,0.004923,317,683,5,312,430,8,245
1223,0.004923,324,676,5,319,422,6,248
1224,0.004923,317,683,6,311,437,10,236
1225,0.004904,310,690,6,304,431,15,244
1226,0.004904,311,689,7,304,438,15,236
1227,0.004904,325,675,7,318,411,6,258
1228,0.004904,298,702,8,290,421,15,266
1229,0.004904,298,702,6,292,430,16,256
1230,0.004904,329,671,8,321,426,15,230
1231,0.004904,296,704,8,288,426,10,268
1232,0.004904,318,682,4,314,411,7,264
1233,0.004904,314,686,7,307,438,5,243
1234,0.004904,312,688,4,308,433,9,246
1235,0.004904,341,659,13,328,427,7,225
1236,0.004904,290,710,7,283,441,9,260
1237,0.004684,313,687,5,308,430,11,246
1238,0.004550,318,682,4,314,434,6,242
1239,0.004550,316,684,6,310,427,9,248
1240,0.004550,318,682,6,312,439,8,235
1241,0.004550,274,726,4,270,443,10,273
1242,0.004550,328,672,7,321,427,8,237
1243,0.004550,321,679,9,312,422,6,251
1244,0.004550,296,704,5,291,459,11,234
1245,0.004550,329,671,7,322,427,10,234
1246,0.004550,311,689,7,304,408,15,266
1247,0.004550,320,680,3,317,420,15,245
1248,0.004550,314,686,4,310,406,11,269
1249,0.004550,340,660,11,329,410,6,244
1250,0.004550,313,687,4,309,422,11,254
1251,0.004550,337,663,6,331,419,8,236
1252,0.004550,316,684,4,312,412,12,260
1253,0.004550,309,691,6,303,456,13,222
1254,0.004550,318,682,2,316,422,10,250
1255,0.004550,310,690,7,303,419,20,251
1256,0.004550,310,690,4,306,442,15,233
1257,0.004550,342,658,4,338,422,11,225
1258,0.004550,311,689,4,307,418,14,257
1259,0.004550,327,673,3,324,410,6,257
1260,0.004550,338,662,4,334,394,6,262
1261,0.004550,329,671,11,318,392,13,266
1262,0.004358,338,662,11,327,419,12,231
1263,0.004358,310,690,2,308,435,16,239
1264,0.004358,305,695,13,292,443,8,244
1265,0.004358,294,706,6,288,431,9,266
1266,0.004358,318,682,2,316,438,9,235
1267,0.004358,275,725,4,271,451,17,257
1268,0.004358,295,705,6,289,453,9,243
1269,0.004274,331,669,9,322,424,8,237
1270,0.004274,296,704,7,289,436,13,255
1271,0.004274,322,678,2,320,400,13,265
1272,0.004274,311,689,7,304,422,6,261
1273,0.004274,340,660,6,334,417,6,237
1274,0.004274,301,699,7,294,445,9,245
1275,0.004274,325,675,13,312,439,8,228
1276,0.004274,339,661,3,336,421,13,227
1277,0.004274,335,665,10,325,407,11,247
1278,0.004274,324,676,6,318,402,18,256
1279,0.004274,331,669,4,327,404,9,256
1280,0.004274,303,697,6,297,401,7,289
1281,0.004022,286,714,6,280,416,7,291
1282,0.004022,296,704,4,292,443,7,254
1283,0.004022,297,703,2,295,457,3,243
1284,0.004022,293,707,5,288,434,5,268
1285,0.004022,352,648,9,343,417,9,222
1286,0.004022,304,696,4,300,457,6,233
1287,0.004022,331,669,5,326,419,8,242
1288,0.004022,308,692,10,298,412,2,278
1289,0.004022,345,655,10,335,405,7,243
1290,0.004022,316,684,4,312,426,5,253
1291,0.004022,301,699,5,296,450,6,243
1292,0.004022,322,678,9,313,421,1,256
1293,0.004022,306,694,4,302,439,11,244
1294,0.004022,288,712,4,284,428,9,275
1295,0.004022,324,676,8,316,417,13,246
1296,0.004022,307,693,2,305,432,9,252
1297,0.004022,338,662,8,330,409,6,247
1298,0.004022,324,676,3,321,432,6,238
1299,0.004022,300,700,6,294,442,7,251
1300,0.004022,302,698,7,295,452,6,240
1301,0.004022,308,692,4,304,424,6,262
1302,0.004022,307,693,5,302,432,10,251
1303,0.004022,314,686,8,306,443,9,234
1304,0.004022,322,678,2,320,410,10,258
1305,0.004022,319,681,1,318,414,9,258
1306,0.004022,327,673,9,318,429,13,231
1307,0.004022,295,705,1,294,433,8,264
1308,0.004022,321,679,0,321,421,15,243
1309,0.004022,307,693,0,307,436,10,247
1310,0.004022,301,699,0,301,424,12,263
1311,0.004022,294,706,2,292,442,13,251
1312,0.004022,305,695,4,301,420,5,270
1313,0.003934,282,718,5,277,471,5,242
1314,0.003934,296,704,7,289,441,13,250
1315,0.003934,297,703,7,290,444,7,252
1316,0.003934,311,689,3,308,437,16,236
1317,0.003934,308,692,4,304,442,10,240
1318,0.003934,286,714,4,282,456,0,258
1319,0.003934,305,695,3,302,438,0,257
1320,0.003934,319,681,7,312,442,0,239
1321,0.003934,329,671,4,325,457,0,214
1322,0.003934,314,686,3,311,420,0,266
1323,0.003842,316,684,2,314,447,0,237
1324,0.003842,308,692,4,304,433,0,259
1325,0.003842,317,683,5,312,453,0,230
1326,0.003842,324,676,4,320,448,0,228
1327,0.003842,317,683,3,314,443,0,240
1328,0.003842,339,661,5,334,428,0,233
1329,0.003842,329,671,6,323,424,0,247
1330,0.003842,327,673,8,319,437,0,236
1331,0.003842,280,720,4,276,447,0,273
1332,0.003842,309,691,0,309,467,0,224
1333,0.003842,286,714,0,286,433,0,281
1334,0.003842,314,686,0,314,427,0,259
1335,0.003842,303,697,0,303,426,0,271
1336,0.003842,274,726,0,274,454,0,272
1337,0.003842,316,684,0,316,427,0,257
1338,0.003842,294,706,0,294,457,0,249
1339,0.003842,301,699,0,301,452,0,247
1340,0.003842,328,672,0,328,412,0,260
1341,0.003550,336,664,0,336,445,0,219
1342,0.003550,318,682,0,318,435,0,247
1343,0.003550,314,686,0,314,439,0,247
1344,0.003550,308,692,4,304,450,0,242
1345,0.003550,300,700,4,296,467,0,233
1346,0.003550,316,684,13,303,415,2,267
1347,0.003550,310,690,7,303,435,7,248
1348,0.003550,326,674,3,323,429,7,238
1349,0.003550,320,680,2,318,445,5,230
1350,0.003550,294,706,7,287,427,6,273
1351,0.003550,313,687,3,310,428,4,255
1352,0.003550,317,683,11,306,435,3,245
1353,0.003550,299,701,2,297,427,4,270
1354,0.003550,317,683,3,314,440,7,236
1355,0.003550,309,691,8,301,439,0,252
1356,0.003550,305,695,3,302,444,0,251
1357,0.003550,301,699,5,296,451,0,248
1358,0.003550,322,678,3,319,425,0,253
1359,0.003550,318,682,9,309,449,0,233
1360,0.003550,320,680,6,314,420,0,260
1361,0.003550,303,697,7,296,479,0,218
1362,0.003550,288,712,3,285,450,0,262
1363,0.003550,326,674,6,320,433,3,238
1364,0.003550,347,653,3,344,423,5,225
1365,0.003550,320,680,4,316,417,2,261
1366,0.003550,318,682,7,311,437,3,242
1367,0.003550,327,673,13,314,432,7,234
1368,0.003550,309,691,8,301,463,2,226
1369,0.003550,320,680,4,316,438,4,238
1370,0.003550,283,717,6,277,476,3,238
1371,0.003550,308,692,7,301,458,1,233
1372,0.003550,334,666,3,331,450,5,211
1373,0.003550,320,680,0,320,433,12,235
1374,0.003550,321,679,0,321,434,13,232
1375,0.003550,334,666,0,334,430,14,222
1376,0.003550,322,678,0,322,440,15,223
1377,0.003550,308,692,0,308,445,22,225
1378,0.003550,292,708,0,292,465,22,221
1379,0.003550,327,673,0,327,447,15,211
1380,0.003550,309,691,5,304,442,21,228
1381,0.003550,296,704,5,291,443,17,244
1382,0.003550,308,692,5,303,437,16,239
1383,0.003550,319,681,4,315,433,15,233
1384,0.003550,314,686,4,310,438,6,242
1385,0.003550,346,654,2,344,422,23,209
1386,0.003550,339,661,6,333,435,14,212
1387,0.003301,321,679,4,317,422,9,248
1388,0.003301,304,696,8,296,434,12,250
1389,0.003301,306,694,2,304,441,5,248
1390,0.003301,315,685,12,303,449,15,221
1391,0.003301,314,686,7,307,450,10,226
1392,0.003301,304,696,12,292,437,9,250
1393,0.003301,310,690,11,299,441,8,241
1394,0.003301,324,676,4,320,432,10,234
1395,0.003301,292,708,13,279,445,5,258
1396,0.003301,308,692,15,293,442,12,238
1397,0.003301,326,674,10,316,423,10,241
1398,0.003301,341,659,3,338,439,5,215
1399,0.003301,315,685,5,310,436,9,240
1400,0.003301,309,691,10,299,433,11,247
1401,0.003301,310,690,6,304,450,15,225
1402,0.003301,322,678,0,322,430,6,242
1403,0.003301,305,695,2,303,442,8,245
1404,0.003301,308,692,0,308,460,7,225
1405,0.003063,297,703,0,297,450,10,243
1406,0.003063,328,672,0,328,426,18,228
1407,0.003063,326,674,0,326,428,11,235
1408,0.003063,320,680,0,320,431,6,243
1409,0.003063,320,680,0,320,419,7,254
1410,0.003063,320,680,0,320,432,9,239
1411,0.003063,306,694,0,306,465,6,223
1412,0.003063,319,681,0,319,447,6,228
1413,0.003063,285,715,0,285,480,7,228
1414,0.003063,307,693,0,307,475,5,213
1415,0.003063,294,706,0,294,452,13,241
1416,0.003063,294,706,0,294,475,11,220
1417,0.003063,300,700,0,300,445,13,242
1418,0.003063,286,714,0,286,458,14,242
1419,0.003063,309,691,0,309,466,4,221
1420,0.003063,307,693,0,307,461,7,225
1421,0.003063,320,680,0,320,451,8,221
1422,0.003063,291,709,0,291,476,4,229
1423,0.003063,318,682,0,318,443,10,229
1424,0.003063,336,664,0,336,433,9,222
1425,0.003063,331,669,0,331,428,6,235
1426,0.003063,339,661,0,339,448,5,208
1427,0.003063,300,700,0,300,476,4,220
1428,0.002970,325,675,0,325,456,12,207
1429,0.002970,325,675,0,325,455,6,214
1430,0.002970,333,667,0,333,440,6,221
1431,0.002970,291,709,0,291,469,4,236
1432,0.002970,306,694,0,306,451,9,234
1433,0.002970,299,701,0,299,471,3,227
1434,0.002970,316,684,0,316,463,1,220
1435,0.002970,302,698,0,302,474,0,224
1436,0.002970,298,702,0,298,447,0,255
1437,0.002970,315,685,0,315,447,0,238
1438,0.002970,305,695,0,305,464,0,231
1439,0.002970,292,708,0,292,448,0,260
1440,0.002970,329,671,0,329,445,0,226
1441,0.002970,301,699,0,301,492,0,207
1442,0.002970,288,712,0,288,464,1,247
1443,0.002970,303,697,0,303,452,0,245
1444,0.002970,303,697,0,303,502,0,195
1445,0.002970,306,694,0,306,451,0,243
1446,0.002970,297,703,0,297,490,5,208
1447,0.002970,326,674,0,326,429,7,238
1448,0.002970,309,691,0,309,451,7,233
1449,0.002970,298,702,0,298,450,4,248
1450,0.002970,322,678,0,322,434,3,241
1451,0.002970,307,693,0,307,442,7,244
1452,0.002970,322,678,0,322,448,2,228
1453,0.002970,342,658,0,342,428,12,218
1454,0.002970,329,671,0,329,445,6,220
1455,0.002970,314,686,0,314,449,14,223
1456,0.002970,297,703,0,297,484,7,212
1457,0.002970,312,688,0,312,454,3,231
1458,0.002970,287,713,0,287,462,3,248
1459,0.002970,300,700,0,300,457,12,231
1460,0.002970,306,694,0,306,439,11,244
1461,0.002970,313,687,0,313,477,3,207
1462,0.002970,318,682,0,318,458,6,218
1463,0.002970,304,696,0,304,458,5,233
1464,0.002970,326,674,0,326,474,7,193
1465,0.002970,309,691,0,309,455,2,234
1466,0.002970,312,688,0,312,472,6,210
1467,0.002970,314,686,0,314,425,10,251
1468,0.002970,313,687,0,313,455,4,228
1469,0.002970,324,676,0,324,439,0,237
1470,0.002970,272,728,0,272,500,0,228
1471,0.002970,309,691,0,309,450,0,241
1472,0.002970,313,687,0,313,436,0,251
1473,0.002970,322,678,0,322,448,0,230
1474,0.002970,319,681,0,319,440,1,240
1475,0.002803,327,673,0,327,453,0,220
1476,0.002803,314,686,0,314,428,0,258
1477,0.002776,309,691,0,309,460,0,231
1478,0.002776,293,707,0,293,453,0,254
1479,0.002776,331,669,0,331,459,0,210
1480,0.002776,304,696,0,304,459,0,237
1481,0.002776,290,710,0,290,482,0,228
1482,0.002776,334,666,0,334,448,0,218
1483,0.002776,325,675,0,325,455,0,220
1484,0.002776,286,714,0,286,499,0,215
1485,0.002776,320,680,0,320,454,0,226
1486,0.002776,295,705,6,289,464,0,241
1487,0.002776,344,656,5,339,445,0,211
1488,0.002776,310,690,4,306,438,0,252
1489,0.002776,338,662,8,330,423,0,239
1490,0.002776,314,686,8,306,475,0,211
1491,0.002776,319,681,5,314,463,0,218
1492,0.002776,333,667,3,330,421,0,246
1493,0.002776,312,688,4,308,438,0,250
1494,0.002776,321,679,6,315,447,0,232
1495,0.002776,280,720,6,274,473,0,247
1496,0.002776,303,697,1,302,445,0,252
1497,0.002776,322,678,5,317,458,0,220
1498,0.002776,341,659,5,336,427,0,232
1499,0.002776,304,696,4,300,451,0,245
1500,0.002776,309,691,7,302,473,0,218
1501,0.002776,323,677,2,321,450,0,227
1502,0.002776,298,702,5,293,447,0,255
1503,0.002776,296,704,3,293,447,0,257
1504,0.002776,336,664,9,327,467,0,197
1505,0.002776,307,693,8,299,449,0,244
1506,0.002754,297,703,7,290,465,0,238
1507,0.002672,337,663,5,332,437,0,226
1508,0.002672,314,686,0,314,464,0,222
1509,0.002672,306,694,0,306,464,0,230
1510,0.002672,306,694,0,306,437,0,257
1511,0.002672,306,694,0,306,446,0,248
1512,0.002672,307,693,0,307,459,0,234
1513,0.002672,333,667,0,333,440,0,227
1514,0.002672,316,684,0,316,454,5,225
1515,0.002672,293,707,0,293,470,8,229
1516,0.002672,299,701,0,299,471,8,222
1517,0.002672,307,693,0,307,474,4,215
1518,0.002606,323,677,0,323,444,7,226
1519,0.002606,315,685,0,315,468,5,212
1520,0.002441,302,698,0,302,439,6,253
1521,0.002441,297,703,0,297,460,4,239
1522,0.002441,323,677,0,323,439,2,236
1523,0.002441,327,673,0,327,455,7,211
1524,0.002441,330,670,0,330,408,7,255
1525,0.002441,305,695,0,305,449,5,241
1526,0.002441,304,696,0,304,447,6,243
1527,0.002441,327,673,0,327,446,9,218
1528,0.002441,322,678,0,322,429,5,244
1529,0.002441,313,687,0,313,462,6,219
1530,0.002441,326,674,0,326,445,6,223
1531,0.002441,272,728,0,272,470,3,255
1532,0.002441,309,691,1,308,461,6,224
1533,0.002441,340,660,4,336,438,9,213
1534,0.002441,298,702,6,292,461,3,238
1535,0.002441,327,673,7,320,460,8,205
1536,0.002441,315,685,9,306,464,9,212
1537,0.002441,299,701,5,294,442,10,249
1538,0.002441,330,670,12,318,410,13,247
1539,0.002441,299,701,5,294,457,20,224
1540,0.002441,307,693,4,303,446,18,229
1541,0.002441,325,675,7,318,440,15,220
1542,0.002441,313,687,5,308,424,24,239
1543,0.002441,312,688,4,308,426,25,237
1544,0.002441,305,695,6,299,470,21,204
1545,0.002441,328,672,4,324,444,18,210
1546,0.002441,304,696,3,301,473,18,205
1547,0.002441,304,696,4,300,446,18,232
1548,0.002441,311,689,8,303,454,17,218
1549,0.002441,314,686,4,310,445,18,223
1550,0.002441,309,691,8,301,433,16,242
1551,0.002441,301,699,9,292,474,24,201
1552,0.002441,319,681,8,311,424,24,233
1553,0.002441,312,688,5,307,467,26,195
1554,0.002441,338,662,7,331,441,17,204
1555,0.002441,319,681,7,312,468,16,197
1556,0.002441,303,697,7,296,470,24,203
1557,0.002441,303,697,5,298,433,20,244
1558,0.002441,323,677,3,320,446,22,209
1559,0.002441,305,695,5,300,435,24,236
1560,0.002441,314,686,3,311,439,22,225
1561,0.002233,286,714,7,279,464,32,218
1562,0.002233,319,681,10,309,436,17,228
1563,0.002233,323,677,8,315,447,24,206
1564,0.002233,339,661,6,333,431,21,209
1565,0.002233,303,697,3,300,459,27,211
1566,0.002233,308,692,2,306,460,25,207
1567,0.002233,329,671,3,326,456,24,191
1568,0.002233,349,651,4,345,433,26,192
1569,0.002233,329,671,8,321,445,31,195
1570,0.002233,304,696,8,296,454,27,215
1571,0.002233,319,681,6,313,443,27,211
1572,0.002233,292,708,5,287,448,26,234
1573,0.002233,300,700,4,296,466,24,210
1574,0.002233,305,695,4,301,449,29,217
1575,0.002233,321,679,5,316,443,27,209
1576,0.002233,319,681,4,315,451,22,208
1577,0.002233,314,686,7,307,446,24,216
1578,0.002233,314,686,2,312,443,23,220
1579,0.002233,317,683,8,309,453,24,206
1580,0.002233,303,697,5,298,450,26,221
1581,0.002233,314,686,7,307,469,16,201
1582,0.002233,332,668,7,325,449,18,201
1583,0.002233,302,698,4,298,453,17,228
1584,0.002233,301,699,3,298,473,24,202
1585,0.002233,302,698,7,295,457,27,214
1586,0.002233,293,707,5,288,456,25,226
1587,0.002233,312,688,4,308,454,26,208
1588,0.002233,324,676,4,320,478,24,174
1589,0.002233,305,695,4,301,465,22,208
1590,0.002233,321,679,7,314,450,19,210
1591,0.002233,318,682,10,308,419,26,237
1592,0.002233,314,686,3,311,452,16,218
1593,0.002233,313,687,3,310,472,20,195
1594,0.002233,346,654,7,339,437,23,194
1595,0.002233,301,699,8,293,464,18,217
1596,0.002196,304,696,6,298,452,16,228
1597,0.002196,306,694,7,299,467,11,216
1598,0.002080,302,698,5,297,470,16,212
1599,0.002080,280,720,7,273,469,16,235
1600,0.002080,318,682,4,314,465,16,201
1601,0.002080,305,695,9,296,476,24,195
1602,0.002080,301,699,14,287,450,22,227
1603,0.002080,345,655,4,341,434,26,195
1604,0.002080,329,671,6,323,449,13,209
1605,0.002080,301,699,2,299,459,13,227
1606,0.002080,305,695,7,298,468,25,202
1607,0.002080,294,706,8,286,480,17,209
1608,0.002080,336,664,6,330,462,17,185
1609,0.002080,312,688,2,310,452,21,215
1610,0.002080,315,685,4,311,476,16,193
1611,0.002080,316,684,2,314,456,13,215
1612,0.002080,285,715,3,282,493,17,205
1613,0.002080,312,688,7,305,460,12,216
1614,0.002080,323,677,11,312,455,9,213
1615,0.002080,341,659,6,335,452,12,195
1616,0.002080,318,682,2,316,491,8,183
1617,0.002080,319,681,7,312,438,9,234
1618,0.002080,332,668,14,318,443,7,218
1619,0.002080,312,688,11,301,473,7,208
1620,0.002080,323,677,11,312,461,12,204
1621,0.002080,293,707,7,286,489,8,210
1622,0.002080,314,686,12,302,458,12,216
1623,0.002080,323,677,3,320,474,5,198
1624,0.002080,304,696,5,299,472,11,213
1625,0.002080,326,674,1,325,474,10,190
1626,0.002080,338,662,9,329,462,4,196
1627,0.002080,300,700,10,290,501,10,189
1628,0.002080,306,694,3,303,499,7,188
1629,0.002080,302,698,7,295,475,4,219
1630,0.002080,308,692,6,302,461,5,226
1631,0.002080,319,681,4,315,468,8,205
1632,0.002080,303,697,6,297,495,6,196
1633,0.002080,334,666,11,323,459,11,196
1634,0.002080,312,688,10,302,470,14,204
1635,0.002080,316,684,7,309,471,10,203
1636,0.002080,299,701,4,295,476,18,207
1637,0.002080,313,687,6,307,458,12,217
1638,0.002080,318,682,8,310,469,14,199
1639,0.002080,299,701,8,291,479,7,215
1640,0.002080,280,720,6,274,493,17,210
1641,0.002080,310,690,5,305,457,14,219
1642,0.002080,321,679,4,317,467,11,201
1643,0.002080,297,703,1,296,489,10,204
1644,0.002080,338,662,4,334,457,11,194
1645,0.002080,320,680,2,318,456,12,212
1646,0.002080,307,693,4,303,462,14,217
1647,0.002080,330,670,5,325,470,7,193
1648,0.002080,324,676,7,317,478,11,187
1649,0.002080,329,671,6,323,479,12,180
1650,0.002080,309,691,11,298,475,13,203
1651,0.002080,308,692,4,304,470,13,209
1652,0.002080,307,693,7,300,472,10,211
1653,0.002080,324,676,4,320,458,13,205
1654,0.002063,342,658,6,336,437,9,212
1655,0.002063,326,674,7,319,475,11,188
1656,0.001913,329,671,4,325,471,7,193
1657,0.001913,320,680,3,317,466,9,205
1658,0.001913,332,668,6,326,457,8,203
1659,0.001913,338,662,6,332,467,11,184
1660,0.001913,317,683,2,315,459,11,213
1661,0.001913,304,696,3,301,465,14,217
1662,0.001913,305,695,3,302,505,6,184
1663,0.001913,311,689,2,309,477,16,196
1664,0.001913,312,688,5,307,466,14,208
1665,0.001913,322,678,5,317,460,11,207
1666,0.001891,316,684,3,313,484,7,193
1667,0.001891,305,695,6,299,475,11,209
1668,0.001891,330,670,3,327,437,16,217
1669,0.001891,303,697,9,294,485,8,204
1670,0.001891,316,684,4,312,463,15,206
1671,0.001891,326,674,3,323,459,12,203
1672,0.001891,300,700,4,296,490,12,198
1673,0.001891,303,697,4,299,485,7,205
1674,0.001891,294,706,3,291,490,4,212
1675,0.001891,311,689,7,304,466,11,212
1676,0.001891,313,687,4,309,460,11,216
1677,0.001891,326,674,7,319,442,8,224
1678,0.001891,290,710,2,288,500,7,203
1679,0.001891,313,687,6,307,458,8,221
1680,0.001891,325,675,6,319,461,12,202
1681,0.001891,303,697,6,297,490,9,198
1682,0.001891,313,687,1,312,474,15,198
1683,0.001891,325,675,6,319,455,11,209
1684,0.001891,327,673,7,320,477,12,184
1685,0.001891,333,667,10,323,464,6,197
1686,0.001689,324,676,4,320,461,3,212
1687,0.001689,310,690,5,305,466,10,214
1688,0.001689,336,664,4,332,466,5,193
1689,0.001689,317,683,5,312,487,5,191
1690,0.001621,312,688,4,308,458,8,222
1691,0.001621,315,685,3,312,479,6,200
1692,0.001621,324,676,8,316,495,4,177
1693,0.001621,323,677,3,320,455,8,214
1694,0.001621,309,691,11,298,470,6,215
1695,0.001621,330,670,4,326,481,6,183
1696,0.001621,331,669,8,323,454,4,211
1697,0.001621,321,679,11,310,460,2,217
1698,0.001621,335,665,6,329,458,4,203
1699,0.001621,309,691,4,305,492,5,194
1700,0.001621,308,692,4,304,488,4,200
1701,0.001621,300,700,8,292,480,0,220
1702,0.001621,312,688,4,308,506,6,176
1703,0.001621,333,667,3,330,447,10,210
1704,0.001621,316,684,4,312,482,6,196
1705,0.001621,303,697,8,295,494,7,196
1706,0.001621,316,684,10,306,484,7,193
1707,0.001621,339,661,6,333,451,7,203
1708,0.001621,293,707,3,290,500,6,201
1709,0.001621,335,665,8,327,452,1,212
1710,0.001621,308,692,7,301,481,10,201
1711,0.001621,298,702,4,294,460,2,240
1712,0.001621,313,687,4,309,466,9,212
1713,0.001621,291,709,3,288,464,12,233
1714,0.001621,322,678,4,318,460,14,204
1715,0.001621,323,677,7,316,462,9,206
1716,0.001621,314,686,5,309,472,8,206
1717,0.001621,298,702,8,290,488,7,207
1718,0.001621,333,667,5,328,455,12,200
1719,0.001621,308,692,13,295,469,8,215
1720,0.001621,316,684,1,315,464,9,211
1721,0.001621,303,697,5,298,493,14,190
1722,0.001621,335,665,4,331,433,12,220
1723,0.001621,296,704,8,288,488,14,202
1724,0.001621,315,685,6,309,472,9,204
1725,0.001621,323,677,5,318,474,12,191
1726,0.001621,311,689,5,306,453,6,230
1727,0.001621,325,675,2,323,441,20,214
1728,0.001621,298,702,3,295,471,18,213
1729,0.001621,318,682,2,316,464,8,210
1730,0.001621,304,696,6,298,486,13,197
1731,0.001621,306,694,6,300,447,25,222
1732,0.001621,319,681,4,315,452,11,218
1733,0.001621,298,702,6,292,486,27,189
1734,0.001621,300,700,7,293,478,21,201
1735,0.001621,292,708,10,282,465,22,221
1736,0.001621,297,703,6,291,474,20,209
1737,0.001621,315,685,4,311,476,14,195
1738,0.001621,303,697,2,301,481,29,187
1739,0.001621,306,694,9,297,467,21,206
1740,0.001621,294,706,4,290,480,25,201
1741,0.001621,286,714,6,280,482,33,199
1742,0.001621,314,686,5,309,458,21,207
1743,0.001621,324,676,5,319,448,21,207
1744,0.001621,313,687,6,307,470,18,199
1745,0.001621,302,698,5,297,460,29,209
1746,0.001621,322,678,9,313,467,19,192
1747,0.001621,319,681,11,308,457,25,199
1748,0.001621,311,689,3,308,481,18,190
1749,0.001621,313,687,6,307,444,20,223
1750,0.001621,304,696,7,297,432,23,241
1751,0.001621,316,684,4,312,441,25,218
1752,0.001621,312,688,9,303,471,10,207
1753,0.001621,289,711,5,284,477,19,215
1754,0.001621,323,677,1,322,432,20,225
1755,0.001621,297,703,3,294,470,21,212
1756,0.001621,335,665,6,329,463,14,188
1757,0.001621,317,683,9,308,451,32,200
1758,0.001621,328,672,3,325,445,23,204
1759,0.001621,288,712,4,284,470,11,231
1760,0.001621,305,695,5,300,454,20,221
1761,0.001621,315,685,6,309,473,18,194
1762,0.001621,287,713,8,279,513,13,187
1763,0.001621,300,700,11,289,474,13,213
1764,0.001621,316,684,9,307,440,26,218
1765,0.001621,312,688,4,308,465,25,198
1766,0.001621,313,687,9,304,464,28,195
1767,0.001621,313,687,6,307,484,18,185
1768,0.001621,318,682,7,311,456,21,205
1769,0.001621,312,688,8,304,459,18,211
1770,0.001621,313,687,7,306,442,22,223
1771,0.001621,323,677,7,316,476,22,179
1772,0.001621,284,716,9,275,490,18,208
1773,0.001621,321,679,6,315,474,13,192
1774,0.001621,314,686,3,311,460,20,206
1775,0.001621,312,688,3,309,457,21,210
1776,0.001621,296,704,5,291,453,18,233
1777,0.001621,301,699,2,299,487,17,195
1778,0.001621,308,692,9,299,457,13,222
1779,0.001621,297,703,2,295,497,16,190
1780,0.001621,322,678,6,316,459,22,197
1781,0.001621,324,676,4,320,443,22,211
1782,0.001621,324,676,6,318,461,21,194
1783,0.001621,310,690,4,306,484,14,192
1784,0.001621,316,684,5,311,464,12,208
1785,0.001621,303,697,5,298,464,23,210
1786,0.001621,299,701,3,296,479,16,206
1787,0.001621,319,681,10,309,452,17,212
1788,0.001621,314,686,4,310,455,29,202
1789,0.001621,359,641,2,357,428,13,200
1790,0.001621,326,674,13,313,457,27,190
1791,0.001621,328,672,9,319,438,24,210
1792,0.001621,298,702,5,293,472,20,210
1793,0.001621,335,665,11,324,437,22,206
1794,0.001621,320,680,7,313,449,21,210
1795,0.001621,319,681,9,310,466,18,197
1796,0.001621,311,689,3,308,442,29,218
1797,0.001621,285,715,7,278,485,21,209
1798,0.001496,304,696,6,298,464,22,210
1799,0.001496,286,714,5,281,475,18,221
1800,0.001496,324,676,7,317,448,8,220
1801,0.001496,317,683,5,312,467,16,200
1802,0.001496,312,688,12,300,480,22,186
1803,0.001496,337,663,10,327,441,22,200
1804,0.001496,331,669,15,316,443,14,212
1805,0.001496,319,681,12,307,473,20,188
1806,0.001496,311,689,12,299,455,25,209
1807,0.001496,325,675,7,318,450,20,205
1808,0.001496,325,675,13,312,450,16,209
1809,0.001496,326,674,9,317,459,11,204
1810,0.001496,311,689,8,303,485,14,190
1811,0.001496,277,723,12,265,494,13,216
1812,0.001496,326,674,4,322,464,17,193
1813,0.001496,336,664,16,320,413,23,228
1814,0.001496,323,677,7,316,462,16,199
1815,0.001496,313,687,7,306,468,25,194
1816,0.001496,280,720,14,266,489,18,213
1817,0.001429,304,696,10,294,473,21,202
1818,0.001429,305,695,8,297,461,19,215
1819,0.001429,307,693,7,300,453,20,220
1820,0.001429,307,693,10,297,479,22,192
1821,0.001429,346,654,13,333,430,10,214
1822,0.001429,303,697,15,288,473,15,209
1823,0.001429,326,674,14,312,456,17,201
1824,0.001429,303,697,21,282,451,13,233
1825,0.001429,308,692,15,293,459,11,222
1826,0.001429,278,722,9,269,478,10,234
1827,0.001429,307,693,13,294,440,16,237
1828,0.001429,306,694,14,292,453,21,220
1829,0.001429,307,693,13,294,480,17,196
1830,0.001429,342,658,11,331,450,14,194
1831,0.001429,318,682,21,297,469,18,195
1832,0.001429,307,693,13,294,458,22,213
1833,0.001429,283,717,7,276,478,16,223
1834,0.001429,311,689,9,302,469,16,204
1835,0.001429,321,679,10,311,448,20,211
1836,0.001429,310,690,10,300,458,13,219
1837,0.001429,311,689,13,298,446,18,225
1838,0.001429,293,707,12,281,505,17,185
1839,0.001429,335,665,6,329,446,19,200
1840,0.001429,318,682,9,309,453,12,217
1841,0.001429,284,716,11,273,478,25,213
1842,0.001429,306,694,7,299,457,10,227
1843,0.001429,331,669,10,321,468,10,191
1844,0.001429,323,677,8,315,454,10,213
1845,0.001429,291,709,10,281,501,11,197
1846,0.001429,320,680,9,311,457,17,206
1847,0.001429,308,692,9,299,462,13,217
1848,0.001429,331,669,13,318,462,10,197
1849,0.001429,287,713,14,273,480,16,217
1850,0.001429,331,669,4,327,458,14,197
1851,0.001313,324,676,4,320,441,7,228
1852,0.001313,310,690,9,301,437,9,244
1853,0.001313,305,695,9,296,470,9,216
1854,0.001313,301,699,15,286,461,7,231
1855,0.001313,299,701,10,289,481,12,208
1856,0.001313,293,707,15,278,490,7,210
1857,0.001313,307,693,16,291,469,10,214
1858,0.001313,308,692,11,297,470,4,218
1859,0.001313,312,688,16,296,483,6,199
1860,0.001313,338,662,17,321,447,10,205
1861,0.001313,323,677,10,313,460,12,205
1862,0.001313,293,707,13,280,476,16,215
1863,0.001313,285,715,8,277,509,9,197
1864,0.001313,299,701,4,295,479,12,210
1865,0.001313,267,733,12,255,520,19,194
1866,0.001313,296,704,12,284,463,9,232
1867,0.001312,292,708,13,279,479,10,219
1868,0.001312,313,687,14,299,475,13,199
1869,0.001312,321,679,12,309,460,11,208
1870,0.001312,306,694,10,296,461,9,224
1871,0.001312,328,672,12,316,447,15,210
1872,0.001312,332,668,13,319,461,12,195
1873,0.001312,303,697,5,298,474,9,214
1874,0.001312,325,675,13,312,464,5,206
1875,0.001312,311,689,12,299,466,14,209
1876,0.001312,294,706,5,289,488,13,205
1877,0.001312,302,698,9,293,482,11,205
1878,0.001312,308,692,5,303,471,12,209
1879,0.001312,334,666,14,320,451,13,202
1880,0.001312,306,694,15,291,474,12,208
1881,0.001312,305,695,10,295,471,8,216
1882,0.001312,314,686,11,303,464,17,205
1883,0.001312,326,674,13,313,480,10,184
1884,0.001312,310,690,10,300,457,7,226
1885,0.001312,310,690,7,303,468,11,211
1886,0.001312,321,679,9,312,443,10,226
1887,0.001312,300,700,13,287,454,19,227
1888,0.001312,304,696,11,293,455,11,230
1889,0.001312,326,674,16,310,465,14,195
1890,0.001312,311,689,12,299,468,12,209
1891,0.001312,315,685,11,304,492,13,180
1892,0.001312,294,706,10,284,469,13,224
1893,0.001312,325,675,7,318,466,11,198
1894,0.001312,298,702,6,292,468,14,220
1895,0.001312,321,679,11,310,481,7,191
1896,0.001312,296,704,3,293,480,18,206
1897,0.001312,309,691,5,304,483,8,200
1898,0.001312,324,676,6,318,472,15,189
1899,0.001312,296,704,5,291,461,5,238
1900,0.001312,314,686,4,310,465,14,207
1901,0.001312,298,702,5,293,473,14,215
1902,0.001312,306,694,5,301,459,11,224
1903,0.001312,338,662,11,327,448,11,203
1904,0.001312,317,683,7,310,484,15,184
1905,0.001312,326,674,5,321,473,8,193
1906,0.001312,293,707,3,290,500,11,196
1907,0.001312,327,673,8,319,454,16,203
1908,0.001312,316,684,4,312,448,15,221
1909,0.001312,323,677,7,316,462,22,193
1910,0.001312,313,687,6,307,461,13,213
1911,0.001312,334,666,4,330,447,16,203
1912,0.001312,300,700,6,294,490,18,192
1913,0.001312,291,709,4,287,466,20,223
1914,0.001312,326,674,7,319,455,17,202
1915,0.001312,293,707,5,288,476,15,216
1916,0.001312,296,704,4,292,458,10,236
1917,0.001312,306,694,1,305,483,17,194
1918,0.001208,320,680,7,313,444,16,220
1919,0.001208,306,694,4,302,460,12,222
1920,0.001208,330,670,5,325,441,9,220
1921,0.001208,309,691,5,304,501,13,177
1922,0.001208,322,678,5,317,471,13,194
1923,0.001208,298,702,3,295,478,14,210
1924,0.001208,340,660,4,336,436,5,219
1925,0.001208,345,655,3,342,444,8,203
1926,0.001208,320,680,5,315,459,14,207
1927,0.001208,314,686,8,306,454,12,220
1928,0.001208,324,676,5,319,465,8,203
1929,0.001208,302,698,4,298,465,10,223
1930,0.001208,304,696,4,300,458,8,230
1931,0.001208,314,686,8,306,470,13,203
1932,0.001208,323,677,8,315,448,9,220
1933,0.001208,330,670,6,324,451,12,207
1934,0.001208,326,674,6,320,460,10,204
1935,0.001208,286,714,3,283,489,14,211
1936,0.001208,306,694,7,299,455,13,226
1937,0.001208,309,691,2,307,495,14,182
1938,0.001208,295,705,5,290,455,18,232
1939,0.001208,320,680,5,315,467,11,202
1940,0.001208,337,663,9,328,413,16,234
1941,0.001208,313,687,8,305,464,8,215
1942,0.001208,317,683,15,302,451,12,220
1943,0.001208,309,691,13,296,475,12,204
1944,0.001208,317,683,10,307,464,10,209
1945,0.001208,316,684,12,304,471,12,201
1946,0.001208,305,695,14,291,468,5,222
1947,0.001208,304,696,13,291,459,19,218
1948,0.001208,329,671,18,311,469,10,192
1949,0.001208,312,688,3,309,469,13,206
1950,0.001208,303,697,14,289,444,12,241
1951,0.001208,313,687,9,304,463,9,215
1952,0.001208,337,663,14,323,452,10,201
1953,0.001208,317,683,11,306,486,11,186
1954,0.001208,304,696,16,288,478,9,209
1955,0.001208,307,693,11,296,472,8,213
1956,0.001208,299,701,8,291,459,17,225
1957,0.001208,310,690,6,304,454,13,223
1958,0.001208,312,688,6,306,482,7,199
1959,0.001208,320,680,13,307,492,7,181
1960,0.001198,300,700,12,288,482,22,196
1961,0.001198,285,715,9,276,490,12,213
1962,0.001176,327,673,15,312,459,15,199
1963,0.001176,316,684,11,305,465,8,211
1964,0.001176,315,685,7,308,470,10,205
1965,0.001176,307,693,15,292,455,12,226
1966,0.001176,324,676,14,310,468,12,196
1967,0.001176,290,710,8,282,498,4,208
1968,0.001176,324,676,8,316,457,19,200
1969,0.001176,298,702,9,289,464,10,228
1970,0.001176,303,697,4,299,477,12,208
1971,0.001176,330,670,9,321,463,10,197
1972,0.001176,319,681,12,307,468,14,199
1973,0.001176,330,670,12,318,446,14,210
1974,0.001176,293,707,4,289,475,8,224
1975,0.001176,323,677,4,319,462,7,208
1976,0.001176,296,704,5,291,486,14,204
1977,0.001176,307,693,3,304,460,11,222
1978,0.001176,341,659,6,335,455,12,192
1979,0.001176,304,696,8,296,447,11,238
1980,0.001176,311,689,5,306,458,13,218
1981,0.001176,327,673,13,314,463,12,198
1982,0.001176,314,686,13,301,447,12,227
1983,0.001157,300,700,8,292,474,11,215
1984,0.001157,302,698,7,295,467,13,218
1985,0.001157,333,667,13,320,455,8,204
1986,0.001149,319,681,8,311,488,14,179
1987,0.001149,315,685,11,304,470,8,207
1988,0.001149,326,674,15,311,467,13,194
1989,0.001149,292,708,13,279,478,12,218
1990,0.001149,292,708,19,273,474,11,223
1991,0.001149,298,702,8,290,473,15,214
1992,0.001149,323,677,7,316,467,13,197
1993,0.001149,305,695,7,298,471,9,215
1994,0.001149,312,688,6,306,456,11,221
1995,0.001149,331,669,8,323,452,10,207
1996,0.001149,319,681,11,308,482,8,191
1997,0.001149,309,691,9,300,477,12,202
1998,0.001149,301,699,10,291,488,12,199
1999,0.001149,289,711,8,281,490,6,215
2000,0.001149,306,694,12,294,453,7,234
2001,0.001149,303,697,15,288,487,14,196
2002,0.001149,318,682,11,307,474,20,188
2003,0.001060,316,684,7,309,435,12,237
2004,0.001060,309,691,10,299,446,18,227
2005,0.001060,297,703,5,292,479,3,221
2006,0.001060,325,675,1,324,457,5,213
2007,0.001060,321,679,6,315,476,11,192
2008,0.001060,302,698,6,296,482,8,208
2009,0.001060,322,678,6,316,442,14,222
2010,0.001060,324,676,7,317,465,4,207
2011,0.001060,318,682,8,310,454,13,215
2012,0.001060,313,687,3,310,459,15,213
2013,0.001060,310,690,9,301,479,13,198
2014,0.001060,316,684,8,308,456,9,219
2015,0.001060,311,689,7,304,482,14,193
2016,0.001060,308,692,7,301,455,10,227
2017,0.001060,317,683,3,314,444,19,220
2018,0.001060,321,679,17,304,454,18,207
2019,0.001060,297,703,7,290,462,23,218
2020,0.001060,330,670,10,320,451,14,205
2021,0.001060,306,694,3,303,461,19,214
2022,0.001060,316,684,10,306,468,17,199
2023,0.001060,313,687,8,305,467,18,202
2024,0.001060,310,690,11,299,461,15,214
2025,0.001060,332,668,8,324,427,20,221
2026,0.001060,305,695,7,298,453,21,221
2027,0.001060,315,685,3,312,456,19,210
2028,0.001035,316,684,4,312,461,26,197
2029,0.001035,316,684,3,313,446,26,212
2030,0.001035,331,669,0,331,454,16,199
2031,0.001035,327,673,0,327,442,18,213
2032,0.001035,312,688,0,312,461,26,201
2033,0.001035,304,696,0,304,471,24,201
2034,0.001035,306,694,0,306,457,23,214
2035,0.001035,314,686,0,314,468,28,190
2036,0.001035,331,669,0,331,442,28,199
2037,0.001035,307,693,0,307,472,31,190
2038,0.001035,309,691,0,309,466,28,197
2039,0.001035,306,694,0,306,470,28,196
2040,0.001035,310,690,0,310,438,39,213
2041,0.001024,313,687,0,313,469,27,191
2042,0.001024,314,686,0,314,454,23,209
2043,0.001024,305,695,0,305,463,24,208
2044,0.001024,314,686,0,314,455,21,210
2045,0.001024,315,685,0,315,442,38,205
2046,0.001024,317,683,1,316,439,23,221
2047,0.001024,326,674,1,325,442,24,208
2048,0.001024,289,711,0,289,439,30,242
2049,0.001024,297,703,0,297,460,17,226
2050,0.001024,321,679,0,321,446,22,211
2051,0.001024,292,708,0,292,443,28,237
2052,0.001024,327,673,0,327,456,23,194
2053,0.001024,326,674,0,326,441,31,202
2054,0.001024,315,685,0,315,438,28,219
2055,0.001020,314,686,0,314,452,16,218
2056,0.001020,318,682,0,318,426,24,232
2057,0.001000,309,691,0,309,444,20,227
2058,0.001000,290,710,1,289,494,16,200
2059,0.001000,296,704,0,296,476,24,204
2060,0.001000,331,669,0,331,465,28,176
2061,0.001000,289,711,0,289,459,23,229
2062,0.001000,298,702,0,298,457,29,216
2063,0.001000,313,687,0,313,458,18,211
2064,0.001000,308,692,0,308,475,16,201
2065,0.001000,339,661,0,339,430,23,208
2066,0.001000,312,688,0,312,467,35,186
2067,0.001000,310,690,0,310,454,26,210
2068,0.001000,307,693,0,307,448,26,219
2069,0.001000,311,689,2,309,471,26,192
2070,0.001000,271,729,0,271,471,35,223
2071,0.001000,316,684,0,316,442,34,208
2072,0.001000,310,690,0,310,464,34,192
2073,0.001000,313,687,0,313,443,30,214
2074,0.001000,320,680,0,320,439,32,209
2075,0.001000,319,681,0,319,441,36,204
2076,0.001000,306,694,0,306,455,20,219
2077,0.001000,333,667,0,333,459,26,182
2078,0.001000,307,693,0,307,469,22,202
2079,0.001000,313,687,0,313,462,20,205
2080,0.001000,330,670,2,328,441,24,205
2081,0.001000,310,690,1,309,444,23,223
2082,0.001000,327,673,0,327,436,14,223
2083,0.000923,316,684,1,315,448,16,220
2084,0.000923,334,666,0,334,440,12,214
2085,0.000923,334,666,0,334,422,13,231
2086,0.000923,322,678,0,322,435,17,226
2087,0.000923,316,684,0,316,454,17,213
2088,0.000923,316,684,0,316,425,18,241
2089,0.000923,321,679,0,321,464,16,199
2090,0.000923,318,682,0,318,449,13,220
2091,0.000923,319,681,0,319,481,7,193
2092,0.000923,328,672,0,328,443,7,222
2093,0.000923,314,686,0,314,449,17,220
2094,0.000923,330,670,0,330,460,12,198
2095,0.000923,305,695,0,305,479,10,206
2096,0.000923,303,697,0,303,484,14,199
2097,0.000923,336,664,1,335,439,7,218
2098,0.000923,338,662,0,338,442,22,198
2099,0.000923,320,680,0,320,439,14,227
2100,0.000923,337,663,0,337,449,11,203
2101,0.000923,308,692,0,308,479,10,203
2102,0.000923,310,690,0,310,439,17,234
2103,0.000923,321,679,0,321,453,11,215
2104,0.000923,302,698,0,302,480,4,214
2105,0.000923,345,655,0,345,436,12,207
2106,0.000923,325,675,0,325,454,7,214
2107,0.000923,304,696,3,301,471,9,216
2108,0.000923,308,692,3,305,476,12,204
2109,0.000923,330,670,3,327,442,10,218
2110,0.000923,317,683,5,312,421,8,254
2111,0.000923,328,672,0,328,454,11,207
2112,0.000923,311,689,0,311,455,13,221
2113,0.000923,320,680,0,320,437,13,230
2114,0.000923,304,696,0,304,465,16,215
2115,0.000923,293,707,0,293,480,7,220
2116,0.000923,302,698,0,302,438,13,247
2117,0.000923,297,703,0,297,470,12,221
2118,0.000923,313,687,0,313,458,12,217
2119,0.000923,315,685,0,315,454,17,214
2120,0.000923,322,678,0,322,431,15,232
2121,0.000923,295,705,0,295,436,21,248
2122,0.000923,319,681,0,319,451,14,216
2123,0.000923,306,694,3,303,427,17,250
2124,0.000923,292,708,5,287,457,12,239
2125,0.000923,309,691,2,307,458,18,215
2126,0.000923,321,679,7,314,478,10,191
2127,0.000923,319,681,10,309,464,12,205
2128,0.000923,278,722,3,275,508,9,205
2129,0.000923,309,691,1,308,450,9,232
2130,0.000923,317,683,0,317,455,5,223
2131,0.000923,348,652,1,347,438,12,202
2132,0.000923,329,671,0,329,438,16,217
2133,0.000923,325,675,0,325,444,16,215
2134,0.000923,319,681,0,319,436,13,232
2135,0.000923,338,662,0,338,422,9,231
2136,0.000920,293,707,3,290,471,12,224
2137,0.000920,303,697,2,301,468,11,218
2138,0.000920,307,693,1,306,441,9,243
2139,0.000920,297,703,4,293,475,15,213
2140,0.000920,325,675,0,325,445,13,217
2141,0.000920,307,693,0,307,452,8,233
2142,0.000920,313,687,0,313,451,17,219
2143,0.000920,312,688,0,312,424,11,253
2144,0.000920,321,679,0,321,434,13,232
2145,0.000920,310,690,5,305,452,10,228
2146,0.000920,313,687,5,308,450,15,222
2147,0.000920,304,696,7,297,459,17,220
2148,0.000893,322,678,3,319,433,9,236
2149,0.000893,339,661,3,336,462,13,186
2150,0.000893,310,690,4,306,469,11,210
2151,0.000893,313,687,0,313,455,5,227
2152,0.000893,306,694,4,302,462,11,221
2153,0.000781,317,683,0,317,454,4,225
2154,0.000781,318,682,0,318,426,16,240
2155,0.000781,288,712,0,288,481,7,224
2156,0.000781,299,701,0,299,451,12,238
2157,0.000781,321,679,0,321,447,11,221
2158,0.000781,322,678,0,322,447,12,219
2159,0.000781,332,668,0,332,445,7,216
2160,0.000781,318,682,0,318,437,15,230
2161,0.000781,306,694,0,306,454,13,227
2162,0.000781,307,693,0,307,468,11,214
2163,0.000781,330,670,0,330,450,7,213
2164,0.000781,329,671,0,329,432,9,230
2165,0.000781,298,702,3,295,448,16,238
2166,0.000781,322,678,12,310,427,20,231
2167,0.000781,310,690,1,309,453,15,222
2168,0.000781,312,688,4,308,471,12,205
2169,0.000781,312,688,6,306,456,11,221
2170,0.000781,303,697,9,294,455,10,232
2171,0.000781,321,679,4,317,430,12,237
2172,0.000781,325,675,5,320,416,12,247
2173,0.000781,305,695,8,297,434,13,248
2174,0.000781,301,699,3,298,445,12,242
2175,0.000781,342,658,10,332,440,9,209
2176,0.000781,286,714,3,283,467,13,234
2177,0.000781,296,704,7,289,457,10,237
2178,0.000781,317,683,5,312,459,10,214
2179,0.000781,315,685,9,306,458,9,218
2180,0.000781,317,683,6,311,462,8,213
2181,0.000781,303,697,6,297,475,11,211
2182,0.000781,331,669,11,320,429,8,232
2183,0.000781,295,705,2,293,458,10,237
2184,0.000781,347,653,3,344,446,13,194
2185,0.000781,324,676,8,316,444,8,224
2186,0.000776,329,671,4,325,429,8,234
2187,0.000776,290,710,7,283,441,19,250
2188,0.000776,316,684,6,310,435,12,237
2189,0.000776,339,661,3,336,415,11,235
2190,0.000776,294,706,7,287,479,10,217
2191,0.000776,280,720,1,279,469,17,234
2192,0.000776,317,683,3,314,444,13,226
2193,0.000776,324,676,2,322,443,10,223
2194,0.000776,333,667,10,323,430,9,228
2195,0.000776,327,673,4,323,422,11,240
2196,0.000776,318,682,12,306,455,14,213
2197,0.000776,301,699,9,292,456,7,236
2198,0.000776,327,673,10,317,442,9,222
2199,0.000776,323,677,5,318,454,14,209
2200,0.000776,305,695,8,297,447,14,234
2201,0.000776,325,675,7,318,421,9,245
2202,0.000776,325,675,10,315,427,9,239
2203,0.000776,306,694,3,303,480,9,205
2204,0.000776,315,685,8,307,427,9,249
2205,0.000776,328,672,6,322,453,17,202
2206,0.000776,303,697,7,296,449,6,242
2207,0.000776,313,687,9,304,460,9,218
2208,0.000776,302,698,3,299,472,10,216
2209,0.000776,324,676,6,318,453,9,214
2210,0.000776,316,684,1,315,457,8,219
2211,0.000776,313,687,6,307,441,7,239
2212,0.000776,299,701,6,293,452,10,239
2213,0.000776,305,695,10,295,446,11,238
2214,0.000776,293,707,3,290,436,24,247
2215,0.000776,315,685,8,307,467,9,209
2216,0.000776,297,703,2,295,471,14,218
2217,0.000776,307,693,6,301,466,5,222
2218,0.000776,315,685,3,312,450,12,223
2219,0.000776,305,695,4,301,455,13,227
2220,0.000776,317,683,4,313,434,7,242
2221,0.000776,336,664,5,331,444,10,210
2222,0.000776,314,686,0,314,444,13,229
2223,0.000776,322,678,6,316,458,14,206
2224,0.000776,303,697,4,299,446,15,236
2225,0.000776,324,676,2,322,444,10,222
2226,0.000776,286,714,7,279,453,12,249
2227,0.000776,327,673,5,322,438,13,222
2228,0.000776,337,663,5,332,438,17,208
2229,0.000776,280,720,3,277,468,14,238
2230,0.000776,341,659,10,331,424,16,219
2231,0.000776,326,674,6,320,457,17,200
2232,0.000724,329,671,6,323,445,18,208
2233,0.000724,299,701,3,296,469,15,217
2234,0.000724,309,691,5,304,449,22,220
2235,0.000724,323,677,4,319,445,12,220
2236,0.000724,327,673,8,319,419,14,240
2237,0.000724,331,669,5,326,420,15,234
2238,0.000724,319,681,6,313,428,18,235
2239,0.000724,323,677,6,317,449,23,205
2240,0.000724,311,689,5,306,442,15,232
2241,0.000724,308,692,8,300,428,12,252
2242,0.000724,320,680,7,313,436,12,232
2243,0.000724,321,679,8,313,450,11,218
2244,0.000724,298,702,9,289,433,24,245
2245,0.000724,315,685,3,312,455,16,214
2246,0.000682,311,689,6,305,458,17,214
2247,0.000682,332,668,5,327,430,9,229
2248,0.000682,302,698,5,297,438,24,236
2249,0.000682,318,682,7,311,464,18,200
2250,0.000682,337,663,5,332,435,11,217
2251,0.000682,322,678,11,311,428,17,233
2252,0.000682,301,699,7,294,459,18,222
2253,0.000682,299,701,2,297,467,17,217
2254,0.000682,305,695,5,300,444,22,229
2255,0.000682,299,701,14,285,471,16,214
2256,0.000682,324,676,2,322,446,16,214
2257,0.000682,333,667,8,325,442,14,211
2258,0.000682,307,693,6,301,433,26,234
2259,0.000682,317,683,6,311,435,16,232
2260,0.000682,311,689,6,305,438,15,236
2261,0.000682,325,675,7,318,428,20,227
2262,0.000682,304,696,6,298,458,11,227
2263,0.000682,320,680,7,313,463,17,200
2264,0.000682,282,718,8,274,477,21,220
2265,0.000682,325,675,4,321,433,12,230
2266,0.000682,293,707,5,288,456,11,240
2267,0.000682,318,682,6,312,435,18,229
2268,0.000682,305,695,8,297,456,15,224
2269,0.000682,300,700,7,293,451,15,234
2270,0.000682,307,693,2,305,436,11,246
2271,0.000682,334,666,7,327,412,20,234
2272,0.000682,335,665,3,332,436,15,214
2273,0.000682,323,677,6,317,443,21,213
2274,0.000682,304,696,7,297,430,17,249
2275,0.000682,305,695,4,301,454,24,217
2276,0.000682,306,694,3,303,440,16,238
2277,0.000682,302,698,1,301,455,20,223
2278,0.000682,308,692,8,300,450,15,227
2279,0.000682,293,707,4,289,462,15,230
2280,0.000682,332,668,4,328,429,22,217
2281,0.000682,310,690,5,305,422,14,254
2282,0.000682,308,692,6,302,454,20,218
2283,0.000587,299,701,5,294,452,15,234
2284,0.000587,325,675,6,319,437,11,227
2285,0.000587,327,673,7,320,427,13,233
2286,0.000587,296,704,13,283,434,17,253
2287,0.000587,340,660,6,334,440,16,204
2288,0.000587,334,666,5,329,450,22,194
2289,0.000587,329,671,10,319,445,18,208
2290,0.000587,334,666,3,331,425,17,224
2291,0.000587,297,703,3,294,446,13,244
2292,0.000587,290,710,8,282,442,12,256
2293,0.000587,335,665,5,330,430,19,216
2294,0.000587,343,657,5,338,428,9,220
2295,0.000587,303,697,4,299,455,16,226
2296,0.000587,316,684,6,310,439,16,229
2297,0.000587,319,681,13,306,446,21,214
2298,0.000587,286,714,2,284,462,13,239
2299,0.000587,331,669,4,327,455,20,194
2300,0.000587,299,701,7,292,453,11,237
2301,0.000587,291,709,4,287,448,18,243
2302,0.000587,308,692,6,302,408,22,262
2303,0.000587,330,670,7,323,443,6,221
2304,0.000587,315,685,2,313,445,9,231
2305,0.000587,309,691,6,303,426,22,243
2306,0.000587,293,707,5,288,475,18,214
2307,0.000587,328,672,8,320,448,13,211
2308,0.000587,309,691,11,298,439,15,237
2309,0.000587,311,689,7,304,435,12,242
2310,0.000587,286,714,9,277,466,14,234
2311,0.000587,329,671,8,321,458,11,202
2312,0.000587,334,666,8,326,409,11,246
2313,0.000587,289,711,14,275,440,17,254
2314,0.000587,321,679,8,313,416,9,254
2315,0.000587,301,699,11,290,448,22,229
2316,0.000587,317,683,8,309,413,23,247
2317,0.000587,317,683,6,311,439,20,224
2318,0.000587,333,667,8,325,412,15,240
2319,0.000587,306,694,7,299,431,20,243
2320,0.000587,300,700,8,292,441,14,245
2321,0.000587,315,685,16,299,435,19,231
2322,0.000587,323,677,13,310,443,15,219
2323,0.000587,290,710,18,272,437,19,254
2324,0.000587,295,705,18,277,437,18,250
2325,0.000587,302,698,11,291,437,15,246
2326,0.000587,293,707,9,284,453,16,238
2327,0.000587,306,694,15,291,451,18,225
2328,0.000587,325,675,11,314,417,12,246
2329,0.000587,320,680,15,305,440,16,224
2330,0.000587,315,685,9,306,427,16,242
2331,0.000587,315,685,13,302,420,21,244
2332,0.000587,324,676,13,311,448,11,217
2333,0.000587,343,657,15,328,408,23,226
2334,0.000587,327,673,9,318,452,12,209
2335,0.000587,309,691,14,295,454,15,222
2336,0.000587,311,689,12,299,441,15,233
2337,0.000587,298,702,10,288,454,30,218
2338,0.000587,325,675,11,314,458,23,194
2339,0.000587,303,697,10,293,445,20,232
2340,0.000587,297,703,13,284,454,24,225
2341,0.000587,320,680,8,312,472,21,187
2342,0.000587,281,719,7,274,486,21,212
2343,0.000587,299,701,8,291,453,24,224
2344,0.000587,322,678,18,304,448,17,213
2345,0.000587,303,697,16,287,464,20,213
2346,0.000587,316,684,14,302,431,27,226
2347,0.000587,312,688,11,301,438,20,230
2348,0.000587,334,666,15,319,422,29,215
2349,0.000587,325,675,10,315,443,25,207
2350,0.000587,288,712,13,275,470,23,219
2351,0.000587,326,674,12,314,434,25,215
2352,0.000587,290,710,17,273,451,21,238
2353,0.000587,293,707,17,276,478,23,206
2354,0.000587,304,696,18,286,453,23,220
2355,0.000587,304,696,20,284,427,20,249
2356,0.000587,323,677,9,314,441,24,212
2357,0.000587,306,694,14,292,454,21,219
2358,0.000587,338,662,10,328,459,14,189
2359,0.000587,308,692,17,291,467,26,199
2360,0.000587,300,700,17,283,468,27,205
2361,0.000587,316,684,9,307,432,24,228
2362,0.000587,325,675,12,313,422,26,227
2363,0.000587,325,675,14,311,400,34,241
2364,0.000587,315,685,17,298,437,25,223
2365,0.000587,326,674,21,305,424,24,226
2366,0.000587,319,681,8,311,446,27,208
2367,0.000587,322,678,13,309,464,11,203
2368,0.000587,343,657,16,327,422,21,214
2369,0.000587,291,709,15,276,459,29,221
2370,0.000587,306,694,16,290,458,19,217
2371,0.000587,308,692,18,290,438,18,236
2372,0.000587,326,674,22,304,442,18,214
2373,0.000587,352,648,17,335,419,23,206
2374,0.000587,314,686,12,302,448,19,219
2375,0.000587,316,684,24,292,431,27,226
2376,0.000587,323,677,18,305,421,24,232
2377,0.000587,323,677,14,309,453,18,206
2378,0.000587,298,702,10,288,450,31,221
2379,0.000587,300,700,14,286,437,22,241
2380,0.000587,309,691,18,291,435,23,233
2381,0.000587,325,675,9,316,427,21,227
2382,0.000587,322,678,16,306,442,24,212
2383,0.000587,311,689,17,294,443,19,227
2384,0.000587,321,679,17,304,456,29,194
2385,0.000587,317,683,14,303,435,20,228
2386,0.000587,320,680,18,302,451,16,213
2387,0.000587,341,659,16,325,440,28,191
2388,0.000587,319,681,21,298,433,17,231
2389,0.000587,303,697,18,285,476,36,185
2390,0.000587,316,684,11,305,432,30,222
2391,0.000587,323,677,20,303,422,30,225
2392,0.000587,297,703,19,278,440,20,243
2393,0.000587,324,676,16,308,430,27,219
2394,0.000587,322,678,19,303,434,20,224
2395,0.000587,310,690,14,296,443,34,213
2396,0.000587,295,705,25,270,455,28,222
2397,0.000587,301,699,16,285,440,25,234
2398,0.000587,328,672,15,313,445,22,205
2399,0.000587,319,681,15,304,437,26,218
2400,0.000587,300,700,13,287,453,17,230
2401,0.000587,309,691,20,289,437,28,226
2402,0.000587,322,678,19,303,435,18,225
2403,0.000587,324,676,14,310,410,39,227
2404,0.000587,306,694,21,285,448,31,215
2405,0.000587,332,668,13,319,431,29,208
2406,0.000587,327,673,19,308,425,34,214
2407,0.000587,320,680,13,307,438,20,222
2408,0.000587,321,679,13,308,442,21,216
2409,0.000587,307,693,12,295,415,26,252
2410,0.000587,307,693,14,293,448,23,222
2411,0.000587,309,691,7,302,443,20,228
2412,0.000587,308,692,13,295,456,16,220
2413,0.000587,332,668,18,314,432,19,217
2414,0.000587,298,702,12,286,462,19,221
2415,0.000587,308,692,10,298,453,25,214
2416,0.000587,311,689,13,298,456,24,209
2417,0.000587,272,728,10,262,478,21,229
2418,0.000587,278,722,9,269,436,32,254
2419,0.000587,299,701,15,284,435,26,240
2420,0.000587,326,674,12,314,432,17,225
2421,0.000587,332,668,24,308,433,17,218
2422,0.000587,294,706,20,274,458,29,219
2423,0.000587,322,678,17,305,447,20,211
2424,0.000587,319,681,22,297,450,29,202
2425,0.000587,329,671,22,307,422,24,225
2426,0.000587,316,684,8,308,429,28,227
2427,0.000587,312,688,13,299,437,27,224
2428,0.000587,296,704,19,277,445,25,234
2429,0.000587,330,670,12,318,431,18,221
2430,0.000587,312,688,20,292,453,29,206
2431,0.000587,305,695,21,284,439,24,232
2432,0.000587,332,668,19,313,428,27,213
2433,0.000587,323,677,16,307,444,22,211
2434,0.000587,303,697,19,284,460,22,215
2435,0.000587,309,691,14,295,439,32,220
2436,0.000587,285,715,13,272,452,33,230
2437,0.000587,328,672,14,314,430,32,210
2438,0.000587,311,689,11,300,456,28,205
2439,0.000587,332,668,18,314,419,28,221
2440,0.000587,318,682,15,303,443,30,209
2441,0.000587,332,668,19,313,419,25,224
2442,0.000525,287,713,12,275,448,26,239
2443,0.000525,311,689,16,295,458,29,202
2444,0.000525,350,650,25,325,429,26,195
2445,0.000525,317,683,19,298,431,29,223
2446,0.000525,302,698,11,291,469,31,198
2447,0.000525,313,687,28,285,444,23,220
2448,0.000525,327,673,29,298,444,25,204
2449,0.000525,304,696,12,292,452,21,223
2450,0.000525,325,675,23,302,421,27,227
2451,0.000525,310,690,22,288,457,24,209
2452,0.000525,277,723,10,267,469,35,219
2453,0.000525,294,706,20,274,453,31,222
2454,0.000525,318,682,19,299,461,17,204
2455,0.000525,333,667,18,315,414,32,221
2456,0.000525,351,649,18,333,415,38,196
2457,0.000525,310,690,18,292,432,26,232
2458,0.000525,335,665,22,313,427,36,202
2459,0.000525,302,698,13,289,438,35,225
2460,0.000525,309,691,13,296,435,29,227
2461,0.000525,314,686,18,296,429,22,235
2462,0.000525,314,686,15,299,454,25,207
2463,0.000525,294,706,19,275,464,36,206
2464,0.000525,326,674,8,318,437,28,209
2465,0.000525,334,666,18,316,408,28,230
2466,0.000525,302,698,18,284,461,32,205
2467,0.000525,333,667,24,309,440,16,211
2468,0.000525,344,656,29,315,401,35,220
2469,0.000525,315,685,13,302,430,36,219
2470,0.000525,315,685,11,304,447,19,219
2471,0.000525,324,676,18,306,450,23,203
2472,0.000525,321,679,21,300,434,34,211
2473,0.000525,316,684,18,298,448,28,208
2474,0.000525,297,703,15,282,448,25,230
2475,0.000525,326,674,18,308,454,20,200
2476,0.000525,316,684,8,308,449,22,213
2477,0.000525,319,681,18,301,445,29,207
2478,0.000525,318,682,15,303,434,21,227
2479,0.000525,325,675,14,311,438,36,201
2480,0.000525,320,680,20,300,435,20,225
2481,0.000525,316,684,14,302,453,22,209
2482,0.000525,304,696,19,285,459,17,220
2483,0.000525,301,699,9,292,457,24,218
2484,0.000525,322,678,18,304,444,17,217
2485,0.000525,327,673,18,309,451,19,203
2486,0.000525,297,703,19,278,456,7,240
2487,0.000525,327,673,24,303,436,13,224
2488,0.000525,314,686,13,301,436,18,232
2489,0.000525,310,690,12,298,447,13,230
2490,0.000525,326,674,14,312,439,24,211
2491,0.000525,294,706,21,273,445,22,239
2492,0.000525,323,677,17,306,452,12,213
2493,0.000525,310,690,18,292,457,31,202
2494,0.000525,298,702,13,285,435,26,241
2495,0.000525,307,693,20,287,438,24,231
2496,0.000525,328,672,14,314,438,34,200
2497,0.000525,325,675,13,312,430,26,219
2498,0.000525,283,717,12,271,452,31,234
2499,0.000525,302,698,11,291,428,27,243
2500,0.000525,302,698,14,288,442,29,227
2501,0.000525,326,674,26,300,422,28,224
2502,0.000525,329,671,22,307,443,34,194
2503,0.000525,329,671,17,312,442,26,203
2504,0.000525,306,694,12,294,452,27,215
2505,0.000520,333,667,11,322,432,29,206
2506,0.000520,311,689,18,293,458,29,202
2507,0.000520,310,690,17,293,445,26,219
2508,0.000520,311,689,20,291,468,10,211
2509,0.000520,297,703,16,281,450,25,228
2510,0.000520,311,689,13,298,430,16,243
2511,0.000520,296,704,12,284,470,26,208
2512,0.000520,332,668,21,311,441,23,204
2513,0.000515,322,678,19,303,437,23,218
2514,0.000515,294,706,22,272,452,24,230
2515,0.000515,321,679,18,303,456,12,211
2516,0.000515,296,704,22,274,446,25,233
2517,0.000515,291,709,16,275,470,18,221
2518,0.000515,322,678,24,298,434,17,227
2519,0.000515,322,678,18,304,453,21,204
2520,0.000515,302,698,14,288,469,14,215
2521,0.000515,319,681,23,296,448,16,217
2522,0.000504,309,691,15,294,456,14,221
2523,0.000502,335,665,21,314,417,19,229
2524,0.000502,321,679,16,305,433,31,215
2525,0.000502,334,666,16,318,420,23,223
2526,0.000502,312,688,18,294,426,25,237
2527,0.000502,312,688,12,300,437,23,228
2528,0.000502,313,687,19,294,440,26,221
2529,0.000502,311,689,12,299,441,20,228
2530,0.000502,285,715,16,269,462,28,225
2531,0.000502,290,710,9,281,472,26,212
2532,0.000502,334,666,13,321,443,27,196
2533,0.000502,303,697,13,290,453,18,226
2534,0.000502,333,667,18,315,426,21,220
2535,0.000502,316,684,12,304,440,20,224
2536,0.000502,318,682,17,301,433,27,222
2537,0.000502,328,672,17,311,429,25,218
2538,0.000502,291,709,12,279,439,29,241
2539,0.000502,301,699,15,286,463,26,210
2540,0.000502,298,702,6,292,439,19,244
2541,0.000502,309,691,10,299,432,29,230
2542,0.000502,302,698,10,292,458,26,214
2543,0.000502,336,664,9,327,435,25,204
2544,0.000502,310,690,15,295,463,24,203
2545,0.000502,323,677,12,311,441,24,212
2546,0.000502,330,670,22,308,453,21,196
2547,0.000465,322,678,14,308,453,18,207
2548,0.000465,309,691,13,296,450,27,214
2549,0.000465,321,679,31,290,452,24,203
2550,0.000465,295,705,12,283,454,28,223
2551,0.000465,327,673,27,300,420,23,230
2552,0.000465,323,677,16,307,451,14,212
2553,0.000465,334,666,18,316,439,18,209
2554,0.000465,331,669,21,310,427,24,218
2555,0.000465,313,687,12,301,452,25,210
2556,0.000465,314,686,15,299,443,21,222
2557,0.000465,318,682,16,302,427,17,238
2558,0.000465,294,706,15,279,466,21,219
2559,0.000465,328,672,26,302,449,16,207
2560,0.000465,304,696,19,285,430,26,240
2561,0.000465,322,678,20,302,454,26,198
2562,0.000440,308,692,15,293,458,27,207
2563,0.000440,288,712,13,275,463,32,217
2564,0.000440,317,683,21,296,468,18,197
2565,0.000440,311,689,17,294,469,18,202
2566,0.000440,331,669,18,313,439,26,204
2567,0.000440,322,678,17,305,438,27,213
2568,0.000440,314,686,18,296,456,23,207
2569,0.000440,338,662,19,319,426,16,220
2570,0.000440,313,687,19,294,465,16,206
2571,0.000440,333,667,23,310,428,17,222
2572,0.000440,302,698,9,293,453,35,210
2573,0.000440,305,695,17,288,467,22,206
2574,0.000440,307,693,9,298,421,28,244
2575,0.000440,307,693,18,289,421,31,241
2576,0.000440,341,659,14,327,448,19,192
2577,0.000440,305,695,21,284,444,30,221
2578,0.000440,289,711,20,269,456,27,228
2579,0.000440,326,674,14,312,443,25,206
2580,0.000440,310,690,18,292,438,24,228
2581,0.000440,328,672,19,309,452,17,203
2582,0.000440,299,701,12,287,457,33,211
2583,0.000440,323,677,12,311,440,23,214
2584,0.000440,311,689,21,290,458,22,209
2585,0.000440,325,675,19,306,434,14,227
2586,0.000440,313,687,20,293,423,22,242
2587,0.000440,297,703,14,283,431,21,251
2588,0.000440,306,694,23,283,463,22,209
2589,0.000440,309,691,19,290,457,24,210
2590,0.000440,317,683,13,304,436,23,224
2591,0.000440,312,688,13,299,439,25,224
2592,0.000440,320,680,18,302,439,32,209
2593,0.000440,307,693,11,296,445,18,230
2594,0.000440,308,692,18,290,454,25,213
2595,0.000440,299,701,24,275,465,21,215
2596,0.000440,317,683,20,297,465,20,198
2597,0.000440,328,672,17,311,434,26,212
2598,0.000440,314,686,15,299,432,26,228
2599,0.000440,317,683,13,304,448,27,208
2600,0.000440,320,680,18,302,441,29,210
2601,0.000440,290,710,13,277,468,25,217
2602,0.000440,325,675,11,314,437,20,218
2603,0.000440,322,678,18,304,449,25,204
2604,0.000440,317,683,18,299,432,18,233
2605,0.000440,303,697,19,284,456,24,217
2606,0.000440,330,670,24,306,428,27,215
2607,0.000440,315,685,14,301,450,26,209
2608,0.000440,316,684,12,304,461,24,199
2609,0.000440,313,687,20,293,435,25,227
2610,0.000440,323,677,14,309,476,17,184
2611,0.000440,342,658,21,321,424,20,214
2612,0.000440,294,706,20,274,461,16,229
2613,0.000440,307,693,19,288,449,27,217
2614,0.000440,293,707,12,281,462,16,229
2615,0.000440,286,714,17,269,468,25,221
2616,0.000440,293,707,20,273,458,21,228
2617,0.000440,311,689,16,295,449,15,225
2618,0.000440,323,677,9,314,463,15,199
2619,0.000440,298,702,17,281,465,23,214
2620,0.000440,321,679,11,310,444,21,214
2621,0.000440,289,711,17,272,467,26,218
2622,0.000440,277,723,11,266,464,26,233
2623,0.000440,333,667,16,317,456,17,194
2624,0.000440,319,681,16,303,447,27,207
2625,0.000440,325,675,19,306,436,19,220
2626,0.000440,304,696,14,290,470,30,196
2627,0.000440,314,686,20,294,451,26,209
2628,0.000440,326,674,19,307,430,19,225
2629,0.000440,300,700,23,277,453,29,218
2630,0.000440,323,677,11,312,439,28,210
2631,0.000440,302,698,19,283,479,27,192
2632,0.000440,305,695,20,285,437,15,243
2633,0.000440,292,708,12,280,481,25,202
2634,0.000440,326,674,19,307,459,22,193
2635,0.000440,288,712,16,272,470,29,213
2636,0.000440,304,696,15,289,457,27,212
2637,0.000440,330,670,13,317,450,21,199
2638,0.000440,329,671,17,312,423,27,221
2639,0.000434,318,682,25,293,455,20,207
2640,0.000434,305,695,11,294,456,27,212
2641,0.000434,297,703,17,280,484,15,204
2642,0.000434,344,656,15,329,402,24,230
2643,0.000434,325,675,19,306,475,20,180
2644,0.000434,305,695,21,284,458,22,215
2645,0.000434,317,683,17,300,452,18,213
2646,0.000434,313,687,22,291,441,30,216
2647,0.000434,327,673,16,311,439,17,217
2648,0.000405,295,705,14,281,465,22,218
2649,0.000405,293,707,14,279,435,19,253
2650,0.000405,320,680,12,308,441,29,210
2651,0.000405,317,683,20,297,442,25,216
2652,0.000405,304,696,11,293,462,27,207
2653,0.000405,300,700,12,288,443,23,234
2654,0.000405,316,684,17,299,456,22,206
2655,0.000405,318,682,17,301,455,22,205
2656,0.000405,308,692,15,293,461,26,205
2657,0.000405,299,701,21,278,430,28,243
2658,0.000405,313,687,17,296,466,14,207
2659,0.000405,308,692,16,292,450,28,214
2660,0.000405,308,692,11,297,448,22,222
2661,0.000394,316,684,17,299,456,23,205
2662,0.000394,322,678,11,311,453,15,210
2663,0.000394,314,686,12,302,447,28,211
2664,0.000358,326,674,11,315,443,27,204
2665,0.000358,313,687,11,302,433,30,224
2666,0.000358,321,679,9,312,453,27,199
2667,0.000358,319,681,15,304,447,28,206
2668,0.000358,279,721,15,264,480,22,219
2669,0.000358,309,691,17,292,439,26,226
2670,0.000358,310,690,16,294,446,14,230
2671,0.000358,341,659,13,328,403,21,235
2672,0.000358,331,669,17,314,423,23,223
2673,0.000358,330,670,23,307,457,19,194
2674,0.000358,327,673,14,313,462,23,188
2675,0.000358,312,688,15,297,423,23,242
2676,0.000358,306,694,14,292,468,18,208
2677,0.000358,323,677,22,301,426,20,231
2678,0.000358,335,665,17,318,457,14,194
2679,0.000358,316,684,15,301,452,23,209
2680,0.000358,282,718,14,268,469,23,226
2681,0.000358,299,701,14,285,442,27,232
2682,0.000358,322,678,13,309,442,21,215
2683,0.000358,284,716,17,267,457,24,235
2684,0.000358,319,681,19,300,456,26,199
2685,0.000358,327,673,20,307,429,39,205
2686,0.000358,322,678,9,313,448,26,204
2687,0.000358,299,701,19,280,451,30,220
2688,0.000358,311,689,16,295,435,37,217
2689,0.000358,308,692,10,298,450,22,220
2690,0.000358,325,675,7,318,416,31,228
2691,0.000358,311,689,11,300,462,29,198
2692,0.000358,334,666,16,318,408,34,224
2693,0.000358,292,708,9,283,475,32,201
2694,0.000358,310,690,15,295,446,20,224
2695,0.000358,329,671,17,312,426,22,223
2696,0.000358,302,698,12,290,449,32,217
2697,0.000358,304,696,12,292,437,22,237
2698,0.000358,327,673,13,314,416,32,225
2699,0.000358,315,685,8,307,445,25,215
2700,0.000358,337,663,15,322,422,22,219
2701,0.000358,332,668,20,312,441,23,204
2702,0.000358,324,676,22,302,418,15,243
2703,0.000358,320,680,16,304,447,26,207
2704,0.000358,316,684,9,307,450,21,213
2705,0.000358,286,714,18,268,452,34,228
2706,0.000358,301,699,5,296,466,24,209
2707,0.000358,317,683,14,303,456,32,195
2708,0.000358,323,677,9,314,449,21,207
2709,0.000358,326,674,13,313,421,20,233
2710,0.000358,284,716,14,270,461,26,229
2711,0.000358,325,675,13,312,454,21,200
2712,0.000358,314,686,10,304,448,30,208
2713,0.000358,321,679,13,308,417,34,228
2714,0.000358,294,706,12,282,477,17,212
2715,0.000358,314,686,11,303,436,17,233
2716,0.000358,334,666,6,328,423,16,227
2717,0.000358,317,683,17,300,442,21,220
2718,0.000358,313,687,19,294,432,21,234
2719,0.000358,327,673,12,315,442,19,212
2720,0.000358,328,672,13,315,427,35,210
2721,0.000358,316,684,8,308,456,24,204
2722,0.000358,304,696,11,293,455,25,216
2723,0.000358,313,687,9,304,466,27,194
2724,0.000358,323,677,18,305,448,20,209
2725,0.000358,322,678,15,307,429,25,224
2726,0.000358,324,676,9,315,446,20,210
2727,0.000358,330,670,7,323,419,29,222
2728,0.000358,316,684,12,304,415,35,234
2729,0.000358,307,693,15,292,432,30,231
2730,0.000358,291,709,12,279,474,27,208
2731,0.000358,312,688,11,301,448,19,221
2732,0.000358,298,702,16,282,448,22,232
2733,0.000358,312,688,9,303,435,43,210
2734,0.000358,322,678,10,312,440,27,211
2735,0.000358,301,699,16,285,466,25,208
2736,0.000358,323,677,9,314,424,29,224
2737,0.000358,329,671,12,317,435,28,208
2738,0.000358,333,667,10,323,404,28,235
2739,0.000358,314,686,10,304,464,25,197
2740,0.000358,325,675,12,313,421,30,224
2741,0.000358,336,664,11,325,418,26,220
2742,0.000358,311,689,10,301,453,19,217
2743,0.000358,298,702,7,291,443,21,238
2744,0.000358,290,710,8,282,450,27,233
2745,0.000358,308,692,10,298,462,17,213
2746,0.000358,301,699,15,286,449,18,232
2747,0.000358,302,698,15,287,475,15,208
2748,0.000358,305,695,11,294,462,18,215
2749,0.000358,310,690,14,296,454,18,218
2750,0.000358,331,669,16,315,448,16,205
2751,0.000358,340,660,11,329,432,17,211
2752,0.000358,313,687,9,304,441,22,224
2753,0.000358,335,665,11,324,452,11,202
2754,0.000358,305,695,4,301,439,15,241
2755,0.000358,317,683,12,305,466,19,198
2756,0.000358,298,702,9,289,456,20,226
2757,0.000358,319,681,4,315,464,15,202
2758,0.000358,328,672,6,322,426,18,228
2759,0.000358,311,689,9,302,446,16,227
2760,0.000358,297,703,5,292,475,20,208
2761,0.000358,296,704,5,291,442,16,246
2762,0.000358,320,680,4,316,451,9,220
2763,0.000358,336,664,7,329,411,16,237
2764,0.000358,306,694,6,300,449,25,220
2765,0.000358,316,684,3,313,445,20,219
2766,0.000358,298,702,5,293,451,18,233
2767,0.000358,316,684,4,312,453,13,218
2768,0.000356,301,699,5,296,442,13,244
2769,0.000356,313,687,4,309,473,18,196
2770,0.000356,313,687,5,308,453,23,211
2771,0.000356,311,689,6,305,445,16,228
2772,0.000356,318,682,10,308,443,20,219
2773,0.000356,323,677,7,316,448,17,212
2774,0.000356,304,696,3,301,454,15,227
2775,0.000356,307,693,10,297,448,18,227
2776,0.000356,272,728,5,267,467,21,240
2777,0.000356,308,692,6,302,478,12,202
2778,0.000356,324,676,8,316,453,12,211
2779,0.000356,323,677,6,317,427,24,226
2780,0.000356,305,695,4,301,447,13,235
2781,0.000356,309,691,5,304,437,23,231
2782,0.000356,292,708,7,285,473,22,213
2783,0.000356,312,688,9,303,466,9,213
2784,0.000356,319,681,6,313,429,20,232
2785,0.000356,310,690,6,304,443,21,226
2786,0.000356,343,657,4,339,448,13,196
2787,0.000356,306,694,7,299,456,19,219
2788,0.000356,300,700,8,292,451,16,233
2789,0.000356,328,672,9,319,441,20,211
2790,0.000356,306,694,8,298,464,12,218
2791,0.000356,309,691,10,299,461,14,216
2792,0.000355,295,705,6,289,453,22,230
2793,0.000355,325,675,7,318,440,21,214
2794,0.000355,284,716,6,278,490,20,206
2795,0.000355,344,656,8,336,442,15,199
2796,0.000355,318,682,11,307,456,16,210
2797,0.000355,322,678,15,307,445,15,218
2798,0.000355,309,691,11,298,452,11,228
2799,0.000355,296,704,12,284,468,11,225
2800,0.000355,313,687,11,302,448,15,224
2801,0.000355,319,681,17,302,454,16,211
2802,0.000355,313,687,10,303,458,16,213
2803,0.000355,308,692,14,294,458,18,216
2804,0.000355,306,694,12,294,467,18,209
2805,0.000341,306,694,9,297,467,12,215
2806,0.000341,317,683,16,301,470,12,201
2807,0.000341,308,692,18,290,449,21,222
2808,0.000322,329,671,12,317,439,19,213
2809,0.000322,322,678,13,309,457,20,201
2810,0.000322,341,659,14,327,421,20,218
2811,0.000322,297,703,6,291,452,12,239
2812,0.000322,336,664,12,324,454,15,195
2813,0.000322,340,660,7,333,434,18,208
2814,0.000322,321,679,3,318,438,18,223
2815,0.000322,321,679,8,313,440,16,223
2816,0.000322,293,707,12,281,458,23,226
2817,0.000322,305,695,16,289,463,14,218
2818,0.000322,302,698,8,294,462,14,222
2819,0.000322,285,715,11,274,481,16,218
2820,0.000322,293,707,11,282,444,22,241
2821,0.000322,309,691,12,297,456,13,222
2822,0.000322,351,649,16,335,449,12,188
2823,0.000322,319,681,15,304,475,15,191
2824,0.000322,284,716,9,275,448,19,249
2825,0.000322,307,693,8,299,443,20,230
2826,0.000322,295,705,8,287,469,19,217
2827,0.000291,301,699,14,287,458,16,225
2828,0.000291,286,714,12,274,469,13,232
2829,0.000291,311,689,9,302,451,14,224
2830,0.000291,304,696,15,289,462,18,216
2831,0.000291,334,666,11,323,425,18,223
2832,0.000291,321,679,10,311,458,13,208
2833,0.000291,305,695,13,292,450,26,219
2834,0.000291,315,685,13,302,460,14,211
2835,0.000291,332,668,10,322,460,16,192
2836,0.000291,316,684,15,301,450,13,221
2837,0.000291,325,675,9,316,452,23,200
2838,0.000291,317,683,9,308,470,9,204
2839,0.000291,308,692,8,300,442,15,235
2840,0.000291,307,693,5,302,460,14,219
2841,0.000291,308,692,11,297,444,21,227
2842,0.000291,325,675,6,319,453,17,205
2843,0.000291,300,700,13,287,464,21,215
2844,0.000291,306,694,7,299,479,12,203
2845,0.000291,326,674,16,310,431,21,222
2846,0.000291,318,682,9,309,432,20,230
2847,0.000291,287,713,6,281,451,24,238
2848,0.000291,310,690,10,300,455,11,224
2849,0.000291,312,688,11,301,439,21,228
2850,0.000291,302,698,13,289,444,17,237
2851,0.000291,290,710,7,283,471,19,220
2852,0.000291,348,652,9,339,425,10,217
2853,0.000291,320,680,16,304,425,21,234
2854,0.000291,312,688,11,301,431,22,235
2855,0.000291,339,661,6,333,444,18,199
2856,0.000291,310,690,6,304,461,15,214
2857,0.000291,322,678,4,318,448,13,217
2858,0.000291,313,687,7,306,448,17,222
2859,0.000291,300,700,5,295,487,11,202
2860,0.000291,320,680,7,313,460,22,198
2861,0.000291,325,675,9,316,458,8,209
2862,0.000291,319,681,7,312,436,19,226
2863,0.000291,304,696,4,300,434,11,251
2864,0.000291,304,696,11,293,451,20,225
2865,0.000291,301,699,4,297,439,16,244
2866,0.000291,346,654,5,341,431,11,212
2867,0.000291,317,683,9,308,459,22,202
2868,0.000291,335,665,9,326,455,14,196
2869,0.000291,308,692,2,306,474,10,208
2870,0.000291,308,692,7,301,477,17,198
2871,0.000291,308,692,3,305,452,16,224
2872,0.000291,314,686,6,308,463,13,210
2873,0.000291,325,675,8,317,439,19,217
2874,0.000291,314,686,10,304,435,24,227
2875,0.000291,307,693,5,302,454,25,214
2876,0.000291,336,664,5,331,436,22,206
2877,0.000291,300,700,3,297,454,19,227
2878,0.000291,316,684,10,306,442,16,226
2879,0.000291,296,704,8,288,456,26,222
2880,0.000291,295,705,4,291,457,26,222
2881,0.000291,313,687,4,309,453,20,214
2882,0.000291,310,690,7,303,459,24,207
2883,0.000291,328,672,7,321,445,27,200
2884,0.000291,304,696,6,298,454,27,215
2885,0.000291,334,666,4,330,432,25,209
2886,0.000291,311,689,7,304,469,14,206
2887,0.000291,308,692,5,303,462,27,203
2888,0.000291,310,690,6,304,459,20,211
2889,0.000291,310,690,5,305,469,18,203
2890,0.000291,298,702,8,290,458,23,221
2891,0.000291,323,677,5,318,458,20,199
2892,0.000291,309,691,7,302,454,27,210
2893,0.000291,309,691,5,304,458,15,218
2894,0.000291,341,659,12,329,417,29,213
2895,0.000291,323,677,7,316,433,27,217
2896,0.000291,318,682,6,312,444,28,210
2897,0.000291,315,685,2,313,425,20,240
2898,0.000291,299,701,5,294,463,29,209
2899,0.000291,307,693,3,304,456,23,214
2900,0.000291,330,670,6,324,430,23,217
2901,0.000291,313,687,10,303,438,24,225
2902,0.000291,306,694,6,300,449,29,216
2903,0.000291,306,694,5,301,459,16,219
2904,0.000291,289,711,1,288,460,25,226
2905,0.000291,309,691,8,301,461,22,208
2906,0.000291,294,706,3,291,467,22,217
2907,0.000291,325,675,2,323,461,16,198
2908,0.000291,323,677,6,317,434,28,215
2909,0.000291,318,682,2,316,453,24,205
2910,0.000291,304,696,6,298,452,18,226
2911,0.000291,344,656,12,332,437,18,201
2912,0.000291,307,693,4,303,455,20,218
2913,0.000278,314,686,2,312,463,20,203
2914,0.000278,297,703,0,297,460,24,219
2915,0.000278,313,687,4,309,472,20,195
2916,0.000278,319,681,7,312,443,19,219
2917,0.000278,304,696,7,297,482,21,193
2918,0.000278,314,686,1,313,467,34,185
2919,0.000278,313,687,4,309,444,15,228
2920,0.000278,330,670,4,326,430,21,219
2921,0.000278,301,699,4,297,455,22,222
2922,0.000278,292,708,9,283,457,26,225
2923,0.000278,310,690,4,306,458,18,214
2924,0.000278,340,660,11,329,425,40,195
2925,0.000278,303,697,6,297,453,21,223
2926,0.000278,318,682,4,314,434,25,223
2927,0.000278,325,675,9,316,464,20,191
2928,0.000278,303,697,5,298,451,21,225
2929,0.000278,321,679,9,312,445,33,201
2930,0.000278,294,706,5,289,457,26,223
2931,0.000278,306,694,4,302,451,20,223
2932,0.000278,325,675,8,317,456,26,193
2933,0.000278,275,725,6,269,462,29,234
2934,0.000278,321,679,9,312,423,29,227
2935,0.000278,309,691,9,300,458,23,210
2936,0.000278,313,687,7,306,463,32,192
2937,0.000278,301,699,16,285,449,28,222
2938,0.000278,317,683,10,307,458,26,199
2939,0.000278,315,685,3,312,472,19,194
2940,0.000278,312,688,5,307,464,21,203
2941,0.000278,294,706,7,287,487,16,203
2942,0.000278,303,697,5,298,480,18,199
2943,0.000278,325,675,3,322,446,13,216
2944,0.000278,330,670,5,325,443,22,205
2945,0.000278,325,675,4,321,429,32,214
2946,0.000278,297,703,7,290,452,23,228
2947,0.000263,305,695,7,298,466,21,208
2948,0.000263,313,687,3,310,455,23,209
2949,0.000263,333,667,8,325,447,14,206
2950,0.000263,282,718,4,278,450,24,244
2951,0.000263,314,686,8,306,464,16,206
2952,0.000263,325,675,3,322,443,21,211
2953,0.000263,312,688,2,310,438,26,224
2954,0.000263,318,682,6,312,447,25,210
2955,0.000263,317,683,4,313,443,17,223
2956,0.000263,338,662,6,332,444,16,202
2957,0.000263,306,694,8,298,467,19,208
2958,0.000263,318,682,6,312,435,20,227
2959,0.000263,291,709,9,282,479,21,209
2960,0.000263,306,694,5,301,467,21,206
2961,0.000263,323,677,7,316,447,22,208
2962,0.000263,313,687,1,312,454,31,202
2963,0.000263,312,688,4,308,438,22,228
2964,0.000263,310,690,10,300,459,26,205
2965,0.000263,315,685,6,309,452,15,218
2966,0.000263,290,710,7,283,467,25,218
2967,0.000263,312,688,12,300,443,29,216
2968,0.000263,307,693,12,295,454,26,213
2969,0.000263,283,717,9,274,454,25,238
2970,0.000263,303,697,9,294,443,29,225
2971,0.000263,299,701,8,291,457,22,222
2972,0.000263,333,667,2,331,435,13,219
2973,0.000263,326,674,7,319,449,16,209
2974,0.000263,322,678,4,318,442,26,210
2975,0.000263,324,676,8,316,445,24,207
2976,0.000263,288,712,6,282,476,24,212
2977,0.000263,300,700,10,290,464,16,220
2978,0.000263,299,701,3,296,463,18,220
2979,0.000263,292,708,6,286,486,20,202
2980,0.000263,313,687,3,310,455,23,209
2981,0.000263,343,657,7,336,426,27,204
2982,0.000263,315,685,4,311,448,23,214
2983,0.000263,280,720,4,276,478,28,214
2984,0.000263,293,707,5,288,470,28,209
2985,0.000263,305,695,6,299,476,18,201
2986,0.000259,319,681,4,315,459,28,194
2987,0.000259,328,672,6,322,443,17,212
2988,0.000259,300,700,4,296,463,33,204
2989,0.000259,328,672,8,320,441,16,215
2990,0.000259,289,711,4,285,466,24,221
2991,0.000259,316,684,3,313,446,19,219
2992,0.000259,328,672,5,323,427,20,225
2993,0.000259,320,680,6,314,476,32,172
2994,0.000259,298,702,6,292,467,22,213
2995,0.000259,329,671,5,324,460,19,192
2996,0.000259,313,687,3,310,459,23,205
2997,0.000259,311,689,6,305,460,16,213
2998,0.000259,311,689,2,309,450,16,223
2999,0.000259,302,698,7,295,459,20,219
3000,0.000259,329,671,12,317,434,20,217
3001,0.000259,304,696,5,299,459,26,211
3002,0.000259,307,693,4,303,455,18,220
3003,0.000259,305,695,1,304,475,21,199
3004,0.000259,299,701,7,292,462,25,214
3005,0.000259,342,658,4,338,437,17,204
3006,0.000259,313,687,7,306,466,23,198
3007,0.000259,318,682,6,312,457,22,203
3008,0.000259,325,675,10,315,454,23,198
3009,0.000259,321,679,5,316,465,17,197
3010,0.000259,307,693,5,302,471,30,192
3011,0.000259,313,687,9,304,462,18,207
3012,0.000259,309,691,9,300,471,26,194
3013,0.000259,321,679,8,313,440,20,219
3014,0.000259,302,698,7,295,463,27,208
3015,0.000259,293,707,6,287,492,21,194
3016,0.000259,314,686,4,310,452,26,208
3017,0.000259,294,706,7,287,488,24,194
3018,0.000255,309,691,9,300,457,27,207
3019,0.000255,310,690,7,303,461,23,206
3020,0.000255,325,675,4,321,434,30,211
3021,0.000255,320,680,6,314,445,25,210
3022,0.000255,314,686,4,310,481,18,187
3023,0.000255,323,677,4,319,457,26,194
3024,0.000255,325,675,6,319,443,16,216
3025,0.000255,305,695,10,295,455,24,216
3026,0.000255,320,680,6,314,451,27,202
3027,0.000255,293,707,4,289,470,20,217
3028,0.000255,319,681,6,313,460,22,199
3029,0.000255,330,670,7,323,431,25,214
3030,0.000255,308,692,7,301,433,25,234
3031,0.000251,307,693,5,302,447,19,227
3032,0.000251,302,698,4,298,467,22,209
3033,0.000251,331,669,14,317,451,21,197
3034,0.000251,324,676,12,312,457,17,202
3035,0.000251,291,709,9,282,463,22,224
3036,0.000251,300,700,11,289,463,22,215
3037,0.000251,324,676,11,313,448,21,207
3038,0.000251,302,698,15,287,457,28,213
3039,0.000251,324,676,15,309,439,16,221
3040,0.000251,308,692,12,296,464,16,212
3041,0.000251,347,653,16,331,439,19,195
3042,0.000251,297,703,14,283,455,25,223
3043,0.000251,311,689,15,296,436,24,229
3044,0.000251,324,676,12,312,436,24,216
3045,0.000251,336,664,10,326,416,24,224
3046,0.000251,300,700,5,295,465,17,218
3047,0.000251,321,679,6,315,450,28,201
3048,0.000251,292,708,10,282,477,20,211
3049,0.000251,333,667,21,312,437,17,213
3050,0.000251,312,688,12,300,460,35,193
3051,0.000247,324,676,12,312,441,22,213
3052,0.000244,331,669,10,321,453,17,199
3053,0.000244,283,717,9,274,492,15,210
3054,0.000244,309,691,10,299,476,19,196
3055,0.000244,303,697,16,287,456,26,215
3056,0.000244,284,716,7,277,473,20,223
3057,0.000244,323,677,13,310,454,25,198
3058,0.000244,316,684,8,308,455,14,215
3059,0.000244,323,677,10,313,443,26,208
3060,0.000244,301,699,12,289,471,26,202
3061,0.000244,295,705,13,282,469,20,216
3062,0.000244,322,678,10,312,465,14,199
3063,0.000244,305,695,6,299,461,24,210
3064,0.000244,311,689,12,299,456,19,214
3065,0.000244,332,668,9,323,443,17,208
3066,0.000244,325,675,13,312,460,16,199
3067,0.000244,327,673,8,319,437,19,217
3068,0.000244,313,687,14,299,480,22,185
3069,0.000244,306,694,12,294,469,23,202
3070,0.000244,344,656,14,330,445,17,194
3071,0.000244,319,681,15,304,436,23,222
3072,0.000244,340,660,11,329,436,23,201
3073,0.000244,330,670,14,316,446,27,197
3074,0.000244,299,701,8,291,463,16,222
3075,0.000244,325,675,12,313,432,22,221
3076,0.000228,313,687,12,301,457,21,209
3077,0.000228,315,685,11,304,438,22,225
3078,0.000228,306,694,10,296,448,20,226
3079,0.000228,297,703,15,282,464,21,218
3080,0.000228,316,684,12,304,470,19,195
3081,0.000228,305,695,14,291,469,15,211
3082,0.000228,308,692,13,295,449,21,222
3083,0.000228,349,651,12,337,431,26,194
3084,0.000228,315,685,15,300,453,25,207
3085,0.000228,304,696,14,290,473,23,200
3086,0.000228,306,694,12,294,455,22,217
3087,0.000228,278,722,11,267,469,29,224
3088,0.000228,316,684,10,306,447,29,208
3089,0.000228,334,666,12,322,428,26,212
3090,0.000228,312,688,11,301,449,20,219
3091,0.000228,294,706,7,287,464,21,221
3092,0.000228,318,682,7,311,452,21,209
3093,0.000228,330,670,6,324,434,20,216
3094,0.000228,312,688,13,299,448,21,219
3095,0.000228,316,684,12,304,468,24,192
3096,0.000228,323,677,9,314,469,14,194
3097,0.000228,307,693,9,298,467,16,210
3098,0.000228,320,680,18,302,443,20,217
3099,0.000228,291,709,11,280,466,29,214
3100,0.000228,332,668,15,317,435,20,213
3101,0.000228,308,692,12,296,472,25,195
3102,0.000228,292,708,9,283,480,28,200
3103,0.000228,318,682,11,307,448,20,214
3104,0.000228,301,699,11,290,446,23,230
3105,0.000228,349,651,11,338,436,22,193
3106,0.000228,335,665,6,329,456,21,188
3107,0.000228,306,694,11,295,464,32,198
3108,0.000228,328,672,14,314,438,19,215
3109,0.000228,299,701,16,283,477,28,196
3110,0.000228,326,674,6,320,460,16,198
3111,0.000228,317,683,7,310,449,17,217
3112,0.000228,275,725,7,268,498,21,206
3113,0.000228,305,695,13,292,465,21,209
3114,0.000228,303,697,10,293,478,19,200
3115,0.000228,301,699,5,296,434,26,239
3116,0.000228,301,699,8,293,463,30,206
3117,0.000228,321,679,9,312,452,28,199
3118,0.000228,320,680,15,305,434,25,221
3119,0.000228,328,672,7,321,446,24,202
3120,0.000228,311,689,11,300,459,22,208
3121,0.000228,303,697,9,294,475,21,201
3122,0.000228,305,695,10,295,455,19,221
3123,0.000228,312,688,11,301,431,23,234
3124,0.000228,324,676,13,311,443,20,213
3125,0.000228,327,673,11,316,439,28,206
3126,0.000228,327,673,15,312,463,22,188
3127,0.000228,303,697,16,287,431,26,240
3128,0.000225,291,709,14,277,472,23,214
3129,0.000225,308,692,10,298,457,18,217
3130,0.000225,297,703,8,289,458,26,219
3131,0.000225,318,682,8,310,445,22,215
3132,0.000225,315,685,13,302,443,26,216
3133,0.000225,325,675,8,317,444,24,207
3134,0.000225,317,683,15,302,439,24,220
3135,0.000225,305,695,8,297,448,28,219
3136,0.000225,291,709,8,283,486,23,200
3137,0.000225,300,700,16,284,460,24,216
3138,0.000225,328,672,10,318,442,20,210
3139,0.000225,301,699,16,285,473,19,207
3140,0.000225,299,701,14,285,457,23,221
3141,0.000225,325,675,14,311,432,28,215
3142,0.000225,303,697,14,289,466,29,202
3143,0.000225,286,714,8,278,496,17,201
3144,0.000225,311,689,13,298,438,34,217
3145,0.000225,305,695,10,295,463,23,209
3146,0.000225,287,713,8,279,451,29,233
3147,0.000225,313,687,12,301,438,7,242
3148,0.000225,294,706,10,284,450,26,230
3149,0.000225,321,679,10,311,447,23,209
3150,0.000225,303,697,6,297,473,28,196
3151,0.000225,304,696,11,293,459,32,205
3152,0.000225,315,685,15,300,456,18,211
3153,0.000225,310,690,8,302,454,35,201
3154,0.000225,325,675,10,315,447,29,199
3155,0.000225,304,696,13,291,446,27,223
3156,0.000225,295,705,14,281,481,25,199
3157,0.000225,283,717,9,274,476,29,212
3158,0.000225,321,679,11,310,465,28,186
3159,0.000225,328,672,16,312,451,34,187
3160,0.000225,323,677,7,316,419,33,225
3161,0.000225,311,689,9,302,471,30,188
3162,0.000225,310,690,7,303,471,34,185
3163,0.000225,328,672,20,308,439,31,202
3164,0.000225,309,691,11,298,455,28,208
3165,0.000225,300,700,11,289,448,44,208
3166,0.000225,301,699,14,287,463,35,201
3167,0.000225,293,707,11,282,474,33,200
3168,0.000225,302,698,8,294,456,33,209
3169,0.000203,346,654,14,332,420,28,206
3170,0.000203,298,702,10,288,450,33,219
3171,0.000203,313,687,10,303,471,22,194
3172,0.000203,321,679,11,310,447,33,199
3173,0.000203,317,683,10,307,457,28,198
3174,0.000203,327,673,8,319,453,24,196
3175,0.000203,308,692,11,297,469,22,201
3176,0.000203,294,706,21,273,464,26,216
3177,0.000203,308,692,8,300,466,22,204
3178,0.000203,294,706,11,283,476,21,209
3179,0.000203,320,680,8,312,453,24,203
3180,0.000203,272,728,16,256,505,28,195
3181,0.000203,314,686,14,300,426,31,229
3182,0.000203,296,704,14,282,457,20,227
3183,0.000203,324,676,13,311,451,23,202
3184,0.000203,294,706,10,284,484,25,197
3185,0.000203,319,681,4,315,433,28,220
3186,0.000203,309,691,5,304,444,33,214
3187,0.000187,332,668,10,322,451,17,200
3188,0.000187,336,664,14,322,450,29,185
3189,0.000187,328,672,8,320,473,20,179
3190,0.000187,302,698,14,288,459,31,208
3191,0.000187,310,690,10,300,469,19,202
3192,0.000187,318,682,11,307,453,31,198
3193,0.000187,327,673,14,313,462,22,189
3194,0.000187,305,695,9,296,468,22,205
3195,0.000187,285,715,12,273,457,39,219
3196,0.000187,311,689,18,293,474,32,183
3197,0.000187,292,708,17,275,472,33,203
3198,0.000187,305,695,15,290,472,29,194
3199,0.000187,307,693,8,299,458,27,208
3200,0.000187,311,689,13,298,452,31,206
3201,0.000187,322,678,11,311,435,36,207
3202,0.000187,330,670,11,319,421,34,215
3203,0.000187,299,701,9,290,473,31,197
3204,0.000187,320,680,13,307,435,32,213
3205,0.000187,305,695,14,291,453,33,209
3206,0.000187,327,673,7,320,451,33,189
3207,0.000187,329,671,10,319,453,27,191
3208,0.000187,297,703,15,282,487,29,187
3209,0.000187,338,662,10,328,409,34,219
3210,0.000187,339,661,18,321,424,26,211
3211,0.000187,331,669,9,322,445,25,199
3212,0.000187,312,688,19,293,461,21,206
3213,0.000187,306,694,14,292,469,35,190
3214,0.000187,318,682,13,305,440,26,216
3215,0.000187,325,675,6,319,437,28,210
3216,0.000187,347,653,12,335,408,28,217
3217,0.000187,313,687,12,301,462,26,199
3218,0.000187,306,694,9,297,472,32,190
3219,0.000187,296,704,8,288,447,29,228
3220,0.000187,320,680,11,309,462,24,194
3221,0.000187,305,695,14,291,454,34,207
3222,0.000187,339,661,15,324,440,30,191
3223,0.000187,309,691,9,300,454,32,205
3224,0.000187,341,659,12,329,422,19,218
3225,0.000187,328,672,10,318,451,22,199
3226,0.000187,293,707,9,284,484,21,202
3227,0.000187,331,669,9,322,429,25,215
3228,0.000187,295,705,12,283,460,34,211
3229,0.000187,305,695,10,295,484,33,178
3230,0.000187,320,680,12,308,463,45,172
3231,0.000187,299,701,12,287,470,39,192
3232,0.000187,334,666,14,320,428,49,189
3233,0.000187,335,665,17,318,452,28,185
3234,0.000187,323,677,12,311,432,46,199
3235,0.000187,296,704,13,283,468,41,195
3236,0.000184,332,668,8,324,449,44,175
3237,0.000184,348,652,9,339,430,27,195
3238,0.000184,312,688,16,296,438,48,202
3239,0.000184,294,706,10,284,464,43,199
3240,0.000184,337,663,10,327,440,46,177
3241,0.000184,301,699,18,283,451,41,207
3242,0.000184,304,696,16,288,451,33,212
3243,0.000184,293,707,10,283,480,38,189
3244,0.000184,313,687,8,305,451,39,197
3245,0.000184,316,684,11,305,455,32,197
3246,0.000184,317,683,12,305,465,36,182
3247,0.000184,300,700,8,292,453,41,206
3248,0.000184,277,723,12,265,477,36,210
3249,0.000184,313,687,14,299,455,39,193
3250,0.000184,313,687,12,301,466,44,177
3251,0.000184,313,687,15,298,457,38,192
3252,0.000184,295,705,9,286,471,48,186
3253,0.000184,302,698,11,291,448,41,209
3254,0.000184,316,684,7,309,454,35,195
3255,0.000184,298,702,10,288,453,40,209
3256,0.000184,318,682,5,313,444,42,196
3257,0.000184,325,675,9,316,446,43,186
3258,0.000184,327,673,12,315,462,39,172
3259,0.000184,316,684,13,303,451,42,191
3260,0.000184,321,679,16,305,434,46,199
3261,0.000184,316,684,12,304,458,28,198
3262,0.000184,307,693,11,296,456,35,202
3263,0.000184,297,703,9,288,473,39,191
3264,0.000184,315,685,7,308,446,39,200
3265,0.000184,330,670,13,317,452,36,182
3266,0.000184,316,684,10,306,445,48,191
3267,0.000184,296,704,13,283,466,49,189
3268,0.000184,308,692,8,300,457,48,187
3269,0.000184,320,680,10,310,448,45,187
3270,0.000172,317,683,10,307,474,42,167
3271,0.000172,310,690,9,301,486,24,180
3272,0.000172,290,710,11,279,475,36,199
3273,0.000172,319,681,5,314,462,45,174
3274,0.000172,328,672,11,317,446,45,181
3275,0.000172,323,677,10,313,462,29,186
3276,0.000172,343,657,19,324,431,39,187
3277,0.000172,337,663,13,324,441,30,192
3278,0.000172,327,673,8,319,443,41,189
3279,0.000172,307,693,16,291,465,42,186
3280,0.000172,302,698,9,293,454,49,195
3281,0.000172,292,708,5,287,484,29,195
3282,0.000172,309,691,18,291,453,46,192
3283,0.000172,307,693,13,294,468,32,193
3284,0.000172,296,704,14,282,446,47,211
3285,0.000172,293,707,10,283,486,32,189
3286,0.000172,311,689,8,303,453,35,201
3287,0.000172,331,669,20,311,455,38,176
3288,0.000172,326,674,12,314,446,42,186
3289,0.000172,323,677,9,314,437,43,197
3290,0.000172,319,681,16,303,461,48,172
3291,0.000172,336,664,12,324,426,40,198
3292,0.000172,324,676,10,314,449,46,181
3293,0.000172,323,677,12,311,410,44,223
3294,0.000172,293,707,9,284,463,44,200
3295,0.000172,311,689,10,301,417,48,224
3296,0.000172,306,694,13,293,462,32,200
3297,0.000172,304,696,13,291,457,48,191
3298,0.000172,299,701,10,289,429,57,215
3299,0.000172,315,685,8,307,454,38,193
3300,0.000172,318,682,10,308,425,44,213
3301,0.000172,333,667,13,320,445,37,185
3302,0.000172,329,671,14,315,471,42,158
3303,0.000172,325,675,11,314,440,32,203
3304,0.000172,310,690,14,296,449,37,204
3305,0.000172,289,711,14,275,465,47,199
3306,0.000172,332,668,14,318,440,34,194
3307,0.000172,316,684,12,304,444,39,201
3308,0.000172,301,699,7,294,480,30,189
3309,0.000172,292,708,8,284,502,39,167
3310,0.000172,326,674,14,312,446,30,198
3311,0.000172,328,672,11,317,429,45,198
3312,0.000172,317,683,15,302,476,46,161
3313,0.000172,333,667,7,326,430,43,194
3314,0.000172,329,671,10,319,446,43,182
3315,0.000172,337,663,12,325,452,34,177
3316,0.000172,311,689,11,300,444,44,201
3317,0.000172,295,705,6,289,448,37,220
3318,0.000172,327,673,7,320,459,40,174
3319,0.000167,319,681,7,312,428,35,218
3320,0.000167,312,688,12,300,466,37,185
3321,0.000167,298,702,11,287,455,40,207
3322,0.000167,323,677,14,309,455,35,187
3323,0.000167,328,672,12,316,430,36,206
3324,0.000167,329,671,6,323,411,47,213
3325,0.000167,324,676,6,318,448,41,187
3326,0.000167,289,711,10,279,479,38,194
3327,0.000167,297,703,10,287,457,38,208
3328,0.000167,311,689,12,299,439,53,197
3329,0.000167,315,685,10,305,469,32,184
3330,0.000167,317,683,9,308,465,41,177
3331,0.000167,298,702,6,292,436,35,231
3332,0.000167,363,637,16,347,409,29,199
3333,0.000167,320,680,9,311,447,51,182
3334,0.000167,301,699,15,286,457,44,198
3335,0.000167,318,682,15,303,448,46,188
3336,0.000167,295,705,18,277,480,54,171
3337,0.000167,335,665,10,325,429,44,192
3338,0.000167,288,712,17,271,477,38,197
3339,0.000167,317,683,9,308,460,49,174
3340,0.000167,320,680,12,308,454,37,189
3341,0.000167,303,697,16,287,436,57,204
3342,0.000167,338,662,11,327,434,43,185
3343,0.000167,309,691,13,296,447,47,197
3344,0.000167,306,694,12,294,475,39,180
3345,0.000167,329,671,13,316,445,58,168
3346,0.000167,317,683,16,301,453,44,186
3347,0.000167,318,682,9,309,459,31,192
3348,0.000167,312,688,6,306,475,32,181
3349,0.000167,307,693,5,302,449,47,197
3350,0.000167,296,704,13,283,466,50,188
3351,0.000167,309,691,10,299,461,53,177
3352,0.000167,321,679,6,315,454,47,178
3353,0.000167,311,689,7,304,444,52,193
3354,0.000167,314,686,14,300,455,33,198
3355,0.000167,325,675,13,312,449,51,175
3356,0.000167,309,691,8,301,455,52,184
3357,0.000167,306,694,12,294,447,67,180
3358,0.000167,326,674,13,313,439,40,195
3359,0.000167,311,689,10,301,447,45,197
3360,0.000167,327,673,16,311,446,47,180
3361,0.000167,327,673,12,315,450,45,178
3362,0.000167,293,707,9,284,450,42,215
3363,0.000167,325,675,12,313,449,44,182
3364,0.000161,302,698,11,291,471,34,193
3365,0.000161,332,668,9,323,446,35,187
3366,0.000161,325,675,23,302,460,39,176
3367,0.000161,290,710,12,278,458,61,191
3368,0.000161,289,711,13,276,453,65,193
3369,0.000161,293,707,7,286,467,52,188
3370,0.000161,323,677,13,310,449,45,183
3371,0.000161,336,664,9,327,450,49,165
3372,0.000161,307,693,8,299,475,41,177
3373,0.000161,322,678,13,309,433,43,202
3374,0.000161,335,665,15,320,457,45,163
3375,0.000161,316,684,10,306,448,45,191
3376,0.000161,306,694,7,299,471,38,185
3377,0.000161,333,667,13,320,448,52,167
3378,0.000161,300,700,11,289,468,40,192
3379,0.000161,296,704,14,282,479,27,198
3380,0.000161,299,701,11,288,492,25,184
3381,0.000161,300,700,5,295,477,44,179
3382,0.000161,313,687,19,294,460,49,178
3383,0.000161,321,679,15,306,456,46,177
3384,0.000161,313,687,22,291,469,44,174
3385,0.000161,323,677,19,304,447,39,191
3386,0.000161,312,688,14,298,453,47,188
3387,0.000161,325,675,12,313,429,49,197
3388,0.000161,294,706,14,280,477,55,174
3389,0.000161,312,688,17,295,449,48,191
3390,0.000158,297,703,20,277,449,52,202
3391,0.000158,317,683,18,299,444,42,197
3392,0.000158,307,693,17,290,458,37,198
3393,0.000158,319,681,21,298,461,44,176
3394,0.000158,299,701,20,279,463,55,183
3395,0.000158,336,664,15,321,430,55,179
3396,0.000158,310,690,14,296,454,53,183
3397,0.000158,301,699,13,288,450,53,196
3398,0.000158,304,696,16,288,472,50,174
3399,0.000158,323,677,18,305,448,54,175
3400,0.000158,335,665,13,322,462,33,170
3401,0.000158,308,692,19,289,462,38,192
3402,0.000158,320,680,15,305,431,49,200
3403,0.000158,344,656,14,330,435,38,183
3404,0.000158,335,665,21,314,457,38,170
3405,0.000158,296,704,15,281,454,48,202
3406,0.000158,327,673,15,312,418,46,209
3407,0.000158,324,676,23,301,438,39,199
3408,0.000158,287,713,21,266,487,41,185
3409,0.000158,312,688,23,289,473,44,171
3410,0.000158,303,697,22,281,438,44,215
3411,0.000158,301,699,19,282,462,47,190
3412,0.000158,317,683,22,295,452,49,182
3413,0.000158,307,693,22,285,463,39,191
3414,0.000158,319,681,16,303,441,43,197
3415,0.000158,307,693,13,294,458,44,191
3416,0.000158,311,689,16,295,462,53,174
3417,0.000152,332,668,19,313,451,46,171
3418,0.000152,313,687,16,297,438,48,201
3419,0.000152,284,716,17,267,482,38,196
3420,0.000152,338,662,24,314,443,43,176
3421,0.000152,334,666,21,313,438,40,188
3422,0.000152,311,689,15,296,452,50,187
3423,0.000152,323,677,17,306,447,34,196
3424,0.000152,283,717,10,273,468,55,194
3425,0.000152,324,676,13,311,432,53,191
3426,0.000152,323,677,19,304,455,36,186
3427,0.000152,326,674,13,313,423,59,192
3428,0.000152,335,665,15,320,435,44,186
3429,0.000152,313,687,19,294,471,43,173
3430,0.000152,358,642,15,343,426,54,162
3431,0.000152,310,690,20,290,431,42,217
3432,0.000152,319,681,13,306,467,35,179
3433,0.000145,312,688,22,290,448,39,201
3434,0.000136,311,689,15,296,454,49,186
3435,0.000136,340,660,20,320,435,35,190
3436,0.000136,317,683,23,294,475,45,163
3437,0.000136,326,674,24,302,448,40,186
3438,0.000136,328,672,20,308,428,38,206
3439,0.000136,327,673,13,314,434,41,198
3440,0.000136,316,684,22,294,453,55,176
3441,0.000136,330,670,23,307,456,35,179
3442,0.000136,321,679,24,297,469,36,174
3443,0.000136,337,663,14,323,454,47,162
3444,0.000136,321,679,23,298,459,42,178
3445,0.000136,329,671,19,310,452,56,163
3446,0.000136,315,685,12,303,433,57,195
3447,0.000136,313,687,14,299,455,43,189
3448,0.000136,267,733,14,253,441,52,240
3449,0.000136,318,682,18,300,446,55,181
3450,0.000136,299,701,14,285,470,38,193
3451,0.000136,315,685,20,295,468,35,182
3452,0.000136,309,691,20,289,458,52,181
3453,0.000136,294,706,23,271,450,61,195
3454,0.000136,311,689,13,298,426,60,203
3455,0.000136,294,706,16,278,470,60,176
3456,0.000136,310,690,24,286,460,47,183
3457,0.000136,301,699,21,280,446,58,195
3458,0.000136,336,664,19,317,451,42,171
3459,0.000136,312,688,21,291,442,51,195
3460,0.000136,307,693,13,294,470,53,170
3461,0.000136,323,677,17,306,434,48,195
3462,0.000136,282,718,16,266,480,48,190
3463,0.000136,307,693,20,287,468,44,181
3464,0.000136,302,698,18,284,447,56,195
3465,0.000136,333,667,14,319,435,44,188
3466,0.000136,325,675,12,313,435,50,190
3467,0.000136,287,713,20,267,462,57,194
3468,0.000136,333,667,18,315,431,55,181
3469,0.000136,323,677,15,308,445,45,187
3470,0.000136,307,693,5,302,449,52,192
3471,0.000136,315,685,19,296,459,47,179
3472,0.000136,320,680,17,303,446,48,186
3473,0.000136,303,697,10,293,484,57,156
3474,0.000136,322,678,10,312,450,56,172
3475,0.000136,302,698,14,288,471,43,184
3476,0.000136,317,683,19,298,445,38,200
3477,0.000136,307,693,21,286,485,40,168
3478,0.000136,323,677,23,300,433,49,195
3479,0.000136,322,678,22,300,452,46,180
3480,0.000136,309,691,16,293,458,53,180
3481,0.000136,294,706,17,277,453,54,199
3482,0.000136,319,681,19,300,453,49,179
3483,0.000136,326,674,21,305,446,43,185
3484,0.000136,303,697,13,290,450,53,194
3485,0.000136,308,692,19,289,428,46,218
3486,0.000136,302,698,5,297,448,64,186
3487,0.000136,299,701,20,279,447,41,213
3488,0.000136,327,673,13,314,438,59,176
3489,0.000136,310,690,19,291,436,43,211
3490,0.000136,282,718,12,270,470,51,197
3491,0.000136,296,704,18,278,463,37,204
3492,0.000136,301,699,20,281,452,48,199
3493,0.000136,320,680,19,301,441,61,178
3494,0.000136,332,668,21,311,436,47,185
3495,0.000136,293,707,17,276,431,58,218
3496,0.000136,317,683,16,301,408,57,218
3497,0.000136,311,689,11,300,451,56,182
3498,0.000136,307,693,14,293,436,65,192
3499,0.000136,336,664,18,318,430,53,181
3500,0.000136,331,669,13,318,429,52,188
3501,0.000136,321,679,16,305,461,38,180
3502,0.000136,298,702,13,285,442,62,198
3503,0.000136,323,677,19,304,436,55,186
3504,0.000136,319,681,24,295,456,49,176
3505,0.000136,323,677,14,309,425,46,206
3506,0.000136,302,698,16,286,445,50,203
3507,0.000136,330,670,13,317,459,45,166
3508,0.000136,318,682,20,298,464,43,175
3509,0.000136,301,699,18,283,465,35,199
3510,0.000136,295,705,20,275,476,48,181
3511,0.000136,300,700,13,287,480,40,180
3512,0.000136,322,678,18,304,435,51,192
3513,0.000136,318,682,19,299,454,55,173
3514,0.000136,309,691,12,297,443,46,202
3515,0.000136,320,680,12,308,446,51,183
3516,0.000136,314,686,19,295,446,52,188
3517,0.000136,297,703,16,281,456,55,192
3518,0.000130,313,687,13,300,438,53,196
3519,0.000130,314,686,20,294,475,49,162
3520,0.000130,328,672,24,304,432,56,184
3521,0.000130,308,692,21,287,447,48,197
3522,0.000130,322,678,10,312,431,49,198
3523,0.000121,318,682,13,305,453,43,186
3524,0.000121,329,671,18,311,440,51,180
3525,0.000121,310,690,20,290,436,52,202
3526,0.000121,319,681,17,302,441,56,184
3527,0.000121,301,699,19,282,462,50,187
3528,0.000121,304,696,19,285,482,40,174
3529,0.000121,301,699,20,281,465,42,192
3530,0.000121,324,676,8,316,446,39,191
3531,0.000121,332,668,19,313,411,49,208
3532,0.000121,296,704,14,282,454,54,196
3533,0.000121,336,664,13,323,424,52,188
3534,0.000121,326,674,20,306,452,48,174
3535,0.000121,303,697,13,290,456,54,187
3536,0.000121,341,659,17,324,430,44,185
3537,0.000121,331,669,22,309,442,36,191
3538,0.000121,336,664,18,318,446,38,180
3539,0.000121,331,669,13,318,460,48,161
3540,0.000121,312,688,24,288,445,53,190
3541,0.000121,289,711,19,270,473,52,186
3542,0.000121,321,679,22,299,429,63,187
3543,0.000121,291,709,16,275,480,57,172
3544,0.000121,337,663,20,317,440,47,176
3545,0.000121,307,693,12,295,464,54,175
3546,0.000121,316,684,13,303,464,47,173
3547,0.000121,304,696,10,294,437,62,197
3548,0.000121,304,696,17,287,453,53,190
3549,0.000121,313,687,20,293,464,39,184
3550,0.000121,316,684,20,296,434,51,199
3551,0.000121,307,693,22,285,461,53,179
3552,0.000121,321,679,20,301,446,48,185
3553,0.000121,334,666,16,318,405,58,203
3554,0.000121,330,670,24,306,458,53,159
3555,0.000121,308,692,20,288,441,60,191
3556,0.000121,299,701,17,282,454,53,194
3557,0.000121,279,721,15,264,459,45,217
3558,0.000121,306,694,11,295,455,50,189
3559,0.000121,296,704,26,270,458,51,195
3560,0.000121,298,702,16,282,470,41,191
3561,0.000121,281,719,12,269,470,43,206
3562,0.000121,293,707,13,280,462,59,186
3563,0.000121,289,711,22,267,458,53,200
3564,0.000121,329,671,21,308,445,54,172
3565,0.000121,318,682,15,303,437,48,197
3566,0.000121,308,692,20,288,459,60,173
3567,0.000121,312,688,13,299,452,51,185
3568,0.000121,301,699,21,280,457,43,199
3569,0.000121,315,685,15,300,442,54,189
3570,0.000121,323,677,21,302,451,45,181
3571,0.000121,308,692,18,290,481,33,178
3572,0.000121,313,687,20,293,458,48,181
3573,0.000121,314,686,19,295,438,54,194
3574,0.000121,318,682,18,300,463,50,169
3575,0.000121,310,690,17,293,431,49,210
3576,0.000121,303,697,15,288,481,59,157
3577,0.000121,351,649,16,335,433,45,171
3578,0.000121,316,684,19,297,468,42,174
3579,0.000121,295,705,22,273,458,47,200
3580,0.000121,325,675,17,308,459,49,167
3581,0.000121,315,685,18,297,454,51,180
3582,0.000121,309,691,11,298,427,59,205
3583,0.000121,311,689,16,295,441,50,198
3584,0.000121,299,701,14,285,461,39,201
3585,0.000121,329,671,19,310,426,54,191
3586,0.000121,318,682,15,303,457,44,181
3587,0.000121,321,679,15,306,446,51,182
3588,0.000121,307,693,19,288,479,24,190
3589,0.000114,298,702,11,287,472,58,172
3590,0.000114,344,656,17,327,444,52,160
3591,0.000114,337,663,21,316,427,44,192
3592,0.000114,322,678,24,298,462,41,175
3593,0.000114,338,662,12,326,424,37,201
3594,0.000114,297,703,23,274,468,42,193
3595,0.000114,298,702,18,280,454,52,196
3596,0.000114,311,689,19,292,470,28,191
3597,0.000114,315,685,14,301,459,42,184
3598,0.000114,316,684,26,290,457,53,174
3599,0.000114,294,706,14,280,488,47,171
3600,0.000114,301,699,10,291,487,48,164
3601,0.000114,358,642,20,338,441,42,159
3602,0.000114,315,685,16,299,489,37,159
3603,0.000114,317,683,17,300,446,50,187
3604,0.000114,294,706,18,276,446,48,212
3605,0.000114,322,678,19,303,436,46,196
3606,0.000114,300,700,20,280,453,53,194
3607,0.000114,297,703,12,285,455,50,198
3608,0.000114,303,697,25,278,467,44,186
3609,0.000114,320,680,18,302,474,44,162
3610,0.000114,334,666,15,319,452,47,167
3611,0.000114,293,707,13,280,476,43,188
3612,0.000114,335,665,8,327,428,50,187
3613,0.000114,322,678,16,306,437,50,191
3614,0.000114,307,693,13,294,478,33,182
3615,0.000114,338,662,23,315,453,43,166
3616,0.000114,308,692,15,293,456,49,187
3617,0.000114,327,673,13,314,445,55,173
3618,0.000114,301,699,16,285,467,48,184
3619,0.000114,309,691,17,292,440,60,191
3620,0.000114,313,687,21,292,461,44,182
3621,0.000114,318,682,19,299,464,37,181
3622,0.000114,349,651,26,323,402,55,194
3623,0.000114,294,706,12,282,475,39,192
3624,0.000114,329,671,13,316,463,45,163
3625,0.000114,348,652,21,327,425,49,178
3626,0.000114,328,672,18,310,429,43,200
3627,0.000114,305,695,20,285,447,55,193
3628,0.000114,302,698,25,277,440,59,199
3629,0.000114,337,663,22,315,449,42,172
3630,0.000114,304,696,16,288,453,55,188
3631,0.000114,306,694,13,293,455,65,174
3632,0.000114,295,705,14,281,454,40,211
3633,0.000114,321,679,21,300,429,44,206
3634,0.000114,348,652,18,330,406,56,190
3635,0.000114,333,667,13,320,449,43,175
3636,0.000114,305,695,25,280,441,50,204
3637,0.000114,289,711,10,279,487,40,184
3638,0.000114,332,668,16,316,435,49,184
3639,0.000114,333,667,18,315,420,59,188
3640,0.000114,308,692,15,293,467,39,186
3641,0.000114,319,681,18,301,448,44,189
3642,0.000114,321,679,16,305,437,47,195
3643,0.000114,327,673,17,310,428,49,196
3644,0.000114,309,691,18,291,454,52,185
3645,0.000114,308,692,16,292,459,50,183
3646,0.000114,307,693,10,297,466,69,158
3647,0.000114,314,686,13,301,441,55,190
3648,0.000114,310,690,25,285,446,53,191
3649,0.000114,303,697,21,282,463,56,178
3650,0.000114,295,705,9,286,468,45,192
3651,0.000114,312,688,14,298,461,48,179
3652,0.000113,303,697,16,287,462,42,193
3653,0.000113,319,681,16,303,429,51,201
3654,0.000113,312,688,20,292,449,60,179
3655,0.000113,290,710,10,280,462,44,204
3656,0.000113,319,681,14,305,442,46,193
3657,0.000113,321,679,22,299,448,45,186
3658,0.000113,309,691,7,302,446,50,195
3659,0.000113,327,673,13,314,418,68,187
3660,0.000102,286,714,12,274,480,47,187
3661,0.000102,319,681,19,300,463,54,164
3662,0.000102,311,689,13,298,454,42,193
3663,0.000102,307,693,18,289,448,38,207
3664,0.000102,333,667,23,310,434,55,178
3665,0.000102,328,672,13,315,440,56,176
3666,0.000102,360,640,22,338,420,44,176
3667,0.000102,310,690,11,299,478,62,150
3668,0.000102,294,706,10,284,459,50,197
3669,0.000102,328,672,17,311,448,59,165
3670,0.000102,304,696,14,290,452,51,193
3671,0.000102,316,684,16,300,449,43,192
3672,0.000102,330,670,26,304,425,52,193
3673,0.000102,332,668,19,313,434,47,187
3674,0.000102,337,663,18,319,438,53,172
3675,0.000102,323,677,20,303,425,57,195
3676,0.000102,288,712,18,270,453,50,209
3677,0.000102,312,688,8,304,469,44,175
3678,0.000102,318,682,22,296,438,55,189
3679,0.000102,319,681,25,294,462,46,173
3680,0.000102,306,694,15,291,470,48,176
3681,0.000102,312,688,14,298,433,55,200
3682,0.000102,343,657,14,329,430,47,180
3683,0.000102,305,695,18,287,464,50,181
3684,0.000102,289,711,20,269,457,50,204
3685,0.000102,290,710,19,271,451,55,204
3686,0.000102,318,682,20,298,445,47,190
3687,0.000102,301,699,14,287,454,51,194
3688,0.000102,320,680,10,310,435,53,192
3689,0.000102,331,669,13,318,445,48,176
3690,0.000102,308,692,14,294,465,47,180
3691,0.000102,323,677,16,307,444,44,189
3692,0.000102,307,693,13,294,426,56,211
3693,0.000102,332,668,14,318,424,55,189
3694,0.000102,316,684,20,296,454,48,182
3695,0.000102,317,683,23,294,450,49,184
3696,0.000102,318,682,12,306,436,46,200
3697,0.000102,315,685,14,301,450,58,177
3698,0.000102,299,701,16,283,447,57,197
3699,0.000102,321,679,18,303,454,47,178
3700,0.000102,314,686,14,300,454,54,178
3701,0.000102,308,692,13,295,449,60,183
3702,0.000102,325,675,17,308,446,48,181
3703,0.000102,335,665,12,323,431,55,179
3704,0.000102,307,693,17,290,433,43,217
3705,0.000102,326,674,19,307,458,56,160
3706,0.000102,304,696,12,292,462,52,182
3707,0.000102,321,679,17,304,454,52,173
3708,0.000102,298,702,13,285,474,47,181
3709,0.000102,309,691,19,290,455,58,178
3710,0.000102,319,681,14,305,460,44,177
3711,0.000102,319,681,17,302,445,55,181
3712,0.000102,316,684,18,298,434,57,193
3713,0.000102,324,676,18,306,451,50,175
3714,0.000102,319,681,16,303,438,54,189
3715,0.000102,308,692,18,290,447,53,192
3716,0.000102,310,690,16,294,443,42,205
3717,0.000102,287,713,15,272,472,56,185
3718,0.000102,292,708,16,276,456,52,200
3719,0.000102,321,679,18,303,454,39,186
3720,0.000102,323,677,17,306,445,51,181
3721,0.000102,312,688,9,303,465,50,173
3722,0.000102,327,673,17,310,453,43,177
3723,0.000102,317,683,13,304,449,54,180
3724,0.000102,283,717,14,269,471,59,187
3725,0.000102,329,671,23,306,428,42,201
3726,0.000101,300,700,22,278,474,58,168
3727,0.000101,298,702,17,281,457,63,182
3728,0.000101,326,674,17,309,452,48,174
3729,0.000101,294,706,19,275,472,45,189
3730,0.000100,329,671,14,315,418,51,202
3731,0.000100,320,680,14,306,462,47,171
3732,0.000100,338,662,16,322,432,49,181
3733,0.000100,302,698,14,288,468,60,170
3734,0.000100,296,704,17,279,483,55,166
3735,0.000095,288,712,13,275,470,49,193
3736,0.000095,294,706,21,273,467,48,191
3737,0.000095,313,687,14,299,439,49,199
3738,0.000095,331,669,11,320,445,55,169
3739,0.000095,284,716,14,270,480,48,188
3740,0.000095,303,697,15,288,454,47,196
3741,0.000095,318,682,16,302,436,57,189
3742,0.000095,333,667,22,311,449,44,174
3743,0.000095,318,682,15,303,446,44,192
3744,0.000095,299,701,19,280,450,52,199
3745,0.000095,314,686,15,299,449,45,192
3746,0.000095,303,697,20,283,450,50,197
3747,0.000095,329,671,14,315,433,54,184
3748,0.000095,305,695,16,289,469,43,183
3749,0.000095,305,695,24,281,435,42,218
3750,0.000095,299,701,18,281,460,52,189
3751,0.000095,311,689,12,299,457,49,183
3752,0.000095,324,676,17,307,451,35,190
3753,0.000095,331,669,19,312,456,48,165
3754,0.000095,310,690,17,293,466,38,186
3755,0.000095,349,651,20,329,433,39,179
3756,0.000095,314,686,19,295,448,46,192
3757,0.000095,324,676,10,314,448,47,181
3758,0.000095,330,670,20,310,445,44,181
3759,0.000095,291,709,22,269,471,42,196
3760,0.000095,307,693,20,287,445,44,204
3761,0.000095,306,694,12,294,448,47,199
3762,0.000095,310,690,24,286,467,40,183
3763,0.000095,288,712,16,272,465,59,188
3764,0.000095,324,676,10,314,434,46,196
3765,0.000095,308,692,17,291,446,55,191
3766,0.000095,323,677,22,301,447,38,192
3767,0.000095,316,684,17,299,465,46,173
3768,0.000095,323,677,22,301,458,50,169
3769,0.000095,320,680,14,306,442,43,195
3770,0.000095,312,688,18,294,466,47,175
3771,0.000095,305,695,17,288,479,36,180
3772,0.000095,313,687,15,298,467,46,174
3773,0.000095,309,691,20,289,458,53,180
3774,0.000095,325,675,26,299,436,51,188
3775,0.000095,336,664,18,318,447,42,175
3776,0.000095,307,693,17,290,473,30,190
3777,0.000095,334,666,15,319,445,53,168
3778,0.000095,286,714,17,269,486,44,184
3779,0.000095,297,703,17,280,481,47,175
3780,0.000095,296,704,18,278,472,38,194
3781,0.000095,317,683,21,296,462,36,185
3782,0.000095,312,688,23,289,449,42,197
3783,0.000095,317,683,22,295,452,45,186
3784,0.000095,323,677,16,307,455,42,180
3785,0.000095,306,694,19,287,447,50,197
3786,0.000094,306,694,21,285,454,49,191
3787,0.000094,333,667,19,314,441,44,182
3788,0.000094,310,690,17,293,469,48,173
3789,0.000094,309,691,16,293,471,29,191
3790,0.000094,300,700,18,282,472,46,182
3791,0.000094,308,692,23,285,457,44,191
3792,0.000094,348,652,21,327,444,40,168
3793,0.000094,326,674,26,300,436,39,199
3794,0.000094,323,677,15,308,450,43,184
3795,0.000094,333,667,15,318,444,41,182
3796,0.000094,333,667,15,318,438,43,186
3797,0.000094,296,704,20,276,488,35,181
3798,0.000094,312,688,14,298,466,39,183
3799,0.000094,341,659,14,327,441,40,178
3800,0.000094,296,704,22,274,476,43,185
3801,0.000094,297,703,15,282,451,45,207
3802,0.000094,316,684,18,298,455,39,190
3803,0.000094,296,704,18,278,485,49,170
3804,0.000094,309,691,7,302,475,33,183
3805,0.000094,298,702,13,285,475,42,185
3806,0.000094,308,692,14,294,482,36,174
3807,0.000094,315,685,21,294,482,41,162
3808,0.000094,326,674,13,313,449,35,190
3809,0.000094,336,664,18,318,432,33,199
3810,0.000094,319,681,33,286,454,39,188
3811,0.000094,312,688,17,295,480,41,167
3812,0.000094,288,712,13,275,474,30,208
3813,0.000094,290,710,18,272,451,53,206
3814,0.000094,324,676,24,300,438,46,192
3815,0.000094,348,652,19,329,424,50,178
3816,0.000094,318,682,17,301,458,43,181
3817,0.000094,319,681,13,306,451,45,185
3818,0.000093,302,698,17,285,479,38,181
3819,0.000093,320,680,19,301,464,40,176
3820,0.000093,340,660,18,322,456,40,164
3821,0.000093,316,684,18,298,467,33,184
3822,0.000093,304,696,22,282,492,46,158
3823,0.000093,309,691,13,296,488,25,178
3824,0.000093,321,679,15,306,461,47,171
3825,0.000090,312,688,20,292,458,45,185
3826,0.000090,320,680,14,306,454,34,192
3827,0.000090,322,678,14,308,455,49,174
3828,0.000090,307,693,22,285,472,41,180
3829,0.000090,311,689,21,290,448,38,203
3830,0.000090,327,673,16,311,451,38,184
3831,0.000090,296,704,21,275,478,51,175
3832,0.000090,319,681,14,305,468,47,166
3833,0.000090,323,677,16,307,471,31,175
3834,0.000090,326,674,17,309,467,34,173
3835,0.000090,310,690,13,297,444,45,201
3836,0.000090,326,674,15,311,466,33,175
3837,0.000088,310,690,18,292,460,40,190
3838,0.000088,325,675,25,300,449,50,176
3839,0.000088,301,699,17,284,475,41,183
3840,0.000088,312,688,14,298,456,41,191
3841,0.000088,307,693,17,290,461,50,182
3842,0.000088,326,674,19,307,462,36,176
3843,0.000088,323,677,14,309,458,47,172
3844,0.000088,323,677,19,304,454,36,187
3845,0.000088,297,703,11,286,483,40,180
3846,0.000088,309,691,12,297,462,42,187
3847,0.000088,296,704,17,279,469,32,203
3848,0.000088,325,675,17,308,474,43,158
3849,0.000088,317,683,19,298,483,39,161
3850,0.000088,304,696,18,286,467,35,194
3851,0.000088,313,687,19,294,452,40,195
3852,0.000088,303,697,14,289,446,42,209
3853,0.000088,293,707,23,270,484,37,186
3854,0.000088,297,703,15,282,474,39,190
3855,0.000088,320,680,19,301,451,31,198
3856,0.000088,312,688,18,294,467,37,184
3857,0.000088,342,658,21,321,433,36,189
3858,0.000088,298,702,16,282,474,27,201
3859,0.000088,314,686,19,295,471,35,180
3860,0.000088,306,694,22,284,458,40,196
3861,0.000088,292,708,14,278,471,44,193
3862,0.000088,333,667,17,316,448,39,180
3863,0.000088,320,680,15,305,466,53,161
3864,0.000088,303,697,14,289,492,42,163
3865,0.000088,312,688,15,297,480,36,172
3866,0.000088,310,690,17,293,463,39,188
3867,0.000088,294,706,15,279,476,38,192
3868,0.000088,331,669,28,303,437,52,180
3869,0.000088,304,696,21,283,474,45,177
3870,0.000088,290,710,16,274,499,38,173
3871,0.000088,326,674,18,308,470,32,172
3872,0.000088,324,676,13,311,443,31,202
3873,0.000088,310,690,17,293,466,39,185
3874,0.000087,296,704,13,283,478,34,192
3875,0.000087,340,660,20,320,446,34,180
3876,0.000087,287,713,27,260,496,35,182
3877,0.000087,310,690,23,287,488,32,170
3878,0.000087,291,709,15,276,474,36,199
3879,0.000087,305,695,13,292,464,44,187
3880,0.000086,318,682,9,309,449,29,204
3881,0.000086,314,686,10,304,455,51,180
3882,0.000086,298,702,15,283,474,42,186
3883,0.000086,298,702,10,288,462,35,205
3884,0.000079,318,682,17,301,452,35,195
3885,0.000079,294,706,13,281,474,41,191
3886,0.000072,314,686,20,294,444,44,198
3887,0.000072,329,671,16,313,448,38,185
3888,0.000072,273,727,15,258,480,40,207
3889,0.000072,314,686,19,295,463,35,188
3890,0.000072,335,665,16,319,458,41,166
3891,0.000072,304,696,17,287,456,44,196
3892,0.000072,300,700,24,276,462,39,199
3893,0.000072,303,697,29,274,480,39,178
3894,0.000072,313,687,23,290,455,32,200
3895,0.000072,331,669,30,301,431,52,186
3896,0.000072,328,672,31,297,457,42,173
3897,0.000072,308,692,25,283,455,48,189
3898,0.000072,322,678,20,302,433,44,201
3899,0.000072,305,695,28,277,465,34,196
3900,0.000072,307,693,19,288,458,32,203
3901,0.000072,312,688,28,284,460,37,191
3902,0.000072,318,682,22,296,474,33,175
3903,0.000072,324,676,23,301,446,33,197
3904,0.000072,316,684,21,295,466,40,178
3905,0.000072,312,688,25,287,470,42,176
3906,0.000072,319,681,18,301,455,50,176
3907,0.000072,323,677,23,300,448,32,197
3908,0.000072,319,681,26,293,465,29,187
3909,0.000072,306,694,25,281,472,41,181
3910,0.000072,319,681,21,298,467,37,177
3911,0.000072,277,723,16,261,489,41,193
3912,0.000072,329,671,23,306,442,37,192
3913,0.000072,306,694,18,288,480,45,169
3914,0.000072,319,681,21,298,446,42,193
3915,0.000072,305,695,19,286,470,44,181
3916,0.000072,305,695,12,293,486,42,167
3917,0.000072,319,681,18,301,446,27,208
3918,0.000072,304,696,25,279,464,36,196
3919,0.000072,314,686,20,294,455,42,189
3920,0.000072,288,712,22,266,448,41,223
3921,0.000072,315,685,18,297,450,39,196
3922,0.000072,317,683,20,297,477,43,163
3923,0.000072,294,706,23,271,470,44,192
3924,0.000072,298,702,28,270,472,37,193
3925,0.000072,291,709,15,276,475,30,204
3926,0.000072,302,698,27,275,482,37,179
3927,0.000072,305,695,13,292,475,42,178
3928,0.000072,296,704,24,272,453,39,212
3929,0.000072,303,697,10,293,469,33,195
3930,0.000072,307,693,19,288,476,34,183
3931,0.000072,303,697,17,286,456,41,200
3932,0.000072,292,708,17,275,477,40,191
3933,0.000072,309,691,20,289,482,38,171
3934,0.000072,323,677,35,288,441,49,187
3935,0.000072,316,684,15,301,448,43,193
3936,0.000072,335,665,29,306,474,35,156
3937,0.000072,348,652,35,313,434,45,173
3938,0.000072,307,693,15,292,459,39,195
3939,0.000072,309,691,13,296,463,42,186
3940,0.000072,323,677,23,300,427,48,202
3941,0.000072,302,698,23,279,469,38,191
3942,0.000072,327,673,22,305,461,34,178
3943,0.000072,339,661,25,314,438,37,186
3944,0.000072,337,663,19,318,449,36,178
3945,0.000072,297,703,19,278,449,54,200
3946,0.000072,329,671,21,308,450,35,186
3947,0.000072,304,696,26,278,458,32,206
3948,0.000072,324,676,18,306,440,35,201
3949,0.000072,319,681,30,289,442,42,197
3950,0.000072,324,676,28,296,474,37,165
3951,0.000072,311,689,13,298,472,31,186
3952,0.000072,287,713,18,269,472,44,197
3953,0.000072,296,704,15,281,483,35,186
3954,0.000072,320,680,27,293,456,42,182
3955,0.000072,308,692,16,292,460,41,191
3956,0.000072,332,668,21,311,445,35,188
3957,0.000072,311,689,24,287,463,38,188
3958,0.000072,314,686,22,292,475,39,172
3959,0.000072,308,692,26,282,486,33,173
3960,0.000072,302,698,22,280,483,28,187
3961,0.000072,334,666,23,311,446,46,174
3962,0.000072,311,689,24,287,463,41,185
3963,0.000072,309,691,20,289,462,35,194
3964,0.000072,326,674,21,305,447,32,195
3965,0.000072,295,705,21,274,482,36,187
3966,0.000072,304,696,25,279,472,36,188
3967,0.000072,320,680,24,296,456,40,184
3968,0.000072,307,693,28,279,480,38,175
3969,0.000072,302,698,26,276,456,39,203
3970,0.000072,335,665,26,309,447,40,178
3971,0.000072,290,710,16,274,502,39,169
3972,0.000072,315,685,25,290,479,43,163
3973,0.000072,305,695,17,288,449,43,203
3974,0.000072,302,698,29,273,453,51,194
3975,0.000072,308,692,26,282,455,43,194
3976,0.000072,322,678,17,305,455,37,186
3977,0.000072,309,691,20,289,456,46,189
3978,0.000071,288,712,23,265,463,46,203
3979,0.000071,320,680,20,300,474,34,172
3980,0.000071,320,680,24,296,464,41,175
3981,0.000071,338,662,16,322,450,37,175
3982,0.000071,310,690,27,283,456,38,196
3983,0.000071,307,693,19,288,462,40,191
3984,0.000071,339,661,17,322,465,37,159
3985,0.000071,323,677,24,299,466,46,165
3986,0.000071,309,691,21,288,463,48,180
3987,0.000071,298,702,16,282,488,44,170
3988,0.000071,323,677,17,306,421,42,214
3989,0.000071,328,672,20,308,441,54,177
3990,0.000071,280,720,20,260,458,56,206
3991,0.000071,298,702,19,279,467,47,188
3992,0.000067,349,651,22,327,448,36,167
3993,0.000067,316,684,24,292,476,37,171
3994,0.000067,302,698,23,279,470,45,183
3995,0.000067,327,673,33,294,468,46,159
3996,0.000067,299,701,18,281,466,52,183
3997,0.000067,321,679,25,296,451,53,175
3998,0.000067,322,678,28,294,452,45,181
3999,0.000067,309,691,25,284,448,43,200
4000,0.000067,333,667,30,303,461,43,163
4001,0.000067,319,681,23,296,440,50,191
4002,0.000067,297,703,23,274,475,40,188
4003,0.000067,297,703,20,277,478,45,180
4004,0.000067,287,713,25,262,467,46,200
4005,0.000067,329,671,20,309,464,32,175
4006,0.000067,298,702,21,277,465,44,193
4007,0.000067,337,663,20,317,442,37,184
4008,0.000067,294,706,23,271,487,50,169
4009,0.000067,292,708,22,270,469,50,189
4010,0.000067,319,681,25,294,458,41,182
4011,0.000067,328,672,27,301,473,34,165
4012,0.000067,301,699,22,279,438,66,195
4013,0.000067,310,690,18,292,469,42,179
4014,0.000067,315,685,25,290,461,44,180
4015,0.000067,311,689,17,294,453,49,187
4016,0.000067,306,694,25,281,472,38,184
4017,0.000067,298,702,23,275,454,46,202
4018,0.000067,304,696,19,285,451,49,196
4019,0.000067,329,671,23,306,465,38,168
4020,0.000067,286,714,12,274,480,53,181
4021,0.000067,300,700,21,279,451,44,205
4022,0.000067,327,673,18,309,441,43,189
4023,0.000067,321,679,22,299,437,47,195
4024,0.000067,329,671,22,307,444,49,178
4025,0.000067,313,687,19,294,457,40,190
4026,0.000067,292,708,14,278,470,51,187
4027,0.000067,331,669,33,298,447,50,172
4028,0.000067,314,686,23,291,467,44,175
4029,0.000067,313,687,22,291,440,54,193
4030,0.000067,319,681,24,295,440,57,184
4031,0.000067,314,686,16,298,445,38,203
4032,0.000067,300,700,23,277,475,53,172
4033,0.000067,313,687,23,290,465,40,182
4034,0.000067,320,680,29,291,454,41,185
4035,0.000067,321,679,25,296,429,44,206
4036,0.000067,320,680,33,287,430,53,197
4037,0.000067,313,687,23,290,444,55,188
4038,0.000067,329,671,32,297,474,44,153
4039,0.000067,302,698,19,283,463,56,179
4040,0.000067,333,667,25,308,438,43,186
4041,0.000067,301,699,30,271,473,46,180
4042,0.000067,314,686,20,294,450,50,186
4043,0.000067,301,699,19,282,453,54,192
4044,0.000067,314,686,23,291,472,47,167
4045,0.000067,290,710,23,267,461,49,200
4046,0.000067,330,670,26,304,436,49,185
4047,0.000067,320,680,33,287,448,48,184
4048,0.000067,329,671,22,307,460,33,178
4049,0.000067,286,714,29,257,487,48,179
4050,0.000067,328,672,20,308,446,34,192
4051,0.000067,322,678,21,301,461,52,165
4052,0.000067,332,668,28,304,459,37,172
4053,0.000067,293,707,25,268,487,45,175
4054,0.000067,327,673,29,298,455,35,183
4055,0.000067,327,673,19,308,442,42,189
4056,0.000067,292,708,23,269,486,41,181
4057,0.000067,327,673,28,299,452,50,171
4058,0.000067,292,708,22,270,478,56,174
4059,0.000067,300,700,20,280,470,50,180
4060,0.000067,304,696,15,289,463,41,192
4061,0.000067,325,675,26,299,450,38,187
4062,0.000067,300,700,24,276,473,36,191
4063,0.000067,318,682,28,290,464,48,170
4064,0.000067,298,702,21,277,467,46,189
4065,0.000064,318,682,19,299,471,35,176
4066,0.000064,314,686,28,286,477,39,170
4067,0.000064,328,672,25,303,455,42,175
4068,0.000064,308,692,14,294,467,50,175
4069,0.000064,314,686,30,284,472,46,168
4070,0.000064,317,683,32,285,461,53,169
4071,0.000064,304,696,17,287,444,56,196
4072,0.000064,314,686,19,295,429,50,207
4073,0.000064,316,684,25,291,450,47,187
4074,0.000064,354,646,35,319,424,37,185
4075,0.000064,294,706,20,274,462,49,195
4076,0.000064,261,739,19,242,498,46,195
4077,0.000064,281,719,15,266,451,48,220
4078,0.000064,313,687,30,283,496,39,152
4079,0.000064,295,705,24,271,475,52,178
4080,0.000064,345,655,34,311,431,45,179
4081,0.000064,329,671,28,301,480,48,143
4082,0.000064,315,685,24,291,485,47,153
4083,0.000064,327,673,24,303,450,35,188
4084,0.000064,305,695,19,286,466,53,176
4085,0.000064,313,687,23,290,455,48,184
4086,0.000064,310,690,16,294,453,44,193
4087,0.000064,315,685,19,296,439,53,193
4088,0.000064,298,702,25,273,475,46,181
4089,0.000064,330,670,24,306,434,46,190
4090,0.000064,333,667,27,306,445,40,182
4091,0.000064,313,687,21,292,454,49,184
4092,0.000064,293,707,13,280,462,47,198
4093,0.000064,321,679,16,305,457,49,173
4094,0.000064,341,659,22,319,429,45,185
4095,0.000064,336,664,28,308,462,41,161
4096,0.000064,312,688,27,285,452,52,184
4097,0.000064,294,706,16,278,467,49,190
4098,0.000064,316,684,21,295,460,47,177
4099,0.000064,333,667,30,303,439,32,196
4100,0.000064,339,661,17,322,435,50,176
4101,0.000064,334,666,20,314,468,41,157
4102,0.000064,324,676,22,302,449,43,184
4103,0.000064,325,675,27,298,450,39,186
4104,0.000064,289,711,27,262,460,57,194
4105,0.000064,315,685,27,288,459,42,184
4106,0.000064,312,688,28,284,453,46,189
4107,0.000062,301,699,21,280,463,41,195
4108,0.000062,294,706,22,272,454,56,196
4109,0.000062,300,700,19,281,433,55,212
4110,0.000062,290,710,19,271,470,50,190
4111,0.000062,287,713,22,265,485,46,182
4112,0.000062,315,685,24,291,453,47,185
4113,0.000062,344,656,22,322,440,42,174
4114,0.000062,322,678,26,296,434,55,189
4115,0.000062,303,697,19,284,450,43,204
4116,0.000062,343,657,19,324,455,35,167
4117,0.000062,302,698,23,279,462,51,185
4118,0.000062,318,682,22,296,455,45,182
4119,0.000062,307,693,23,284,467,52,174
4120,0.000062,313,687,26,287,452,44,191
4121,0.000062,311,689,27,284,463,40,186
4122,0.000062,296,704,22,274,473,52,179
4123,0.000062,335,665,23,312,459,39,167
4124,0.000054,324,676,26,298,441,54,181
4125,0.000054,329,671,27,302,458,35,178
4126,0.000054,329,671,21,308,459,42,170
4127,0.000054,282,718,16,266,480,61,177
4128,0.000054,331,669,21,310,450,39,180
4129,0.000054,319,681,22,297,477,51,153
4130,0.000054,302,698,23,279,448,57,193
4131,0.000054,301,699,18,283,464,51,184
4132,0.000054,328,672,22,306,452,41,179
4133,0.000054,313,687,23,290,469,43,175
4134,0.000054,323,677,20,303,479,34,164
4135,0.000054,302,698,30,272,452,58,188
4136,0.000054,293,707,22,271,470,51,186
4137,0.000054,304,696,21,283,455,47,194
4138,0.000054,315,685,20,295,466,46,173
4139,0.000054,312,688,27,285,466,40,182
4140,0.000054,308,692,21,287,439,42,211
4141,0.000054,296,704,18,278,485,52,167
4142,0.000054,321,679,25,296,455,43,181
4143,0.000054,335,665,24,311,454,44,167
4144,0.000054,319,681,15,304,468,43,170
4145,0.000054,319,681,20,299,455,48,178
4146,0.000054,295,705,34,261,490,28,187
4147,0.000054,312,688,33,279,457,49,182
4148,0.000054,293,707,16,277,440,52,215
4149,0.000054,339,661,19,320,458,35,168
4150,0.000054,285,715,14,271,497,52,166
4151,0.000054,336,664,21,315,437,50,177
4152,0.000054,309,691,22,287,470,55,166
4153,0.000054,317,683,28,289,462,38,183
4154,0.000054,308,692,18,290,470,56,166
4155,0.000054,338,662,18,320,450,46,166
4156,0.000054,324,676,22,302,448,41,187
4157,0.000054,328,672,30,298,432,49,191
4158,0.000054,299,701,28,271,474,41,186
4159,0.000054,327,673,32,295,446,40,187
4160,0.000054,301,699,15,286,438,60,201
4161,0.000054,316,684,26,290,465,41,178
4162,0.000054,309,691,23,286,455,46,190
4163,0.000054,301,699,30,271,458,44,197
4164,0.000054,301,699,21,280,465,44,190
4165,0.000054,327,673,23,304,447,46,180
4166,0.000054,310,690,19,291,473,45,172
4167,0.000054,343,657,31,312,434,50,173
4168,0.000054,275,725,20,255,471,44,210
4169,0.000054,291,709,25,266,467,47,195
4170,0.000054,337,663,25,312,429,39,195
4171,0.000054,302,698,22,280,472,46,180
4172,0.000054,319,681,22,297,468,43,170
4173,0.000054,320,680,20,300,465,48,167
4174,0.000054,299,701,19,280,452,45,204
4175,0.000054,310,690,21,289,445,49,196
4176,0.000054,328,672,30,298,467,44,161
4177,0.000054,308,692,19,289,461,41,190
4178,0.000054,317,683,24,293,477,48,158
4179,0.000054,314,686,23,291,444,48,194
4180,0.000054,303,697,26,277,478,45,174
4181,0.000054,313,687,23,290,463,50,174
4182,0.000054,312,688,20,292,440,51,197
4183,0.000054,282,718,19,263,490,44,184
4184,0.000054,303,697,22,281,473,44,180
4185,0.000054,298,702,21,277,475,51,176
4186,0.000054,348,652,25,323,431,48,173
4187,0.000054,321,679,27,294,461,41,177
4188,0.000054,316,684,26,290,459,48,177
4189,0.000054,279,721,25,254,489,51,181
4190,0.000054,315,685,26,289,459,45,181
4191,0.000054,317,683,29,288,456,47,180
4192,0.000054,319,681,25,294,475,39,167
4193,0.000054,314,686,25,289,448,50,188
4194,0.000054,300,700,22,278,471,43,186
4195,0.000054,342,658,25,317,439,48,171
4196,0.000054,322,678,27,295,470,41,167
4197,0.000054,324,676,20,304,444,53,179
4198,0.000054,336,664,25,311,435,50,179
4199,0.000054,298,702,26,272,465,50,187
4200,0.000054,327,673,22,305,450,39,184
4201,0.000054,317,683,19,298,444,50,189
4202,0.000054,296,704,19,277,453,50,201
4203,0.000054,320,680,15,305,439,42,199
4204,0.000054,311,689,20,291,462,49,178
4205,0.000054,298,702,24,274,499,33,170
4206,0.000054,300,700,18,282,465,50,185
4207,0.000054,348,652,32,316,429,33,190
4208,0.000054,340,660,28,312,466,40,154
4209,0.000054,318,682,21,297,458,53,171
4210,0.000054,337,663,28,309,455,49,159
4211,0.000054,310,690,22,288,429,40,221
4212,0.000054,304,696,38,266,467,42,187
4213,0.000054,310,690,23,287,450,46,194
4214,0.000054,313,687,24,289,455,37,195
4215,0.000054,303,697,24,279,439,62,196
4216,0.000054,310,690,22,288,467,43,180
4217,0.000054,312,688,19,293,458,61,169
4218,0.000054,317,683,30,287,435,52,196
4219,0.000054,320,680,27,293,473,45,162
4220,0.000053,336,664,21,315,447,37,180
4221,0.000053,328,672,20,308,441,46,185
4222,0.000053,310,690,26,284,474,52,164
4223,0.000053,344,656,13,331,440,47,169
4224,0.000053,297,703,20,277,469,45,189
4225,0.000053,325,675,37,288,467,36,172
4226,0.000053,291,709,20,271,463,45,201
4227,0.000053,309,691,30,279,457,29,205
4228,0.000053,327,673,14,313,465,45,163
4229,0.000053,332,668,15,317,443,40,185
4230,0.000053,288,712,21,267,471,52,189
4231,0.000053,304,696,18,286,489,44,163
4232,0.000053,301,699,23,278,470,42,187
4233,0.000053,295,705,22,273,477,49,179
4234,0.000053,298,702,22,276,459,46,197
4235,0.000053,307,693,31,276,481,40,172
4236,0.000053,300,700,22,278,455,50,195
4237,0.000053,309,691,18,291,473,44,174
4238,0.000053,288,712,17,271,456,49,207
4239,0.000053,346,654,24,322,423,51,180
4240,0.000053,287,713,18,269,479,46,188
4241,0.000053,314,686,21,293,475,45,166
4242,0.000053,331,669,9,322,440,45,184
4243,0.000053,329,671,25,304,455,43,173
4244,0.000053,332,668,22,310,442,51,175
4245,0.000053,314,686,17,297,469,52,165
4246,0.000053,297,703,29,268,472,41,190
4247,0.000053,322,678,20,302,467,43,168
4248,0.000053,326,674,28,298,441,48,185
4249,0.000053,317,683,24,293,476,37,170
4250,0.000053,313,687,21,292,434,55,198
4251,0.000053,304,696,19,285,484,51,161
4252,0.000053,351,649,27,324,435,47,167
4253,0.000053,322,678,23,299,439,45,194
4254,0.000053,281,719,19,262,480,32,207
4255,0.000053,334,666,21,313,432,54,180
4256,0.000053,322,678,26,296,458,50,170
4257,0.000053,333,667,26,307,429,49,189
4258,0.000053,309,691,28,281,469,44,178
4259,0.000053,310,690,27,283,462,41,187
4260,0.000050,306,694,18,288,464,49,181
4261,0.000050,307,693,27,280,459,51,183
4262,0.000050,311,689,28,283,456,35,198
4263,0.000050,280,720,16,264,482,41,197
4264,0.000050,318,682,28,290,471,37,174
4265,0.000050,333,667,24,309,456,47,164
4266,0.000050,322,678,30,292,459,47,172
4267,0.000050,314,686,24,290,437,50,199
4268,0.000050,304,696,27,277,466,38,192
4269,0.000050,316,684,26,290,471,34,179
4270,0.000050,291,709,17,274,478,52,179
4271,0.000050,297,703,18,279,465,51,187
4272,0.000050,327,673,20,307,445,53,175
4273,0.000050,345,655,24,321,442,48,165
4274,0.000050,321,679,25,296,465,52,162
4275,0.000050,305,695,23,282,479,42,174
4276,0.000050,322,678,19,303,443,57,178
4277,0.000050,302,698,23,279,482,39,177
4278,0.000050,320,680,27,293,450,34,196
4279,0.000050,313,687,10,303,455,59,173
4280,0.000050,310,690,15,295,472,48,170
4281,0.000050,293,707,27,266,480,42,185
4282,0.000050,300,700,17,283,476,48,176
4283,0.000050,339,661,28,311,437,40,184
4284,0.000050,289,711,23,266,470,53,188
4285,0.000050,311,689,21,290,463,48,178
4286,0.000050,312,688,33,279,469,47,172
4287,0.000050,312,688,21,291,467,40,181
4288,0.000050,301,699,28,273,466,47,186
4289,0.000050,300,700,16,284,440,55,205
4290,0.000050,298,702,28,270,490,32,180
4291,0.000050,313,687,18,295,466,46,175
4292,0.000050,326,674,31,295,455,45,174
4293,0.000050,353,647,23,330,445,44,158
4294,0.000050,317,683,22,295,440,52,191
4295,0.000050,325,675,19,306,432,55,188
4296,0.000050,322,678,25,297,459,51,168
4297,0.000050,315,685,31,284,480,42,163
4298,0.000050,331,669,22,309,425,40,204
4299,0.000050,308,692,21,287,463,44,185
4300,0.000050,315,685,29,286,464,47,174
4301,0.000050,305,695,17,288,474,49,172
4302,0.000050,297,703,18,279,485,38,180
4303,0.000050,279,721,18,261,505,45,171
4304,0.000050,310,690,13,297,474,38,178
4305,0.000050,316,684,23,293,461,39,184
4306,0.000049,306,694,16,290,462,52,180
4307,0.000049,332,668,33,299,460,42,166
4308,0.000049,304,696,30,274,477,44,175
4309,0.000049,309,691,25,284,485,52,154
4310,0.000049,341,659,19,322,450,37,172
4311,0.000049,304,696,23,281,479,46,171
4312,0.000049,315,685,20,295,455,44,186
4313,0.000049,304,696,21,283,472,49,175
4314,0.000049,314,686,18,296,463,50,173
4315,0.000046,328,672,19,309,433,54,185
4316,0.000046,319,681,15,304,475,38,168
4317,0.000046,307,693,24,283,480,47,166
4318,0.000046,321,679,27,294,466,40,173
4319,0.000046,330,670,22,308,471,40,159
4320,0.000046,307,693,25,282,463,48,182
4321,0.000046,308,692,30,278,486,41,165
4322,0.000046,348,652,17,331,475,32,145
4323,0.000046,292,708,28,264,476,46,186
4324,0.000046,269,731,15,254,497,55,179
4325,0.000046,276,724,22,254,485,51,188
4326,0.000046,292,708,11,281,475,54,179
4327,0.000046,311,689,13,298,460,42,187
4328,0.000046,327,673,23,304,463,41,169
4329,0.000046,312,688,33,279,478,43,167
4330,0.000046,320,680,20,300,445,59,176
4331,0.000046,331,669,27,304,473,41,155
4332,0.000046,328,672,19,309,471,40,161
4333,0.000046,291,709,18,273,482,42,185
4334,0.000046,301,699,23,278,462,39,198
4335,0.000046,307,693,21,286,451,53,189
4336,0.000046,324,676,35,289,437,54,185
4337,0.000046,327,673,21,306,450,46,177
4338,0.000045,317,683,16,301,462,51,170
4339,0.000045,313,687,19,294,455,51,181
4340,0.000045,313,687,25,288,449,49,189
4341,0.000045,308,692,28,280,451,50,191
4342,0.000045,270,730,21,249,490,49,191
4343,0.000045,322,678,19,303,461,48,169
4344,0.000045,286,714,25,261,471,47,196
4345,0.000045,294,706,20,274,475,57,174
4346,0.000045,304,696,23,281,475,56,165
4347,0.000045,297,703,20,277,465,41,197
4348,0.000045,323,677,18,305,470,45,162
4349,0.000045,301,699,21,280,481,58,160
4350,0.000045,299,701,29,270,465,66,170
4351,0.000045,304,696,28,276,455,55,186
4352,0.000045,300,700,28,272,479,51,170
4353,0.000045,312,688,24,288,460,41,187
4354,0.000045,301,699,26,275,462,49,188
4355,0.000045,322,678,17,305,445,42,191
4356,0.000045,279,721,22,257,486,51,184
4357,0.000045,305,695,25,280,461,43,191
4358,0.000045,312,688,25,287,448,37,203
4359,0.000045,334,666,29,305,440,34,192
4360,0.000045,320,680,27,293,445,42,193
4361,0.000045,312,688,29,283,453,48,187
4362,0.000045,320,680,20,300,451,54,175
4363,0.000045,310,690,22,288,473,35,182
4364,0.000045,326,674,23,303,448,53,173
4365,0.000045,314,686,17,297,458,52,176
4366,0.000045,337,663,23,314,448,43,172
4367,0.000045,312,688,16,296,478,54,156
4368,0.000045,294,706,16,278,444,58,204
4369,0.000045,309,691,25,284,455,48,188
4370,0.000045,305,695,15,290,478,46,171
4371,0.000045,327,673,21,306,474,30,169
4372,0.000045,310,690,21,289,457,48,185
4373,0.000045,303,697,18,285,457,53,187
4374,0.000045,312,688,19,293,468,42,178
4375,0.000045,287,713,17,270,470,52,191
4376,0.000045,301,699,18,283,475,37,187
4377,0.000045,310,690,25,285,485,41,164
4378,0.000045,301,699,29,272,460,60,179
4379,0.000045,338,662,27,311,450,44,168
4380,0.000045,308,692,25,283,478,41,173
4381,0.000045,320,680,24,296,453,54,173
4382,0.000044,303,697,25,278,486,50,161
4383,0.000044,334,666,28,306,432,41,193
4384,0.000044,331,669,30,301,436,35,198
4385,0.000044,334,666,26,308,466,36,164
4386,0.000044,311,689,27,284,456,44,189
4387,0.000044,295,705,22,273,485,50,170
4388,0.000044,328,672,28,300,447,55,170
4389,0.000044,312,688,17,295,465,51,172
4390,0.000044,324,676,18,306,453,34,189
4391,0.000044,329,671,14,315,461,45,165
4392,0.000044,319,681,22,297,439,76,166
4393,0.000044,313,687,30,283,472,49,166
4394,0.000044,315,685,28,287,435,51,199
4395,0.000044,297,703,28,269,439,53,211
4396,0.000044,330,670,32,298,449,43,178
4397,0.000044,301,699,27,274,458,55,186
4398,0.000044,343,657,30,313,433,54,170
4399,0.000044,337,663,35,302,452,38,173
4400,0.000044,307,693,28,279,454,64,175
4401,0.000044,307,693,27,280,441,55,197
4402,0.000044,308,692,28,280,450,44,198
4403,0.000044,299,701,21,278,433,56,212
4404,0.000044,313,687,28,285,446,48,193
4405,0.000044,307,693,19,288,482,38,173
4406,0.000044,306,694,20,286,465,46,183
4407,0.000044,305,695,14,291,447,54,194
4408,0.000044,289,711,16,273,491,36,184
4409,0.000044,303,697,23,280,492,31,174
4410,0.000044,325,675,21,304,458,51,166
4411,0.000044,331,669,29,302,447,49,173
4412,0.000044,299,701,31,268,452,62,187
4413,0.000044,310,690,21,289,448,58,184
4414,0.000044,302,698,19,283,461,43,194
4415,0.000044,306,694,24,282,463,52,179
4416,0.000044,306,694,35,271,454,48,192
4417,0.000044,312,688,22,290,458,55,175
4418,0.000044,320,680,22,298,443,45,192
4419,0.000044,326,674,19,307,466,41,167
4420,0.000044,312,688,19,293,434,60,194
4421,0.000044,300,700,19,281,470,50,180
4422,0.000044,331,669,22,309,445,52,172
4423,0.000044,298,702,24,274,441,60,201
4424,0.000044,314,686,23,291,453,54,179
4425,0.000044,313,687,17,296,440,47,200
4426,0.000044,303,697,25,278,473,58,166
4427,0.000044,292,708,30,262,451,51,206
4428,0.000044,286,714,20,266,450,50,214
4429,0.000044,299,701,25,274,462,55,184
4430,0.000044,322,678,29,293,441,54,183
4431,0.000044,316,684,23,293,464,53,167
4432,0.000044,306,694,11,295,465,38,191
4433,0.000044,302,698,23,279,480,50,168
4434,0.000043,316,684,25,291,459,53,172
4435,0.000043,298,702,19,279,480,44,178
4436,0.000043,289,711,25,264,465,49,197
4437,0.000043,311,689,24,287,470,49,170
4438,0.000043,307,693,22,285,453,55,185
4439,0.000043,329,671,41,288,433,50,188
4440,0.000043,305,695,23,282,458,53,184
4441,0.000042,299,701,24,275,467,51,183
4442,0.000042,278,722,19,259,481,46,195
4443,0.000042,278,722,29,249,459,63,200
4444,0.000042,310,690,17,293,451,48,191
4445,0.000042,322,678,21,301,462,56,160
4446,0.000042,314,686,20,294,443,49,194
4447,0.000042,315,685,24,291,442,51,192
4448,0.000038,320,680,26,294,445,42,193
4449,0.000038,310,690,25,285,447,52,191
4450,0.000038,320,680,26,294,440,49,191
4451,0.000038,302,698,18,284,460,40,198
4452,0.000038,327,673,27,300,443,54,176
4453,0.000038,301,699,16,285,461,58,180
4454,0.000038,327,673,32,295,425,65,183
4455,0.000038,314,686,24,290,453,61,172
4456,0.000038,321,679,21,300,461,58,160
4457,0.000038,318,682,24,294,445,54,183
4458,0.000038,306,694,27,279,480,55,159
4459,0.000038,317,683,22,295,464,57,162
4460,0.000038,317,683,30,287,451,51,181
4461,0.000038,306,694,21,285,441,62,191
4462,0.000038,319,681,21,298,460,39,182
4463,0.000038,336,664,26,310,444,46,174
4464,0.000038,329,671,18,311,457,48,166
4465,0.000038,350,650,26,324,436,56,158
4466,0.000038,319,681,19,300,439,64,178
4467,0.000038,311,689,21,290,459,48,182
4468,0.000038,311,689,22,289,463,49,177
4469,0.000038,296,704,19,277,471,51,182
4470,0.000038,287,713,19,268,452,57,204
4471,0.000038,306,694,26,280,470,42,182
4472,0.000038,311,689,17,294,457,55,177
4473,0.000038,326,674,33,293,457,58,159
4474,0.000038,320,680,24,296,476,40,164
4475,0.000038,283,717,15,268,468,43,206
4476,0.000038,286,714,21,265,440,55,219
4477,0.000038,301,699,18,283,453,46,200
4478,0.000038,318,682,22,296,461,45,176
4479,0.000038,290,710,21,269,465,65,180
4480,0.000038,314,686,26,288,458,57,171
4481,0.000038,311,689,21,290,448,64,177
4482,0.000038,297,703,22,275,468,44,191
4483,0.000038,291,709,25,266,465,47,197
4484,0.000038,305,695,25,280,487,44,164
4485,0.000038,330,670,19,311,450,41,179
4486,0.000038,301,699,13,288,472,52,175
4487,0.000038,301,699,24,277,458,62,179
4488,0.000038,316,684,21,295,448,55,181
4489,0.000038,339,661,27,312,442,53,166
4490,0.000038,296,704,18,278,466,53,185
4491,0.000038,302,698,21,281,465,52,181
4492,0.000038,311,689,29,282,454,47,188
4493,0.000038,319,681,25,294,459,59,163
4494,0.000038,286,714,21,265,455,56,203
4495,0.000038,312,688,27,285,462,48,178
4496,0.000038,332,668,25,307,443,52,173
4497,0.000038,311,689,21,290,468,53,168
4498,0.000038,335,665,23,312,443,44,178
4499,0.000038,315,685,25,290,446,56,183
4500,0.000038,334,666,32,302,422,45,199
4501,0.000038,304,696,27,277,456,62,178
4502,0.000038,301,699,30,271,457,55,187
4503,0.000038,296,704,19,277,468,59,177
4504,0.000038,310,690,25,285,428,68,194
4505,0.000038,304,696,23,281,453,49,194
4506,0.000038,323,677,20,303,455,35,187
4507,0.000038,333,667,18,315,479,44,144
4508,0.000038,328,672,27,301,443,42,187
4509,0.000038,290,710,21,269,489,52,169
4510,0.000038,297,703,11,286,468,47,188
4511,0.000038,320,680,15,305,458,52,170
4512,0.000038,312,688,28,284,449,56,183
4513,0.000038,323,677,29,294,462,51,164
4514,0.000038,297,703,26,271,447,50,206
4515,0.000038,305,695,21,284,476,46,173
4516,0.000038,316,684,17,299,460,42,182
4517,0.000038,330,670,14,316,445,41,184
4518,0.000038,293,707,17,276,482,51,174
4519,0.000038,316,684,18,298,458,54,172
4520,0.000038,311,689,20,291,463,44,182
4521,0.000038,291,709,20,271,488,42,179
4522,0.000035,308,692,27,281,460,46,186
4523,0.000035,317,683,15,302,451,47,185
4524,0.000035,307,693,24,283,457,37,199
4525,0.000035,302,698,22,280,455,46,197
4526,0.000035,306,694,21,285,470,41,183
4527,0.000035,293,707,25,268,470,41,196
4528,0.000035,300,700,21,279,498,38,164
4529,0.000035,317,683,30,287,465,25,193
4530,0.000035,323,677,21,302,478,30,169
4531,0.000035,303,697,21,282,489,37,171
4532,0.000035,307,693,20,287,475,42,176
4533,0.000035,299,701,15,284,479,44,178
4534,0.000035,318,682,14,304,465,42,175
4535,0.000035,311,689,22,289,467,42,180
4536,0.000035,339,661,27,312,436,41,184
4537,0.000035,299,701,20,279,457,52,192
4538,0.000035,326,674,23,303,449,42,183
4539,0.000035,294,706,24,270,465,43,198
4540,0.000035,299,701,22,277,486,49,166
4541,0.000035,335,665,26,309,444,45,176
4542,0.000035,326,674,26,300,458,47,169
4543,0.000035,310,690,25,285,477,42,171
4544,0.000035,353,647,29,324,413,42,192
4545,0.000035,310,690,26,284,448,54,188
4546,0.000035,315,685,21,294,474,39,172
4547,0.000035,313,687,27,286,451,46,190
4548,0.000035,342,658,22,320,418,44,196
4549,0.000035,305,695,17,288,471,42,182
4550,0.000035,290,710,22,268,478,53,179
4551,0.000035,313,687,24,289,448,41,198
4552,0.000035,299,701,19,280,494,39,168
4553,0.000035,317,683,19,298,476,45,162
4554,0.000035,323,677,24,299,423,52,202
4555,0.000035,318,682,16,302,439,51,192
4556,0.000035,310,690,24,286,463,37,190
4557,0.000035,304,696,20,284,483,38,175
4558,0.000035,315,685,27,288,492,43,150
4559,0.000035,285,715,16,269,483,51,181
4560,0.000035,332,668,28,304,445,36,187
4561,0.000035,311,689,21,290,466,48,175
4562,0.000035,314,686,22,292,457,36,193
4563,0.000035,320,680,27,293,452,46,182
4564,0.000035,288,712,17,271,481,40,191
4565,0.000035,300,700,28,272,464,50,186
4566,0.000035,294,706,17,277,495,42,169
4567,0.000035,302,698,20,282,445,35,218
4568,0.000035,305,695,13,292,469,58,168
4569,0.000035,300,700,23,277,452,50,198
4570,0.000035,312,688,23,289,473,41,174
4571,0.000035,283,717,22,261,468,58,191
4572,0.000034,307,693,19,288,451,59,183
4573,0.000034,323,677,18,305,440,51,186
4574,0.000034,311,689,24,287,448,44,197
4575,0.000034,319,681,22,297,436,53,192
4576,0.000034,319,681,18,301,464,40,177
4577,0.000034,310,690,24,286,473,53,164
4578,0.000034,297,703,20,277,476,40,187
4579,0.000034,304,696,15,289,488,55,153
4580,0.000034,309,691,20,289,459,44,188
4581,0.000034,295,705,18,277,477,48,180
4582,0.000034,291,709,20,271,478,50,181
4583,0.000034,330,670,24,306,453,48,169
4584,0.000034,319,681,19,300,457,53,171
4585,0.000034,306,694,30,276,460,49,185
4586,0.000034,313,687,22,291,443,54,190
4587,0.000034,300,700,26,274,459,46,195
4588,0.000034,297,703,15,282,467,52,184
4589,0.000034,322,678,18,304,464,47,167
4590,0.000034,317,683,15,302,462,44,177
4591,0.000034,278,722,17,261,485,54,183
4592,0.000034,322,678,24,298,451,59,168
4593,0.000034,315,685,28,287,433,48,204
4594,0.000034,314,686,17,297,442,56,188
4595,0.000034,323,677,21,302,466,35,176
4596,0.000034,312,688,19,293,452,37,199
4597,0.000034,308,692,32,276,481,44,167
4598,0.000034,343,657,16,327,448,38,171
4599,0.000034,300,700,23,277,468,39,193
4600,0.000034,311,689,19,292,474,35,180
4601,0.000034,316,684,25,291,461,55,168
4602,0.000030,290,710,16,274,454,51,205
4603,0.000030,306,694,19,287,468,52,174
4604,0.000030,314,686,17,297,470,45,171
4605,0.000030,314,686,23,291,445,46,195
4606,0.000030,346,654,17,329,419,37,198
4607,0.000030,310,690,25,285,452,54,184
4608,0.000030,312,688,33,279,472,46,170
4609,0.000030,313,687,18,295,452,51,184
4610,0.000030,331,669,23,308,455,51,163
4611,0.000030,302,698,31,271,471,46,181
4612,0.000030,301,699,28,273,489,40,170
4613,0.000030,315,685,29,286,469,36,180
4614,0.000030,334,666,17,317,430,55,181
4615,0.000030,299,701,20,279,473,62,166
4616,0.000030,329,671,26,303,455,40,176
4617,0.000030,302,698,26,276,478,52,168
4618,0.000030,312,688,21,291,447,48,193
4619,0.000030,316,684,24,292,463,47,174
4620,0.000030,307,693,30,277,450,59,184
4621,0.000030,351,649,19,332,442,39,168
4622,0.000030,301,699,23,278,489,48,162
4623,0.000030,296,704,25,271,466,61,177
4624,0.000030,324,676,16,308,435,57,184
4625,0.000030,292,708,21,271,474,48,186
4626,0.000030,313,687,24,289,448,48,191
4627,0.000030,310,690,24,286,471,38,181
4628,0.000030,322,678,27,295,447,59,172
4629,0.000030,333,667,23,310,462,50,155
4630,0.000030,323,677,24,299,466,60,151
4631,0.000030,313,687,19,294,459,52,176
4632,0.000030,311,689,17,294,468,50,171
4633,0.000030,291,709,26,265,456,70,183
4634,0.000030,310,690,22,288,453,52,185
4635,0.000030,280,720,21,259,470,62,188
4636,0.000030,320,680,30,290,439,55,186
4637,0.000030,306,694,23,283,461,53,180
4638,0.000030,318,682,19,299,436,66,180
4639,0.000030,315,685,24,291,455,59,171
4640,0.000030,319,681,23,296,448,59,174
4641,0.000030,314,686,24,290,467,47,172
4642,0.000030,316,684,16,300,446,61,177
4643,0.000030,312,688,19,293,447,68,173
4644,0.000030,316,684,25,291,444,62,178
4645,0.000030,326,674,33,293,440,60,174
4646,0.000030,350,650,25,325,456,50,144
4647,0.000030,309,691,28,281,463,60,168
4648,0.000030,318,682,21,297,452,61,169
4649,0.000030,295,705,19,276,466,59,180
4650,0.000030,324,676,18,306,444,64,168
4651,0.000030,307,693,17,290,451,62,180
4652,0.000030,309,691,26,283,460,69,162
4653,0.000030,310,690,26,284,475,63,152
4654,0.000030,322,678,35,287,455,62,161
4655,0.000030,288,712,31,257,482,68,162
4656,0.000030,323,677,31,292,452,75,150
4657,0.000030,320,680,23,297,431,79,170
4658,0.000030,310,690,26,284,462,60,168
4659,0.000030,290,710,28,262,489,67,154
4660,0.000030,331,669,29,302,454,52,163
4661,0.000030,312,688,25,287,463,60,165
4662,0.000030,315,685,22,293,464,70,151
4663,0.000030,319,681,28,291,487,50,144
4664,0.000030,332,668,21,311,439,64,165
4665,0.000030,314,686,27,287,463,64,159
4666,0.000030,306,694,18,288,453,69,172
4667,0.000030,307,693,31,276,457,62,174
4668,0.000030,319,681,36,283,464,64,153
4669,0.000030,296,704,20,276,499,63,142
4670,0.000030,302,698,24,278,478,67,153
4671,0.000030,329,671,34,295,451,53,167
4672,0.000030,308,692,29,279,455,80,157
4673,0.000030,328,672,35,293,453,73,146
4674,0.000030,326,674,28,298,433,74,167
4675,0.000030,330,670,34,296,467,68,135
4676,0.000030,311,689,33,278,477,62,150
4677,0.000030,317,683,25,292,439,75,169
4678,0.000030,306,694,38,268,442,75,177
4679,0.000030,293,707,29,264,476,67,164
4680,0.000030,315,685,38,277,453,68,164
4681,0.000030,342,658,30,312,437,64,157
4682,0.000030,317,683,28,289,451,74,158
4683,0.000030,329,671,39,290,422,69,180
4684,0.000030,328,672,35,293,436,68,168
4685,0.000030,278,722,18,260,490,71,161
4686,0.000030,318,682,23,295,467,66,149
4687,0.000030,295,705,26,269,475,55,175
4688,0.000030,314,686,33,281,461,64,161
4689,0.000030,313,687,28,285,471,71,145
4690,0.000030,326,674,33,293,432,60,182
4691,0.000030,331,669,29,302,463,58,148
4692,0.000030,321,679,30,291,442,60,177
4693,0.000030,313,687,30,283,467,66,154
4694,0.000030,314,686,35,279,464,62,160
4695,0.000030,324,676,37,287,433,70,173
4696,0.000030,298,702,29,269,448,78,176
4697,0.000030,324,676,31,293,448,63,165
4698,0.000030,316,684,34,282,449,63,172
4699,0.000030,329,671,23,306,454,66,151
4700,0.000030,299,701,30,269,446,80,175
4701,0.000030,299,701,34,265,464,64,173
4702,0.000030,293,707,32,261,472,75,160
4703,0.000030,323,677,36,287,462,76,139
4704,0.000030,317,683,38,279,459,77,147
4705,0.000028,313,687,39,274,453,70,164
4706,0.000028,295,705,35,260,470,77,158
4707,0.000028,333,667,24,309,441,68,158
4708,0.000028,306,694,31,275,464,65,165
4709,0.000028,298,702,22,276,494,59,149
4710,0.000028,314,686,31,283,447,75,164
4711,0.000028,303,697,34,269,464,70,163
4712,0.000028,306,694,28,278,453,75,166
4713,0.000028,321,679,43,278,461,64,154
4714,0.000028,328,672,27,301,440,70,162
4715,0.000028,321,679,29,292,472,68,139
4716,0.000028,334,666,39,295,451,71,144
4717,0.000028,297,703,31,266,477,57,169
4718,0.000028,286,714,23,263,462,80,172
4719,0.000028,311,689,38,273,450,86,153
4720,0.000028,295,705,28,267,457,77,171
4721,0.000028,322,678,41,281,436,78,164
4722,0.000028,338,662,38,300,462,55,145
4723,0.000028,312,688,35,277,452,83,153
4724,0.000028,306,694,30,276,441,72,181
4725,0.000028,321,679,27,294,447,65,167
4726,0.000028,314,686,30,284,448,79,159
4727,0.000028,316,684,38,278,454,57,173
4728,0.000028,288,712,30,258,482,60,170
4729,0.000026,309,691,31,278,469,74,148
4730,0.000026,305,695,27,278,457,89,149
4731,0.000026,317,683,31,286,455,74,154
4732,0.000026,287,713,24,263,475,69,169
4733,0.000026,291,709,24,267,463,96,150
4734,0.000026,291,709,38,253,475,72,162
4735,0.000026,307,693,26,281,462,69,162
4736,0.000026,311,689,37,274,456,78,155
4737,0.000026,305,695,25,280,462,76,157
4738,0.000026,296,704,33,263,482,68,154
4739,0.000026,316,684,33,283,434,85,165
4740,0.000026,313,687,35,278,445,86,156
4741,0.000026,326,674,36,290,464,68,142
4742,0.000026,309,691,38,271,454,73,164
4743,0.000026,321,679,41,280,457,71,151
4744,0.000026,289,711,25,264,500,63,148
4745,0.000026,304,696,32,272,453,78,165
4746,0.000026,314,686,36,278,448,83,155
4747,0.000026,316,684,40,276,458,67,159
4748,0.000026,318,682,29,289,444,82,156
4749,0.000026,301,699,31,270,473,68,158
4750,0.000026,277,723,32,245,506,70,147
4751,0.000026,315,685,39,276,460,86,139
4752,0.000026,333,667,26,307,433,79,155
4753,0.000026,300,700,29,271,476,72,152
4754,0.000026,310,690,31,279,464,73,153
4755,0.000026,306,694,32,274,463,80,151
4756,0.000026,309,691,35,274,456,79,156
4757,0.000026,286,714,28,258,474,73,167
4758,0.000026,316,684,22,294,463,82,139
4759,0.000026,300,700,33,267,435,83,182
4760,0.000026,326,674,44,282,435,80,159
4761,0.000026,316,684,35,281,441,81,162
4762,0.000026,322,678,38,284,456,76,146
4763,0.000026,339,661,34,305,430,82,149
4764,0.000026,326,674,40,286,458,68,148
4765,0.000026,313,687,24,289,462,67,158
4766,0.000026,311,689,35,276,479,75,135
4767,0.000026,306,694,32,274,453,83,158
4768,0.000026,291,709,31,260,464,80,165
4769,0.000026,316,684,37,279,451,89,144
4770,0.000026,314,686,39,275,453,74,159
4771,0.000026,297,703,34,263,480,69,154
4772,0.000026,319,681,31,288,467,80,134
4773,0.000026,320,680,38,282,462,70,148
4774,0.000026,315,685,38,277,458,72,155
4775,0.000026,328,672,42,286,445,72,155
4776,0.000026,303,697,33,270,471,63,163
4777,0.000026,313,687,30,283,465,68,154
4778,0.000026,310,690,30,280,464,78,148
4779,0.000026,324,676,34,290,456,69,151
4780,0.000026,310,690,31,279,443,85,162
4781,0.000026,312,688,29,283,458,59,171
4782,0.000026,313,687,27,286,442,84,161
4783,0.000026,283,717,27,256,458,75,184
4784,0.000026,314,686,36,278,460,70,156
4785,0.000026,307,693,34,273,442,86,165
4786,0.000026,300,700,30,270,453,88,159
4787,0.000026,338,662,31,307,430,85,147
4788,0.000026,304,696,32,272,444,83,169
4789,0.000026,296,704,25,271,470,80,154
4790,0.000026,287,713,35,252,486,82,145
4791,0.000026,297,703,43,254,471,80,152
4792,0.000026,326,674,26,300,435,67,172
4793,0.000026,312,688,28,284,464,60,164
4794,0.000026,324,676,29,295,457,70,149
4795,0.000026,328,672,31,297,449,74,149
4796,0.000026,312,688,40,272,473,70,145
4797,0.000026,305,695,29,276,477,59,159
4798,0.000026,332,668,35,297,446,75,147
4799,0.000026,307,693,34,273,459,81,153
4800,0.000026,314,686,35,279,440,75,171
4801,0.000026,289,711,21,268,490,62,159
4802,0.000026,323,677,26,297,451,69,157
4803,0.000026,335,665,30,305,450,63,152
4804,0.000026,315,685,26,289,464,77,144
4805,0.000026,331,669,33,298,451,75,143
4806,0.000026,307,693,36,271,485,67,141
4807,0.000026,327,673,36,291,438,75,160
4808,0.000026,309,691,41,268,470,64,157
4809,0.000026,283,717,21,262,478,74,165
4810,0.000026,299,701,36,263,465,89,147
4811,0.000026,298,702,30,268,467,80,155
4812,0.000026,318,682,37,281,462,68,152
4813,0.000026,318,682,37,281,467,68,147
4814,0.000026,302,698,33,269,470,73,155
4815,0.000023,284,716,32,252,497,68,151
4816,0.000023,324,676,46,278,428,86,162
4817,0.000023,308,692,30,278,463,72,157
4818,0.000023,318,682,32,286,487,73,122
4819,0.000023,336,664,41,295,460,72,132
4820,0.000023,321,679,29,292,467,76,136
4821,0.000023,304,696,28,276,461,75,160
4822,0.000023,331,669,37,294,424,89,156
4823,0.000023,327,673,41,286,480,78,115
4824,0.000023,309,691,29,280,472,75,144
4825,0.000023,304,696,30,274,465,101,130
4826,0.000023,308,692,29,279,439,86,167
4827,0.000023,330,670,29,301,456,75,139
4828,0.000023,294,706,32,262,495,76,135
4829,0.000023,303,697,34,269,488,79,130
4830,0.000023,333,667,27,306,448,69,150
4831,0.000023,312,688,31,281,462,87,139
4832,0.000023,319,681,38,281,452,74,155
4833,0.000023,299,701,32,267,467,88,146
4834,0.000023,310,690,43,267,462,98,130
4835,0.000023,309,691,40,269,467,75,149
4836,0.000023,301,699,29,272,488,79,132
4837,0.000023,335,665,33,302,453,60,152
4838,0.000023,323,677,39,284,438,71,168
4839,0.000023,299,701,30,269,468,82,151
4840,0.000023,308,692,41,267,475,85,132
4841,0.000023,291,709,26,265,473,97,139
4842,0.000023,320,680,28,292,442,83,155
4843,0.000023,321,679,40,281,457,87,135
4844,0.000023,325,675,29,296,451,77,147
4845,0.000023,334,666,37,297,437,76,153
4846,0.000023,323,677,36,287,442,75,160
4847,0.000023,296,704,36,260,480,77,147
4848,0.000023,307,693,33,274,476,66,151
4849,0.000023,315,685,35,280,476,77,132
4850,0.000023,324,676,42,282,449,79,148
4851,0.000023,307,693,29,278,476,74,143
4852,0.000023,313,687,33,280,470,70,147
4853,0.000023,339,661,36,303,450,81,130
4854,0.000023,307,693,36,271,467,72,154
4855,0.000023,308,692,33,275,466,89,137
4856,0.000023,296,704,27,269,456,79,169
4857,0.000023,295,705,42,253,463,85,157
4858,0.000023,310,690,35,275,473,69,148
4859,0.000023,321,679,44,277,467,65,147
4860,0.000023,310,690,33,277,455,80,155
4861,0.000023,337,663,29,308,449,84,130
4862,0.000023,333,667,25,308,443,92,132
4863,0.000023,318,682,30,288,456,77,149
4864,0.000023,301,699,31,270,484,61,154
4865,0.000023,327,673,28,299,449,79,145
4866,0.000023,326,674,36,290,453,79,142
4867,0.000023,310,690,33,277,445,92,153
4868,0.000023,308,692,25,283,450,95,147
4869,0.000023,334,666,30,304,448,79,139
4870,0.000023,316,684,35,281,466,82,136
4871,0.000023,312,688,33,279,468,70,150
4872,0.000023,317,683,28,289,456,78,149
4873,0.000023,331,669,42,289,427,80,162
4874,0.000023,298,702,40,258,468,86,148
4875,0.000023,328,672,42,286,472,69,131
4876,0.000023,335,665,38,297,446,75,144
4877,0.000023,302,698,43,259,465,82,151
4878,0.000023,334,666,30,304,446,75,145
4879,0.000023,326,674,31,295,446,82,146
4880,0.000023,306,694,26,280,460,94,140
4881,0.000023,320,680,39,281,449,82,149
4882,0.000023,316,684,35,281,462,79,143
4883,0.000023,287,713,32,255,467,86,160
4884,0.000023,321,679,38,283,432,76,171
4885,0.000022,330,670,31,299,453,80,137
4886,0.000022,317,683,31,286,442,77,164
4887,0.000022,321,679,35,286,455,80,144
4888,0.000022,303,697,28,275,451,95,151
4889,0.000022,281,719,31,250,498,79,142
4890,0.000022,312,688,39,273,480,77,131
4891,0.000022,315,685,35,280,461,73,151
4892,0.000022,319,681,38,281,463,70,148
4893,0.000022,325,675,30,295,460,77,138
4894,0.000022,336,664,33,303,438,80,146
4895,0.000022,297,703,31,266,458,84,161
4896,0.000022,330,670,48,282,464,57,149
4897,0.000022,332,668,37,295,458,78,132
4898,0.000022,326,674,34,292,456,73,145
4899,0.000022,296,704,32,264,457,91,156
4900,0.000022,314,686,32,282,456,87,143
4901,0.000022,294,706,35,259,485,72,149
4902,0.000022,354,646,41,313,419,90,137
4903,0.000022,303,697,33,270,483,80,134
4904,0.000022,313,687,35,278,447,103,137
4905,0.000022,306,694,31,275,473,85,136
4906,0.000022,308,692,33,275,471,86,135
4907,0.000022,348,652,40,308,436,75,141
4908,0.000022,328,672,37,291,460,77,135
4909,0.000022,304,696,28,276,453,95,148
4910,0.000022,305,695,26,279,438,103,154
4911,0.000022,348,652,30,318,461,62,129
4912,0.000022,310,690,24,286,451,76,163
4913,0.000022,310,690,33,277,452,93,145
4914,0.000022,294,706,26,268,471,99,136
4915,0.000022,318,682,31,287,458,89,135
4916,0.000022,317,683,37,280,465,95,123
4917,0.000022,280,720,23,257,484,90,146
4918,0.000022,319,681,28,291,438,69,174
4919,0.000022,333,667,48,285,447,62,158
4920,0.000022,320,680,32,288,451,76,153
4921,0.000022,331,669,35,296,460,71,138
4922,0.000022,316,684,37,279,462,72,150
4923,0.000022,288,712,39,249,462,79,171
4924,0.000022,309,691,30,279,463,82,146
4925,0.000022,303,697,40,263,495,67,135
4926,0.000022,344,656,30,314,445,75,136
4927,0.000022,321,679,34,287,468,69,142
4928,0.000021,351,649,44,307,416,72,161
4929,0.000021,310,690,37,273,481,65,144
4930,0.000021,327,673,33,294,455,69,149
4931,0.000021,320,680,33,287,448,79,153
4932,0.000021,336,664,32,304,449,79,136
4933,0.000021,312,688,34,278,438,90,160
4934,0.000021,324,676,42,282,432,81,163
4935,0.000021,327,673,31,296,444,70,159
4936,0.000021,318,682,35,283,476,67,139
4937,0.000021,298,702,47,251,479,80,143
4938,0.000021,307,693,34,273,463,68,162
4939,0.000021,300,700,32,268,457,75,168
4940,0.000021,316,684,41,275,468,73,143
4941,0.000021,321,679,37,284,468,83,128
4942,0.000021,322,678,38,284,438,88,152
4943,0.000021,315,685,38,277,438,91,156
4944,0.000021,278,722,29,249,483,84,155
4945,0.000021,334,666,42,292,455,60,151
4946,0.000021,327,673,50,277,444,76,153
4947,0.000021,315,685,33,282,449,78,158
4948,0.000021,309,691,41,268,454,76,161
4949,0.000021,354,646,32,322,420,79,147
4950,0.000021,339,661,39,300,451,80,130
4951,0.000021,301,699,27,274,481,82,136
4952,0.000021,321,679,38,283,471,59,149
4953,0.000021,318,682,32,286,470,84,128
4954,0.000021,336,664,33,303,436,72,156
4955,0.000021,307,693,37,270,472,77,144
4956,0.000021,308,692,42,266,482,89,121
4957,0.000021,312,688,27,285,466,68,154
4958,0.000021,319,681,36,283,452,72,157
4959,0.000021,306,694,41,265,460,77,157
4960,0.000021,309,691,34,275,459,94,138
4961,0.000021,288,712,36,252,461,92,159
4962,0.000021,314,686,30,284,452,88,146
4963,0.000021,312,688,39,273,459,72,157
4964,0.000021,320,680,35,285,438,91,151
4965,0.000021,313,687,40,273,465,61,161
4966,0.000021,328,672,39,289,453,72,147
4967,0.000021,343,657,29,314,418,89,150
4968,0.000021,323,677,39,284,455,63,159
4969,0.000021,310,690,33,277,452,84,154
4970,0.000021,311,689,28,283,458,86,145
4971,0.000021,311,689,30,281,461,80,148
4972,0.000021,318,682,37,281,441,67,174
4973,0.000021,323,677,33,290,443,83,151
4974,0.000021,303,697,29,274,458,84,155
4975,0.000021,290,710,32,258,470,74,166
4976,0.000021,326,674,30,296,470,69,135
4977,0.000021,315,685,39,276,467,75,143
4978,0.000021,307,693,29,278,466,83,144
4979,0.000021,311,689,33,278,468,71,150
4980,0.000021,321,679,34,287,440,74,165
4981,0.000021,317,683,38,279,460,80,143
4982,0.000021,320,680,38,282,450,82,148
4983,0.000021,332,668,28,304,425,95,148
4984,0.000021,327,673,30,297,446,74,153
4985,0.000021,362,638,45,317,421,80,137
4986,0.000021,327,673,35,292,450,68,155
4987,0.000021,297,703,46,251,490,76,137
4988,0.000021,317,683,33,284,440,81,162
4989,0.000021,327,673,34,293,424,88,161
4990,0.000021,316,684,23,293,464,71,149
4991,0.000021,301,699,31,270,487,59,153
4992,0.000018,289,711,25,264,490,80,141
4993,0.000018,299,701,27,272,449,91,161
4994,0.000018,311,689,27,284,472,68,149
4995,0.000018,287,713,45,242,490,70,153
4996,0.000018,300,700,31,269,472,71,157
4997,0.000018,308,692,25,283,447,73,172
4998,0.000018,313,687,47,266,439,81,167
4999,0.000018,325,675,31,294,468,66,141
